date,tmax_c,tmin_c,tmean_c,dewpoint_c,rh_mean_pct,wind_2m_ms,wind_10m_ms,solar_mj,rainfall_mm,wetness_top,wetness_root,wetness_prof
1995-01-01,22.87,16.86,19.88,14.63,72.32,5.74,7.01,10.3,0.0,0.08,0.15,0.15
1995-01-02,22.25,17.65,19.67,12.29,63.1,5.17,6.26,13.41,0.0,0.08,0.15,0.15
1995-01-03,23.68,16.2,20.22,10.94,56.89,1.23,1.47,13.33,0.0,0.08,0.15,0.15
1995-01-04,25.35,17.48,20.87,12.19,59.24,2.3,2.74,13.33,0.0,0.08,0.15,0.15
1995-01-05,24.65,17.81,20.9,15.28,72.42,1.97,2.44,12.73,0.0,0.08,0.15,0.15
1995-01-06,23.47,17.99,20.42,15.17,73.1,3.12,3.78,12.6,0.06,0.09,0.15,0.15
1995-01-07,24.16,17.0,20.0,12.72,65.58,1.73,2.11,13.37,0.0,0.09,0.15,0.15
1995-01-08,24.77,18.93,21.2,12.67,59.48,1.39,1.66,12.71,0.0,0.09,0.15,0.15
1995-01-09,22.98,18.41,20.29,14.63,70.98,3.33,3.99,11.19,0.11,0.09,0.15,0.15
1995-01-10,23.74,17.69,20.53,13.21,64.47,1.7,2.11,13.27,0.03,0.09,0.15,0.15
1995-01-11,25.56,17.13,21.13,12.79,61.67,1.31,1.65,13.76,0.0,0.09,0.15,0.15
1995-01-12,25.84,17.89,21.49,12.26,58.07,2.24,2.82,13.89,0.0,0.09,0.15,0.15
1995-01-13,24.84,18.62,21.24,11.65,55.58,2.83,3.48,14.18,3.55,0.18,0.16,0.15
1995-01-14,25.07,18.92,21.71,14.71,66.06,2.17,2.65,13.55,0.0,0.15,0.15,0.15
1995-01-15,26.21,18.25,21.96,12.36,58.52,2.77,3.44,14.53,0.17,0.14,0.15,0.15
1995-01-16,25.91,17.63,21.31,12.99,62.85,2.27,2.87,14.25,0.0,0.13,0.15,0.15
1995-01-17,25.25,18.02,21.35,12.65,58.88,2.41,3.0,13.59,0.0,0.12,0.15,0.15
1995-01-18,26.59,18.56,22.05,14.66,65.71,2.55,3.22,13.9,0.0,0.12,0.15,0.15
1995-01-19,24.84,19.01,21.46,16.33,74.03,2.93,3.49,14.24,0.0,0.12,0.15,0.15
1995-01-20,24.31,19.49,21.24,17.02,77.59,5.35,6.49,13.73,0.0,0.12,0.15,0.15
1995-01-21,24.01,18.67,20.91,14.0,65.75,4.49,5.5,15.04,0.0,0.12,0.15,0.15
1995-01-22,23.67,17.9,20.2,14.69,71.72,4.38,5.33,14.32,0.0,0.11,0.15,0.15
1995-01-23,22.91,17.87,20.01,13.5,66.85,5.43,6.58,12.9,0.0,0.11,0.15,0.15
1995-01-24,22.74,17.34,19.69,11.97,61.7,4.79,5.83,14.71,0.0,0.11,0.15,0.15
1995-01-25,23.56,17.82,20.16,14.55,71.11,4.2,5.07,15.1,0.0,0.11,0.15,0.15
1995-01-26,21.13,18.02,19.17,13.97,72.36,6.09,7.26,10.37,0.0,0.11,0.15,0.15
1995-01-27,21.69,16.41,18.77,13.37,71.57,4.29,5.19,13.51,0.0,0.11,0.15,0.15
1995-01-28,23.33,16.26,19.54,12.31,64.4,2.23,2.77,16.41,0.0,0.11,0.15,0.15
1995-01-29,24.86,17.59,20.33,10.87,57.34,1.84,2.22,16.56,0.0,0.11,0.15,0.15
1995-01-30,24.25,17.39,20.0,10.45,56.83,1.96,2.33,12.32,0.0,0.11,0.15,0.15
1995-01-31,25.0,17.87,20.8,11.97,59.25,1.75,2.12,17.17,0.0,0.1,0.15,0.15
1995-02-01,25.49,18.42,21.06,13.28,63.69,2.92,3.5,16.05,0.0,0.1,0.15,0.15
1995-02-02,25.26,18.64,21.15,15.8,74.22,3.1,3.77,15.01,0.0,0.1,0.15,0.15
1995-02-03,26.08,17.62,21.32,15.82,74.17,2.41,2.87,14.85,0.0,0.1,0.15,0.15
1995-02-04,28.12,19.33,23.11,14.19,61.08,1.87,2.34,15.72,0.0,0.1,0.15,0.15
1995-02-05,29.63,19.88,24.36,16.97,66.97,4.5,5.5,13.91,0.02,0.1,0.15,0.15
1995-02-06,29.48,21.78,24.89,16.3,63.05,4.29,5.35,12.0,0.0,0.1,0.15,0.15
1995-02-07,29.64,20.96,24.4,15.33,60.86,3.83,4.75,10.94,0.0,0.1,0.15,0.15
1995-02-08,29.76,20.88,24.19,16.07,65.33,3.54,4.34,9.8,0.03,0.1,0.15,0.15
1995-02-09,25.04,19.53,22.14,17.25,74.38,3.66,4.37,5.83,2.18,0.14,0.15,0.15
1995-02-10,21.6,17.83,20.01,7.99,47.14,7.01,8.38,16.94,0.0,0.16,0.16,0.16
1995-02-11,21.98,16.91,19.23,10.86,59.38,5.07,6.09,17.22,0.0,0.14,0.15,0.16
1995-02-12,21.96,16.2,18.74,11.04,61.98,3.0,3.66,17.08,0.0,0.13,0.15,0.16
1995-02-13,23.1,16.42,19.28,10.91,60.46,2.46,2.99,17.75,0.0,0.12,0.15,0.15
1995-02-14,24.87,17.06,20.53,10.0,53.42,1.82,2.28,17.65,0.0,0.12,0.15,0.15
1995-02-15,26.23,17.2,21.33,10.66,52.93,3.33,4.08,15.02,0.0,0.11,0.15,0.15
1995-02-16,25.78,18.41,21.24,11.92,58.87,2.53,3.07,17.8,0.0,0.11,0.15,0.15
1995-02-17,25.29,18.3,21.25,13.21,64.41,4.07,5.0,17.73,0.0,0.11,0.15,0.15
1995-02-18,25.68,18.55,21.32,13.95,65.2,2.65,3.08,9.92,0.04,0.11,0.15,0.15
1995-02-19,24.52,19.66,21.73,14.67,64.85,2.77,3.24,15.68,0.22,0.11,0.15,0.15
1995-02-20,20.19,17.6,18.52,14.62,78.21,5.51,6.48,6.65,11.08,0.25,0.17,0.16
1995-02-21,23.17,16.99,19.9,11.68,60.37,3.1,3.77,19.02,0.02,0.23,0.18,0.17
1995-02-22,25.68,17.14,21.41,10.92,52.44,1.15,1.34,18.54,0.0,0.19,0.17,0.17
1995-02-23,27.53,18.24,22.86,12.61,54.86,1.74,2.14,15.72,2.88,0.19,0.17,0.17
1995-02-24,22.28,17.15,19.64,13.09,67.33,6.77,8.02,17.04,6.39,0.29,0.19,0.19
1995-02-25,22.15,17.61,19.31,13.58,69.98,5.38,6.38,14.86,0.0,0.22,0.19,0.19
1995-02-26,23.29,16.84,19.83,11.23,59.23,1.34,1.64,16.34,0.0,0.2,0.19,0.19
1995-02-27,25.18,18.59,20.89,14.24,67.57,1.95,2.3,17.46,0.1,0.18,0.18,0.19
1995-02-28,23.84,18.08,20.53,14.24,68.75,2.96,3.54,17.65,0.38,0.19,0.18,0.19
1995-03-01,24.3,18.61,20.91,11.43,56.14,1.41,1.68,17.86,0.13,0.18,0.18,0.19
1995-03-02,24.8,17.15,20.75,12.85,62.41,4.3,5.22,17.34,0.1,0.18,0.18,0.18
1995-03-03,22.53,18.37,19.97,13.72,68.91,4.92,5.85,10.28,0.23,0.18,0.18,0.18
1995-03-04,24.97,17.82,21.21,11.07,55.15,3.31,4.05,19.39,0.16,0.18,0.18,0.18
1995-03-05,25.61,17.51,21.13,11.69,57.5,2.46,2.95,19.77,0.0,0.17,0.18,0.18
1995-03-06,25.03,18.36,21.44,14.68,68.06,2.17,2.63,18.5,0.17,0.16,0.18,0.18
1995-03-07,26.56,17.56,22.05,12.5,58.07,1.6,1.92,17.55,0.01,0.16,0.18,0.18
1995-03-08,26.03,18.9,22.16,11.34,52.77,1.55,1.83,19.11,0.01,0.15,0.18,0.18
1995-03-09,26.28,18.93,22.19,14.18,64.86,2.08,2.44,19.44,0.01,0.14,0.18,0.18
1995-03-10,27.15,16.9,22.03,12.02,59.97,1.71,2.04,20.31,0.0,0.13,0.18,0.18
1995-03-11,27.99,19.35,23.49,14.46,59.96,2.96,3.62,19.22,1.2,0.13,0.18,0.18
1995-03-12,22.84,19.7,21.29,17.35,78.52,5.62,6.65,4.41,12.61,0.33,0.2,0.2
1995-03-13,22.76,19.2,20.57,16.31,77.06,5.48,6.45,5.64,11.04,0.32,0.21,0.21
1995-03-14,20.74,18.07,19.45,14.91,75.36,5.49,6.47,5.98,6.68,0.35,0.23,0.23
1995-03-15,22.5,18.42,20.26,15.53,74.64,5.42,6.42,19.3,2.81,0.32,0.24,0.24
1995-03-16,24.72,17.45,20.72,13.23,63.9,2.48,2.97,20.75,0.0,0.27,0.23,0.24
1995-03-17,27.9,18.62,22.64,12.53,56.35,2.55,3.14,15.03,0.0,0.24,0.23,0.23
1995-03-18,28.61,19.75,23.7,13.65,55.29,2.62,3.25,15.1,0.0,0.23,0.22,0.23
1995-03-19,28.42,21.46,24.47,18.01,68.2,2.31,2.84,17.69,0.04,0.23,0.22,0.23
1995-03-20,28.17,22.21,24.75,19.23,72.18,3.66,4.44,7.02,0.53,0.24,0.22,0.23
1995-03-21,28.2,21.77,24.46,18.28,69.5,3.29,3.95,10.08,0.04,0.24,0.22,0.23
1995-03-22,27.16,21.42,24.09,18.74,73.22,2.76,3.32,12.85,5.09,0.28,0.22,0.23
1995-03-23,25.0,20.42,22.72,17.99,75.38,3.4,3.97,16.79,0.61,0.29,0.23,0.24
1995-03-24,24.89,19.36,21.85,16.45,73.28,3.82,4.54,19.75,0.0,0.26,0.23,0.23
1995-03-25,27.32,18.73,22.61,16.83,72.2,2.52,3.02,21.82,0.0,0.24,0.22,0.23
1995-03-26,28.02,19.54,23.53,16.78,68.79,4.09,4.93,22.39,0.0,0.23,0.22,0.23
1995-03-27,26.38,20.3,23.03,15.36,64.8,6.66,7.99,13.77,0.0,0.23,0.22,0.23
1995-03-28,23.47,18.59,20.79,12.28,58.85,5.98,7.1,21.71,0.0,0.22,0.22,0.23
1995-03-29,23.76,17.53,20.66,13.21,63.55,4.5,5.42,22.04,0.0,0.22,0.22,0.22
1995-03-30,24.73,18.12,21.3,13.26,61.31,5.55,6.68,23.31,0.0,0.21,0.21,0.22
1995-03-31,25.24,18.5,21.66,13.76,62.56,3.78,4.6,22.2,0.0,0.21,0.21,0.22
1995-04-01,29.62,17.81,23.06,12.86,59.23,1.26,1.56,22.99,0.0,0.21,0.21,0.22
1995-04-02,30.52,19.06,24.1,12.2,52.19,1.66,2.0,22.36,0.0,0.2,0.21,0.22
1995-04-03,31.66,20.9,25.54,13.11,50.41,2.49,3.25,22.87,0.0,0.19,0.21,0.22
1995-04-04,30.19,21.78,25.4,10.8,42.53,2.56,3.28,20.93,0.0,0.19,0.2,0.21
1995-04-05,29.09,21.58,24.91,11.93,49.25,2.61,3.14,20.43,0.0,0.19,0.2,0.21
1995-04-06,27.51,20.57,23.77,18.18,73.87,4.78,5.76,19.48,0.01,0.19,0.2,0.21
1995-04-07,25.5,19.91,22.3,14.36,62.17,5.77,6.84,21.3,0.0,0.18,0.2,0.21
1995-04-08,25.14,18.86,21.9,12.88,58.05,4.73,5.68,22.82,0.0,0.18,0.2,0.21
1995-04-09,26.9,19.5,22.98,14.99,62.69,3.74,4.53,24.16,0.0,0.17,0.2,0.21
1995-04-10,31.14,19.42,24.59,13.93,57.16,1.26,1.57,24.02,0.0,0.17,0.2,0.21
1995-04-11,33.45,20.46,27.16,13.31,46.76,2.28,2.93,24.17,0.0,0.15,0.2,0.2
1995-04-12,31.86,23.47,27.07,14.32,48.02,2.9,3.52,19.44,0.0,0.15,0.19,0.2
1995-04-13,31.67,23.29,27.24,14.46,49.66,2.74,3.24,24.61,0.0,0.15,0.19,0.2
1995-04-14,31.18,22.26,26.34,17.65,63.77,3.58,4.32,19.71,0.0,0.14,0.19,0.2
1995-04-15,30.14,22.92,26.24,19.81,71.0,4.52,5.42,13.59,0.0,0.14,0.19,0.2
1995-04-16,29.99,22.85,25.9,17.25,62.9,6.41,7.7,24.11,0.0,0.14,0.19,0.2
1995-04-17,28.28,21.36,24.45,15.28,59.87,6.64,7.99,25.25,0.0,0.14,0.19,0.2
1995-04-18,30.47,19.63,25.45,13.26,52.6,3.01,3.66,22.74,0.0,0.13,0.19,0.2
1995-04-19,35.24,24.22,29.21,12.36,38.53,2.54,3.35,21.67,0.0,0.13,0.19,0.2
1995-04-20,34.29,24.2,28.94,16.32,50.23,2.81,3.55,21.29,0.05,0.12,0.19,0.19
1995-04-21,33.51,26.09,29.44,15.99,45.97,2.26,2.95,22.56,0.0,0.13,0.19,0.19
1995-04-22,31.39,27.04,29.48,13.82,39.89,2.11,2.88,17.64,0.01,0.13,0.19,0.19
1995-04-23,33.16,26.78,29.79,14.44,40.5,2.37,3.25,9.65,0.16,0.13,0.19,0.19
1995-04-24,32.28,24.24,26.93,18.92,63.82,4.47,5.4,15.62,7.68,0.24,0.2,0.2
1995-04-25,27.19,22.54,24.67,16.74,62.94,4.3,5.11,22.78,0.0,0.24,0.2,0.2
1995-04-26,29.41,21.88,25.24,14.14,53.69,3.37,4.05,24.72,0.0,0.2,0.2,0.2
1995-04-27,30.19,22.48,25.81,15.23,55.11,2.09,2.47,15.41,0.0,0.18,0.2,0.2
1995-04-28,31.19,22.62,26.63,17.35,60.65,2.1,2.46,25.51,0.0,0.17,0.19,0.2
1995-04-29,32.08,23.16,27.31,16.92,57.3,1.79,2.16,22.74,0.0,0.16,0.19,0.2
1995-04-30,31.26,23.32,26.89,14.79,52.78,2.76,3.29,25.78,0.0,0.15,0.19,0.2
1995-05-01,32.12,21.49,26.69,15.88,57.43,2.26,2.65,25.98,0.0,0.14,0.19,0.2
1995-05-02,34.52,22.49,27.94,15.14,53.48,1.6,1.86,25.48,0.0,0.13,0.19,0.2
1995-05-03,35.32,23.68,29.08,15.09,49.71,1.66,1.99,25.31,0.0,0.12,0.19,0.19
1995-05-04,35.28,25.51,29.97,12.75,39.68,1.83,2.26,25.63,0.0,0.12,0.19,0.19
1995-05-05,35.28,25.13,30.0,13.98,43.69,2.04,2.49,25.53,0.0,0.12,0.18,0.19
1995-05-06,35.53,25.98,30.14,15.8,46.02,2.42,2.9,25.6,0.0,0.11,0.18,0.19
1995-05-07,34.26,24.84,29.36,20.03,61.17,3.41,4.07,25.5,0.0,0.11,0.18,0.19
1995-05-08,35.51,25.2,29.63,21.0,65.07,4.1,4.87,25.61,0.0,0.11,0.18,0.19
1995-05-09,33.98,24.76,28.74,19.2,61.99,6.51,7.79,26.02,0.0,0.11,0.18,0.19
1995-05-10,33.0,24.34,27.7,18.43,61.15,5.81,6.92,24.91,0.0,0.11,0.18,0.19
1995-05-11,31.96,23.05,27.24,17.72,61.56,5.54,6.58,25.61,0.0,0.11,0.18,0.19
1995-05-12,33.62,23.24,27.86,18.15,62.74,4.15,4.94,24.69,0.0,0.11,0.18,0.19
1995-05-13,34.71,24.31,28.89,18.7,60.91,4.66,5.62,25.35,0.0,0.11,0.18,0.18
1995-05-14,33.07,24.47,28.29,17.24,57.15,5.78,6.98,26.09,0.0,0.1,0.18,0.18
1995-05-15,31.97,24.04,27.83,18.0,59.72,6.93,8.34,26.09,0.0,0.1,0.18,0.18
1995-05-16,33.13,23.42,27.81,19.68,66.18,4.08,4.86,25.7,0.0,0.1,0.18,0.18
1995-05-17,37.54,23.48,29.67,17.96,58.93,2.26,2.77,24.66,0.0,0.1,0.18,0.18
1995-05-18,36.66,25.21,30.53,17.02,52.36,1.37,1.66,26.1,0.0,0.09,0.17,0.18
1995-05-19,37.86,26.76,32.54,11.94,32.72,1.26,1.61,26.63,0.0,0.09,0.17,0.18
1995-05-20,38.07,29.44,33.38,10.45,26.96,1.39,1.72,26.07,0.0,0.09,0.17,0.18
1995-05-21,37.01,27.48,32.29,13.47,37.39,2.28,2.87,25.93,0.0,0.08,0.17,0.18
1995-05-22,36.06,26.21,30.84,19.15,55.47,2.82,3.33,25.65,0.0,0.08,0.17,0.18
1995-05-23,39.11,26.24,33.04,16.86,45.83,1.57,2.0,25.84,0.0,0.08,0.17,0.18
1995-05-24,40.3,27.74,33.4,14.75,36.22,2.52,3.23,25.29,0.0,0.08,0.17,0.18
1995-05-25,37.99,30.11,33.68,15.56,36.83,3.75,4.68,23.71,0.0,0.08,0.17,0.18
1995-05-26,36.91,29.52,33.1,16.4,38.2,2.85,3.55,24.96,0.01,0.08,0.17,0.17
1995-05-27,37.89,28.99,33.28,15.87,37.77,2.18,2.78,25.07,0.0,0.08,0.17,0.17
1995-05-28,39.17,30.09,33.74,15.16,36.77,2.04,2.52,25.46,0.0,0.08,0.17,0.17
1995-05-29,38.08,30.08,33.55,16.72,40.4,2.03,2.4,24.22,0.0,0.08,0.17,0.17
1995-05-30,36.71,28.31,32.37,20.54,53.0,2.48,2.89,25.34,0.0,0.08,0.17,0.17
1995-05-31,35.94,27.78,31.9,22.16,60.72,3.38,4.0,25.52,0.11,0.08,0.17,0.17
1995-06-01,36.22,27.6,31.77,20.01,55.84,3.37,4.02,26.69,0.0,0.08,0.17,0.17
1995-06-02,38.1,28.57,32.8,15.67,39.36,2.11,2.52,27.07,0.05,0.08,0.17,0.17
1995-06-03,38.52,29.2,33.7,18.01,42.69,1.62,1.88,25.19,0.0,0.08,0.17,0.17
1995-06-04,37.58,30.37,33.87,18.1,42.91,2.88,3.38,25.36,0.0,0.08,0.17,0.17
1995-06-05,35.73,28.11,31.79,21.55,58.39,5.46,6.48,26.21,0.0,0.08,0.16,0.17
1995-06-06,35.72,27.89,31.74,21.3,58.38,4.72,5.56,27.06,0.0,0.08,0.16,0.17
1995-06-07,36.12,26.82,31.54,21.54,61.95,3.75,4.39,27.06,0.0,0.08,0.16,0.17
1995-06-08,39.34,27.16,32.51,21.54,61.19,2.17,2.59,26.59,0.0,0.08,0.16,0.17
1995-06-09,40.21,27.99,33.15,21.69,60.14,2.06,2.39,25.93,0.0,0.08,0.16,0.17
1995-06-10,40.33,28.91,34.13,19.45,49.99,2.01,2.37,26.99,0.0,0.08,0.16,0.17
1995-06-11,38.44,28.67,33.27,21.58,57.55,2.66,3.17,27.28,0.0,0.08,0.16,0.17
1995-06-12,38.23,28.43,32.77,23.92,65.06,4.14,4.88,27.37,0.0,0.08,0.16,0.17
1995-06-13,39.92,28.01,33.3,23.0,61.7,3.47,4.06,26.49,0.0,0.08,0.16,0.17
1995-06-14,39.02,27.95,32.99,23.31,62.37,3.15,3.68,25.74,0.0,0.08,0.16,0.16
1995-06-15,39.84,27.84,33.26,23.16,61.3,2.42,2.82,25.69,0.0,0.08,0.16,0.16
1995-06-16,39.76,28.54,33.42,22.03,58.7,2.8,3.25,26.24,0.0,0.07,0.16,0.16
1995-06-17,36.5,28.45,32.1,23.15,64.8,4.43,5.17,25.95,0.0,0.07,0.16,0.16
1995-06-18,37.54,27.36,32.11,21.9,62.58,3.94,4.6,26.52,0.0,0.07,0.16,0.16
1995-06-19,39.31,26.95,33.09,20.18,54.75,2.3,2.73,26.52,0.0,0.07,0.16,0.16
1995-06-20,43.56,30.65,36.64,18.97,40.63,1.66,2.03,26.46,0.0,0.07,0.16,0.16
1995-06-21,43.49,32.05,37.22,19.55,39.87,1.75,2.19,25.94,0.0,0.07,0.16,0.16
1995-06-22,41.79,32.41,37.26,18.65,38.12,1.74,2.03,25.63,0.0,0.06,0.16,0.16
1995-06-23,39.0,30.0,33.96,22.3,57.84,4.87,5.73,26.16,0.0,0.06,0.16,0.16
1995-06-24,37.59,27.91,32.56,18.75,48.01,2.94,3.42,27.1,0.0,0.06,0.16,0.16
1995-06-25,39.89,28.68,34.04,16.19,38.1,2.11,2.44,27.0,0.0,0.06,0.16,0.16
1995-06-26,38.84,28.99,33.61,17.12,42.49,2.01,2.33,26.21,0.0,0.06,0.16,0.16
1995-06-27,39.4,27.91,33.54,16.43,42.85,1.67,1.95,26.39,0.0,0.06,0.16,0.16
1995-06-28,40.76,29.23,34.78,19.04,46.55,1.77,2.06,26.09,0.0,0.06,0.16,0.16
1995-06-29,41.56,30.34,35.33,19.3,46.04,1.91,2.21,26.75,0.0,0.06,0.16,0.16
1995-06-30,39.42,29.83,34.14,23.14,59.05,3.07,3.57,27.18,0.0,0.06,0.15,0.16
1995-07-01,37.14,28.94,32.61,23.68,64.34,5.09,5.94,26.15,0.0,0.06,0.15,0.16
1995-07-02,37.2,28.67,32.42,22.75,60.51,4.82,5.6,26.12,0.0,0.06,0.15,0.16
1995-07-03,38.23,28.59,33.1,22.35,58.15,3.09,3.55,26.54,0.0,0.06,0.15,0.16
1995-07-04,39.53,29.48,34.39,18.06,43.16,1.89,2.21,27.63,0.0,0.06,0.15,0.16
1995-07-05,39.85,29.97,34.22,21.53,55.05,3.63,4.25,27.34,0.0,0.06,0.15,0.16
1995-07-06,37.99,29.12,33.1,25.23,67.28,4.47,5.22,26.13,0.0,0.06,0.15,0.16
1995-07-07,37.6,29.26,33.08,25.57,68.18,3.65,4.21,24.58,0.0,0.06,0.15,0.16
1995-07-08,39.75,29.39,34.07,24.8,63.55,2.8,3.24,23.65,0.0,0.07,0.15,0.16
1995-07-09,39.67,30.41,34.81,25.25,62.31,2.48,2.85,23.68,0.0,0.07,0.15,0.16
1995-07-10,39.6,30.54,34.45,24.78,62.56,3.34,3.83,24.96,0.0,0.07,0.15,0.16
1995-07-11,38.29,30.54,33.95,23.58,60.76,4.2,4.86,25.81,0.0,0.07,0.15,0.16
1995-07-12,39.75,30.06,34.6,24.76,60.7,2.0,2.3,22.9,0.0,0.07,0.15,0.15
1995-07-13,38.44,31.31,34.23,24.55,59.41,2.37,2.7,23.36,0.0,0.07,0.15,0.15
1995-07-14,38.32,30.32,33.25,24.32,62.72,3.43,3.9,24.17,0.0,0.07,0.15,0.15
1995-07-15,37.87,30.28,33.27,24.05,61.77,3.69,4.22,23.87,0.0,0.07,0.15,0.15
1995-07-16,38.08,29.27,33.18,24.1,63.21,3.83,4.38,24.64,0.0,0.07,0.15,0.15
1995-07-17,37.24,29.45,32.87,25.24,66.92,3.74,4.28,20.64,0.0,0.07,0.15,0.15
1995-07-18,36.5,30.18,32.78,25.18,67.15,3.91,4.46,22.46,0.0,0.07,0.15,0.15
1995-07-19,37.12,29.51,32.97,24.64,65.25,3.93,4.5,24.56,0.0,0.07,0.15,0.15
1995-07-20,38.53,30.29,33.84,24.39,59.71,1.62,1.84,22.35,0.04,0.07,0.15,0.15
1995-07-21,35.17,32.02,33.43,25.76,64.68,1.84,2.19,16.48,0.59,0.08,0.15,0.15
1995-07-22,33.65,28.29,31.34,25.87,73.07,4.33,5.04,15.45,2.68,0.14,0.15,0.15
1995-07-23,33.5,27.86,30.47,21.7,60.01,2.22,2.47,15.23,1.72,0.2,0.16,0.16
1995-07-24,34.63,29.57,32.25,23.73,61.7,1.59,1.81,16.34,0.38,0.18,0.16,0.16
1995-07-25,37.24,30.52,33.77,22.67,53.53,3.14,3.69,18.19,0.16,0.16,0.16,0.16
1995-07-26,36.58,30.98,33.54,23.82,57.52,1.58,1.8,24.61,0.04,0.14,0.16,0.16
1995-07-27,37.96,31.69,34.37,24.52,57.73,2.11,2.48,22.72,1.59,0.16,0.16,0.16
1995-07-28,38.09,32.03,35.21,22.43,48.65,2.33,2.76,24.59,0.0,0.16,0.16,0.16
1995-07-29,40.09,31.93,35.88,22.05,46.59,1.81,2.11,24.71,0.0,0.13,0.16,0.16
1995-07-30,40.35,32.03,35.73,21.23,45.67,2.45,2.92,24.35,0.0,0.11,0.16,0.16
1995-07-31,39.87,32.23,35.58,21.42,46.21,2.3,2.72,24.63,0.0,0.1,0.16,0.16
1995-08-01,40.36,31.7,36.01,21.82,46.85,2.39,2.84,24.57,0.0,0.09,0.16,0.16
1995-08-02,41.65,32.51,36.81,22.05,45.18,2.79,3.3,23.46,0.0,0.09,0.16,0.16
1995-08-03,41.14,32.5,36.5,21.74,45.44,2.72,3.18,23.54,0.0,0.08,0.16,0.16
1995-08-04,41.04,33.22,37.04,21.2,41.51,2.38,2.83,23.75,0.0,0.08,0.16,0.16
1995-08-05,41.6,34.84,37.71,20.8,39.14,3.72,4.6,22.41,0.0,0.08,0.16,0.16
1995-08-06,40.25,33.6,36.82,21.27,41.88,2.83,3.39,22.74,0.0,0.08,0.16,0.16
1995-08-07,40.24,31.74,35.7,22.03,47.77,3.59,4.21,23.35,0.0,0.08,0.15,0.16
1995-08-08,38.27,29.97,33.95,23.67,58.53,3.2,3.68,22.92,0.0,0.08,0.15,0.16
1995-08-09,42.56,30.9,36.32,21.97,47.54,3.92,4.77,23.01,0.0,0.08,0.15,0.16
1995-08-10,40.82,31.27,35.62,24.23,55.05,5.36,6.41,23.53,0.06,0.08,0.15,0.16
1995-08-11,40.04,30.22,35.22,23.33,54.21,3.52,4.12,22.96,0.0,0.08,0.15,0.16
1995-08-12,39.03,32.44,35.13,21.99,48.31,4.12,4.79,22.69,0.0,0.08,0.15,0.16
1995-08-13,38.52,30.81,34.4,23.8,57.64,5.21,6.12,22.79,0.0,0.08,0.15,0.16
1995-08-14,37.14,30.54,33.68,24.68,62.31,4.18,4.91,24.29,0.0,0.08,0.15,0.16
1995-08-15,42.65,30.78,36.73,16.27,34.6,1.96,2.47,23.48,0.0,0.08,0.15,0.16
1995-08-16,41.88,32.5,37.24,22.4,45.2,4.01,4.89,22.19,0.0,0.07,0.15,0.15
1995-08-17,40.85,33.37,36.66,21.37,43.18,3.57,4.24,21.85,0.01,0.07,0.15,0.15
1995-08-18,40.28,32.38,36.3,21.44,44.28,3.86,4.6,22.09,0.0,0.07,0.15,0.15
1995-08-19,38.97,32.49,35.38,22.54,48.54,3.56,4.15,21.55,0.01,0.07,0.15,0.15
1995-08-20,38.15,31.63,34.83,23.02,51.63,3.35,3.89,22.35,0.0,0.07,0.15,0.15
1995-08-21,38.22,29.98,34.0,23.27,57.2,2.69,3.07,22.3,0.0,0.07,0.15,0.15
1995-08-22,40.09,31.62,35.59,23.25,51.09,3.24,3.93,20.76,0.0,0.07,0.15,0.15
1995-08-23,38.84,31.01,34.78,24.28,56.57,4.03,4.74,22.36,0.45,0.08,0.15,0.15
1995-08-24,39.14,30.68,34.49,25.14,59.92,3.92,4.53,22.08,0.0,0.09,0.15,0.15
1995-08-25,38.81,31.99,35.14,24.39,54.93,1.97,2.24,21.24,0.0,0.09,0.15,0.15
1995-08-26,39.98,31.71,35.33,23.96,53.6,2.13,2.42,21.47,0.0,0.09,0.15,0.15
1995-08-27,40.09,32.11,35.46,24.02,53.72,2.61,3.07,22.32,0.0,0.08,0.15,0.15
1995-08-28,41.4,31.69,35.98,23.14,50.8,2.91,3.43,21.18,0.01,0.08,0.15,0.15
1995-08-29,40.7,31.38,35.55,23.0,52.03,1.92,2.24,22.44,0.0,0.08,0.15,0.15
1995-08-30,40.03,31.13,35.57,21.67,48.69,1.19,1.39,22.45,0.0,0.07,0.15,0.15
1995-08-31,41.68,31.8,36.34,20.36,43.07,1.44,1.77,22.46,0.0,0.07,0.15,0.15
1995-09-01,40.23,30.66,35.34,22.87,52.55,1.34,1.55,20.88,0.0,0.07,0.15,0.15
1995-09-02,40.5,31.04,35.79,16.98,37.38,4.97,5.95,22.43,0.0,0.07,0.15,0.15
1995-09-03,40.31,31.04,35.52,11.94,27.49,4.13,5.03,22.66,0.0,0.06,0.15,0.15
1995-09-04,39.7,29.94,34.86,12.04,27.74,2.8,3.44,22.76,0.0,0.06,0.15,0.15
1995-09-05,40.06,29.13,34.33,17.38,40.77,2.2,2.59,23.31,0.0,0.06,0.15,0.15
1995-09-06,38.6,30.78,34.03,21.23,50.98,2.51,2.87,23.49,0.0,0.06,0.15,0.15
1995-09-07,38.4,29.34,33.28,22.38,59.03,2.66,3.09,22.69,0.0,0.06,0.15,0.15
1995-09-08,37.74,28.63,32.8,23.2,60.78,2.32,2.63,20.57,0.0,0.06,0.15,0.15
1995-09-09,39.68,29.77,34.07,21.91,52.41,2.89,3.4,21.35,0.0,0.06,0.15,0.15
1995-09-10,38.87,28.67,33.17,21.43,53.73,4.24,4.95,21.51,0.0,0.06,0.15,0.15
1995-09-11,38.76,28.63,33.23,21.35,54.7,2.76,3.18,22.35,0.0,0.06,0.15,0.15
1995-09-12,37.11,28.62,32.66,21.29,53.55,3.07,3.57,21.19,0.0,0.06,0.15,0.15
1995-09-13,36.54,28.91,32.56,20.87,51.64,3.09,3.56,20.49,0.0,0.06,0.15,0.15
1995-09-14,34.67,29.99,32.02,21.55,55.56,3.81,4.44,20.86,0.0,0.06,0.15,0.15
1995-09-15,34.66,28.96,31.59,24.35,67.21,3.35,3.93,19.79,0.0,0.06,0.15,0.15
1995-09-16,36.57,28.39,32.3,23.04,61.65,2.17,2.55,19.08,0.0,0.06,0.15,0.15
1995-09-17,39.48,29.13,34.02,19.86,48.13,2.78,3.42,20.42,0.0,0.06,0.15,0.15
1995-09-18,39.22,28.68,33.67,21.22,52.26,3.62,4.29,19.27,0.0,0.06,0.15,0.15
1995-09-19,38.03,30.0,33.5,19.65,47.76,3.45,4.11,20.35,0.0,0.06,0.15,0.15
1995-09-20,38.39,29.35,33.44,16.91,40.52,2.74,3.28,20.44,0.0,0.06,0.15,0.15
1995-09-21,38.05,29.83,33.21,15.33,37.13,2.89,3.46,20.47,0.0,0.06,0.15,0.15
1995-09-22,36.12,27.79,31.7,22.36,60.82,4.34,5.15,19.43,0.0,0.06,0.15,0.15
1995-09-23,36.17,28.66,31.68,21.09,55.53,2.94,3.47,20.38,0.0,0.06,0.15,0.15
1995-09-24,35.72,28.48,31.35,19.59,51.43,2.83,3.3,21.03,0.0,0.06,0.15,0.15
1995-09-25,35.72,28.29,31.38,19.98,52.81,2.95,3.44,20.51,0.0,0.06,0.15,0.15
1995-09-26,36.08,28.8,31.84,21.06,55.67,2.92,3.41,20.41,0.0,0.06,0.15,0.15
1995-09-27,34.98,28.27,31.2,21.93,60.15,3.42,4.01,20.18,0.0,0.06,0.15,0.15
1995-09-28,35.91,28.08,31.46,20.21,54.51,3.41,4.07,19.44,0.0,0.06,0.15,0.15
1995-09-29,35.01,28.09,30.87,18.78,50.38,2.57,2.99,18.45,0.0,0.06,0.15,0.15
1995-09-30,34.59,27.7,30.64,19.46,53.06,2.55,2.96,18.53,0.0,0.06,0.15,0.15
1995-10-01,35.53,27.99,31.3,19.24,51.14,2.25,2.58,18.26,0.0,0.06,0.15,0.15
1995-10-02,35.71,27.84,31.6,18.65,49.41,2.45,2.86,18.89,0.0,0.06,0.15,0.15
1995-10-03,35.88,28.33,31.67,17.98,48.04,3.09,3.73,19.14,0.0,0.06,0.15,0.15
1995-10-04,35.97,28.5,31.78,18.24,49.5,2.88,3.46,19.12,0.0,0.06,0.15,0.15
1995-10-05,34.5,27.72,30.73,20.59,57.76,2.84,3.3,18.38,0.0,0.06,0.15,0.15
1995-10-06,35.34,27.18,30.67,20.85,58.51,2.88,3.31,18.02,0.0,0.06,0.15,0.15
1995-10-07,33.62,26.75,29.8,21.31,62.2,3.32,3.89,17.92,0.0,0.06,0.15,0.15
1995-10-08,33.58,26.14,29.56,18.81,55.62,2.16,2.52,16.88,0.05,0.07,0.15,0.15
1995-10-09,36.71,27.49,31.93,19.43,50.68,1.7,2.12,17.72,0.0,0.07,0.15,0.15
1995-10-10,36.98,28.01,32.23,18.27,47.42,2.02,2.42,17.65,0.0,0.06,0.15,0.15
1995-10-11,35.63,28.95,31.76,19.47,52.74,2.36,2.82,18.51,0.0,0.06,0.15,0.15
1995-10-12,35.97,27.45,31.08,18.45,52.69,2.35,2.73,18.05,0.0,0.06,0.15,0.15
1995-10-13,35.74,26.37,30.53,16.89,48.92,1.96,2.31,18.45,0.0,0.06,0.15,0.15
1995-10-14,34.29,26.88,30.22,20.49,58.81,2.4,2.77,18.07,0.0,0.06,0.15,0.15
1995-10-15,35.08,26.93,30.56,21.69,63.19,3.86,4.65,17.63,0.33,0.08,0.15,0.15
1995-10-16,33.72,27.98,30.46,18.26,49.83,3.56,4.32,18.55,0.0,0.08,0.15,0.15
1995-10-17,34.93,26.74,30.19,16.46,46.4,2.33,2.71,17.62,0.0,0.08,0.15,0.15
1995-10-18,35.32,25.06,30.15,18.6,53.75,1.94,2.37,17.7,0.0,0.07,0.15,0.15
1995-10-19,34.66,26.58,29.86,19.55,56.17,2.1,2.42,17.55,0.0,0.07,0.15,0.15
1995-10-20,33.93,25.56,29.26,20.22,61.53,2.57,2.98,16.53,0.0,0.07,0.15,0.15
1995-10-21,34.21,26.72,29.71,19.43,57.85,1.79,2.11,17.25,0.0,0.07,0.15,0.15
1995-10-22,36.55,26.26,30.91,18.07,49.19,2.68,3.25,13.46,0.0,0.07,0.15,0.15
1995-10-23,34.99,27.37,30.59,19.52,54.22,3.39,4.05,16.26,1.69,0.12,0.15,0.15
1995-10-24,34.01,26.68,30.02,19.65,56.18,2.47,3.01,16.59,0.67,0.15,0.15,0.15
1995-10-25,33.93,25.68,29.74,18.0,52.13,2.38,2.86,17.72,0.04,0.15,0.15,0.15
1995-10-26,33.87,26.7,29.8,16.94,47.85,1.67,1.96,17.62,0.0,0.13,0.15,0.15
1995-10-27,33.58,26.18,29.55,13.14,39.08,2.74,3.41,16.71,0.0,0.12,0.15,0.15
1995-10-28,33.01,25.21,28.7,12.89,40.57,2.82,3.49,16.02,0.0,0.11,0.15,0.15
1995-10-29,32.38,24.55,28.2,11.11,35.79,2.57,3.17,17.0,0.0,0.1,0.15,0.15
1995-10-30,32.16,23.99,27.87,11.21,37.52,2.13,2.52,17.74,0.0,0.1,0.15,0.15
1995-10-31,32.01,24.64,27.7,13.61,45.25,1.59,1.89,18.04,0.0,0.1,0.15,0.15
1995-11-01,31.82,22.71,27.19,13.58,46.83,1.35,1.61,18.16,0.0,0.09,0.15,0.15
1995-11-02,31.68,24.7,27.74,15.36,49.78,1.69,2.01,17.89,0.0,0.09,0.15,0.15
1995-11-03,31.21,24.44,27.22,15.74,51.49,2.18,2.62,17.73,0.0,0.09,0.15,0.15
1995-11-04,30.63,24.39,27.29,19.91,65.09,3.34,4.04,16.17,0.0,0.09,0.15,0.15
1995-11-05,31.99,25.96,28.74,19.84,62.11,5.46,6.64,16.48,0.0,0.09,0.15,0.15
1995-11-06,29.42,25.17,27.15,18.34,59.05,4.23,5.07,15.35,0.0,0.08,0.15,0.15
1995-11-07,30.23,24.93,27.18,16.5,53.21,1.79,2.15,14.16,1.6,0.13,0.15,0.15
1995-11-08,31.45,24.33,27.44,18.78,61.27,3.19,3.78,14.71,0.04,0.14,0.15,0.15
1995-11-09,31.18,22.84,26.58,17.03,59.81,2.21,2.64,15.83,0.0,0.13,0.15,0.15
1995-11-10,31.23,24.45,27.29,16.2,53.06,1.9,2.28,16.05,0.0,0.12,0.15,0.15
1995-11-11,29.89,24.32,26.58,18.46,62.35,3.0,3.64,15.79,0.0,0.11,0.15,0.15
1995-11-12,29.91,23.68,26.5,19.04,64.33,3.24,3.94,16.09,0.0,0.11,0.15,0.15
1995-11-13,29.12,24.13,26.12,17.04,58.94,3.29,4.03,15.52,0.0,0.11,0.15,0.15
1995-11-14,30.42,23.13,26.44,16.19,54.83,2.03,2.45,15.69,0.0,0.11,0.15,0.15
1995-11-15,30.95,23.33,26.43,16.14,55.25,1.52,1.83,15.03,0.0,0.11,0.15,0.15
1995-11-16,31.76,23.04,26.88,14.57,50.69,1.96,2.39,14.95,0.0,0.1,0.15,0.15
1995-11-17,31.24,21.76,26.1,7.1,32.96,2.81,3.55,15.43,0.0,0.1,0.15,0.15
1995-11-18,30.85,21.76,25.61,9.55,38.69,2.66,3.31,15.58,0.0,0.1,0.15,0.15
1995-11-19,30.01,19.98,24.56,11.08,47.07,1.94,2.41,15.43,0.0,0.09,0.15,0.15
1995-11-20,28.11,22.65,24.91,15.18,55.95,2.45,2.91,14.55,0.0,0.09,0.15,0.15
1995-11-21,28.43,23.08,25.13,14.62,53.97,1.74,2.11,15.26,0.0,0.09,0.15,0.15
1995-11-22,29.18,22.72,25.23,12.36,47.66,1.86,2.26,14.83,0.0,0.09,0.15,0.15
1995-11-23,28.86,22.21,25.08,13.28,49.9,1.5,1.81,14.46,0.0,0.09,0.15,0.15
1995-11-24,28.86,21.69,24.99,13.94,52.11,1.74,2.17,13.57,0.0,0.09,0.15,0.15
1995-11-25,27.17,22.03,24.41,14.57,55.51,3.14,3.68,13.74,0.0,0.09,0.15,0.15
1995-11-26,24.97,21.92,23.43,12.84,52.65,8.67,10.42,13.9,0.0,0.09,0.15,0.15
1995-11-27,26.13,20.7,23.36,10.15,44.38,3.62,4.34,14.39,0.0,0.09,0.15,0.15
1995-11-28,26.0,19.21,22.59,10.42,49.81,3.18,3.79,13.05,0.0,0.08,0.15,0.15
1995-11-29,25.45,19.05,22.13,13.83,61.34,1.79,2.17,13.43,0.0,0.08,0.15,0.15
1995-11-30,25.56,19.99,22.59,14.3,60.33,1.77,2.1,12.16,0.0,0.08,0.15,0.15
1995-12-01,25.93,20.77,22.93,15.94,65.53,2.1,2.49,12.92,0.0,0.08,0.15,0.15
1995-12-02,25.96,21.67,23.78,17.4,67.84,4.61,5.57,12.88,0.0,0.08,0.15,0.15
1995-12-03,26.13,22.23,23.87,18.16,70.91,3.66,4.42,10.62,0.0,0.08,0.15,0.15
1995-12-04,28.89,20.93,24.55,15.96,61.74,1.98,2.39,12.82,0.01,0.08,0.15,0.15
1995-12-05,28.33,21.94,25.01,15.44,56.47,3.51,4.25,8.84,0.16,0.09,0.15,0.15
1995-12-06,27.98,22.47,24.52,16.39,61.9,4.64,5.64,10.36,0.06,0.1,0.15,0.15
1995-12-07,25.23,21.19,23.04,17.68,72.06,4.18,4.96,9.66,2.3,0.15,0.15,0.15
1995-12-08,25.0,20.67,22.43,16.42,69.11,2.86,3.36,11.13,0.1,0.17,0.15,0.15
1995-12-09,25.67,20.36,22.79,16.48,68.08,1.56,1.89,5.27,2.83,0.2,0.15,0.15
1995-12-10,24.54,20.71,22.33,16.75,71.22,3.75,4.42,3.6,4.31,0.26,0.16,0.16
1995-12-11,23.37,20.36,21.88,17.76,77.67,7.1,8.43,7.87,16.02,0.35,0.19,0.18
1995-12-12,27.98,21.9,24.47,17.03,65.44,5.36,6.54,10.1,9.05,0.33,0.22,0.21
1995-12-13,25.17,21.66,23.21,16.83,67.77,3.67,4.38,6.75,3.99,0.3,0.22,0.21
1995-12-14,25.04,20.64,22.32,14.67,62.36,4.42,5.35,8.93,0.05,0.26,0.22,0.21
1995-12-15,24.13,17.9,20.68,13.85,65.57,3.88,4.64,6.77,1.67,0.25,0.21,0.21
1995-12-16,20.4,17.92,18.85,14.94,78.17,3.54,4.07,2.29,17.14,0.38,0.24,0.23
1995-12-17,20.74,17.15,18.86,14.21,74.59,2.66,3.11,2.28,8.15,0.38,0.25,0.25
1995-12-18,24.09,19.09,21.21,14.64,66.53,2.31,2.74,5.28,3.32,0.35,0.26,0.26
1995-12-19,23.62,18.32,20.61,14.66,69.23,1.82,2.17,8.72,0.36,0.33,0.26,0.26
1995-12-20,24.66,19.66,21.65,15.18,67.33,1.97,2.42,12.37,0.0,0.3,0.26,0.26
1995-12-21,21.79,19.67,20.74,16.17,75.01,2.2,2.54,4.83,9.58,0.38,0.26,0.27
1995-12-22,24.08,19.57,21.35,14.89,67.05,1.62,1.97,13.13,0.0,0.34,0.27,0.27
1995-12-23,24.72,19.65,21.73,16.39,72.17,2.89,3.53,11.26,0.0,0.32,0.27,0.27
1995-12-24,24.31,20.26,21.79,16.1,70.59,1.91,2.4,10.66,0.03,0.31,0.26,0.27
1995-12-25,22.28,19.66,20.68,18.11,85.23,4.39,5.26,5.05,13.68,0.41,0.27,0.28
1995-12-26,22.43,18.27,20.14,14.18,69.13,4.23,5.13,12.1,1.84,0.4,0.29,0.29
1995-12-27,21.65,18.04,19.66,13.28,67.12,2.91,3.58,11.28,0.01,0.36,0.29,0.29
1995-12-28,21.61,17.69,19.39,12.29,64.08,3.19,3.95,11.26,0.0,0.35,0.28,0.29
1995-12-29,22.62,17.56,19.71,11.73,60.45,2.07,2.55,11.92,0.0,0.34,0.28,0.29
1995-12-30,23.13,18.03,19.93,11.25,58.57,1.49,1.85,12.79,0.0,0.34,0.28,0.29
1995-12-31,23.77,17.59,20.34,12.56,62.21,1.64,2.03,13.36,0.03,0.33,0.28,0.29
1996-01-01,24.56,17.68,20.88,13.96,65.96,1.92,2.33,12.84,0.1,0.33,0.27,0.29
1996-01-02,24.45,18.11,20.96,14.67,69.5,2.17,2.72,13.65,0.6,0.33,0.27,0.29
1996-01-03,24.49,18.46,21.23,15.0,68.89,2.89,3.55,10.05,0.47,0.34,0.27,0.28
1996-01-04,25.03,18.68,21.57,14.3,64.43,2.4,3.02,11.78,1.23,0.35,0.27,0.28
1996-01-05,25.29,18.23,21.4,14.52,66.84,1.92,2.43,14.63,0.05,0.34,0.27,0.28
1996-01-06,26.43,17.89,22.11,13.33,60.22,1.61,2.02,13.39,0.0,0.32,0.27,0.28
1996-01-07,26.35,19.25,22.38,13.22,58.06,1.69,2.05,14.18,0.0,0.32,0.27,0.28
1996-01-08,24.67,19.17,21.49,16.26,73.53,2.54,3.08,13.56,0.0,0.32,0.27,0.28
1996-01-09,24.13,18.71,20.81,15.2,71.46,3.46,4.28,14.12,0.0,0.32,0.27,0.28
1996-01-10,25.48,18.77,21.21,14.36,66.29,2.8,3.34,14.11,0.0,0.31,0.26,0.28
1996-01-11,23.25,18.6,20.84,15.06,70.32,5.64,6.79,3.91,5.3,0.34,0.26,0.28
1996-01-12,23.25,17.79,20.85,15.64,72.61,7.03,8.47,10.47,7.03,0.42,0.28,0.29
1996-01-13,20.22,17.42,18.6,11.68,64.62,7.49,9.03,8.91,1.06,0.37,0.28,0.29
1996-01-14,18.59,15.19,17.03,8.39,57.22,4.73,5.7,13.96,0.0,0.35,0.28,0.29
1996-01-15,19.76,14.45,17.0,8.82,59.17,2.71,3.18,12.06,0.01,0.34,0.28,0.29
1996-01-16,20.5,13.58,16.48,9.48,64.68,4.47,5.38,14.73,0.0,0.34,0.28,0.29
1996-01-17,18.62,15.34,17.14,12.81,75.91,4.63,5.54,5.63,5.73,0.37,0.27,0.29
1996-01-18,22.75,17.61,19.85,16.54,81.5,5.71,6.89,7.87,5.62,0.43,0.29,0.3
1996-01-19,22.77,17.42,19.4,14.24,73.04,1.7,2.11,13.38,1.66,0.4,0.29,0.3
1996-01-20,21.93,18.36,19.52,12.82,65.91,2.17,2.72,13.68,2.12,0.4,0.29,0.3
1996-01-21,21.82,17.16,19.51,14.39,73.25,3.79,4.61,13.44,2.79,0.42,0.3,0.31
1996-01-22,21.24,16.75,18.6,13.64,73.43,2.82,3.43,11.87,5.97,0.44,0.31,0.32
1996-01-23,22.08,17.76,19.79,17.03,84.22,3.47,4.13,5.65,16.05,0.5,0.32,0.33
1996-01-24,19.74,16.43,17.74,12.57,72.17,3.67,4.34,12.43,6.45,0.5,0.34,0.35
1996-01-25,20.85,16.04,17.98,10.76,63.32,2.39,2.92,14.73,0.0,0.45,0.33,0.35
1996-01-26,21.02,16.39,18.56,11.52,64.09,1.84,2.25,10.17,0.0,0.44,0.33,0.34
1996-01-27,21.18,14.74,17.59,8.83,57.92,2.63,3.25,14.73,0.0,0.43,0.33,0.34
1996-01-28,21.06,13.94,17.18,6.61,51.29,3.54,4.37,14.19,0.0,0.42,0.32,0.34
1996-01-29,23.45,15.0,18.92,9.95,57.25,2.56,3.23,16.62,0.0,0.42,0.32,0.33
1996-01-30,22.51,15.29,18.53,12.49,68.77,2.09,2.6,16.78,0.0,0.42,0.32,0.33
1996-01-31,23.32,16.72,19.67,15.75,79.08,2.84,3.48,15.62,0.0,0.41,0.31,0.33
1996-02-01,24.06,17.67,20.43,16.62,80.24,2.02,2.49,14.21,0.0,0.41,0.31,0.33
1996-02-02,26.7,16.76,21.05,14.86,71.15,1.62,2.0,15.4,0.0,0.4,0.31,0.33
1996-02-03,27.2,17.51,21.98,15.41,69.15,3.25,4.06,15.44,0.0,0.39,0.31,0.32
1996-02-04,26.47,19.47,22.58,17.97,76.75,4.93,5.97,13.99,0.05,0.39,0.3,0.32
1996-02-05,24.1,18.11,20.68,15.83,74.64,6.26,7.51,12.78,0.0,0.39,0.3,0.32
1996-02-06,19.74,16.25,18.05,11.37,65.67,6.07,7.31,15.1,0.0,0.38,0.3,0.31
1996-02-07,22.01,15.65,18.61,13.22,71.68,3.2,3.99,15.24,0.0,0.38,0.3,0.31
1996-02-08,23.4,17.12,19.79,15.65,78.0,3.34,4.13,16.5,0.0,0.38,0.3,0.31
1996-02-09,26.81,16.64,21.1,15.09,71.76,1.29,1.53,16.26,0.0,0.37,0.29,0.31
1996-02-10,25.56,17.62,20.78,14.87,71.97,1.35,1.62,11.3,0.0,0.37,0.29,0.31
1996-02-11,27.41,17.42,22.19,14.12,63.22,3.46,4.48,15.52,0.0,0.36,0.29,0.3
1996-02-12,26.76,18.66,22.17,15.31,67.71,4.24,5.2,15.21,0.0,0.36,0.29,0.3
1996-02-13,23.25,17.05,19.93,15.05,74.46,3.93,4.79,12.87,0.03,0.35,0.29,0.3
1996-02-14,23.38,16.61,19.6,12.12,62.82,3.42,4.12,15.53,0.0,0.35,0.28,0.3
1996-02-15,24.62,17.52,20.58,13.72,65.63,1.97,2.43,15.35,0.01,0.34,0.28,0.29
1996-02-16,21.24,17.88,19.36,15.13,77.08,3.35,4.04,6.64,2.7,0.36,0.28,0.29
1996-02-17,20.6,16.61,18.33,14.55,78.9,4.9,5.86,6.85,15.29,0.46,0.3,0.31
1996-02-18,24.73,17.36,21.28,17.28,78.46,4.24,5.14,14.28,0.81,0.43,0.31,0.32
1996-02-19,27.17,18.99,22.72,16.93,71.77,2.49,3.1,17.42,0.1,0.4,0.31,0.32
1996-02-20,27.98,20.73,23.76,15.58,61.32,1.45,1.83,16.82,0.0,0.38,0.3,0.31
1996-02-21,26.26,19.03,22.66,16.64,69.42,5.18,6.29,15.5,1.03,0.38,0.3,0.31
1996-02-22,21.82,17.82,19.43,14.18,72.52,6.32,7.48,14.73,1.39,0.4,0.3,0.31
1996-02-23,21.69,17.95,19.54,12.71,65.2,3.91,4.68,15.74,1.14,0.39,0.3,0.31
1996-02-24,23.17,17.82,20.04,9.98,53.18,1.72,2.05,17.32,0.0,0.37,0.29,0.31
1996-02-25,22.92,17.45,19.77,9.04,50.51,1.7,1.99,18.77,0.0,0.36,0.29,0.31
1996-02-26,24.45,17.32,20.49,10.38,53.15,1.24,1.48,14.98,0.0,0.35,0.29,0.3
1996-02-27,26.82,17.64,21.99,14.36,65.58,2.56,3.21,18.0,0.0,0.35,0.29,0.3
1996-02-28,25.39,19.91,21.72,17.11,76.01,4.35,5.25,6.71,10.99,0.41,0.29,0.3
1996-02-29,27.0,19.82,22.95,17.55,73.05,2.25,2.78,12.5,1.68,0.41,0.3,0.31
1996-03-01,24.17,18.96,21.39,16.93,76.99,2.42,2.89,16.84,1.11,0.39,0.3,0.31
1996-03-02,27.68,17.68,22.26,16.32,71.17,2.7,3.38,16.78,0.0,0.37,0.3,0.31
1996-03-03,30.19,20.16,24.29,17.94,71.14,4.15,5.18,17.9,0.01,0.37,0.3,0.31
1996-03-04,29.17,21.48,24.84,17.62,68.23,4.65,5.81,9.53,0.32,0.36,0.29,0.31
1996-03-05,27.24,21.52,23.79,17.81,70.58,4.71,5.68,16.08,0.29,0.36,0.29,0.3
1996-03-06,25.73,20.93,22.63,18.55,78.34,2.69,3.32,4.89,2.41,0.38,0.29,0.3
1996-03-07,30.64,21.6,25.51,17.66,64.81,5.06,6.31,18.37,0.1,0.36,0.29,0.3
1996-03-08,27.98,21.89,24.32,17.58,67.51,4.62,5.74,10.03,3.08,0.37,0.29,0.3
1996-03-09,24.62,20.85,22.44,18.0,76.56,2.79,3.31,17.84,1.77,0.39,0.29,0.3
1996-03-10,22.73,17.96,19.97,15.97,78.02,4.2,4.93,7.45,3.15,0.42,0.3,0.31
1996-03-11,25.45,19.11,21.99,17.87,78.11,3.5,4.13,10.81,3.01,0.42,0.3,0.31
1996-03-12,21.62,20.23,21.01,18.64,86.25,6.57,7.93,3.2,48.14,0.58,0.34,0.34
1996-03-13,24.79,19.25,21.9,18.02,79.07,5.47,6.59,13.02,2.79,0.52,0.38,0.38
1996-03-14,23.07,18.25,20.18,14.96,72.59,4.36,5.11,17.24,2.55,0.5,0.38,0.39
1996-03-15,22.88,17.59,20.02,13.35,66.19,3.35,4.1,19.14,0.0,0.47,0.37,0.38
1996-03-16,22.95,17.49,19.64,12.73,65.4,1.74,2.12,21.34,0.01,0.47,0.36,0.38
1996-03-17,23.53,17.2,19.98,14.52,71.85,3.13,3.79,21.33,0.0,0.46,0.35,0.37
1996-03-18,25.25,17.71,21.66,13.14,60.42,2.26,2.79,21.79,0.0,0.45,0.35,0.37
1996-03-19,30.35,19.8,24.77,16.33,61.15,4.66,5.8,12.63,0.6,0.45,0.34,0.36
1996-03-20,29.28,22.02,24.69,18.67,70.45,3.4,4.22,20.94,0.41,0.45,0.34,0.36
1996-03-21,25.93,20.77,22.97,17.3,72.08,2.32,2.86,14.3,0.5,0.45,0.34,0.36
1996-03-22,29.67,20.37,23.84,17.37,68.73,3.16,3.87,12.65,1.74,0.46,0.34,0.36
1996-03-23,29.22,19.58,24.16,18.0,69.76,3.47,4.24,19.29,0.96,0.45,0.34,0.35
1996-03-24,28.02,21.42,24.98,19.46,72.33,3.09,3.81,13.19,0.05,0.44,0.33,0.35
1996-03-25,29.6,21.28,24.87,19.07,71.8,2.99,3.63,16.55,0.13,0.42,0.33,0.35
1996-03-26,25.19,20.35,22.91,18.25,75.53,3.36,3.93,9.46,1.44,0.43,0.33,0.34
1996-03-27,24.48,19.66,22.03,17.18,74.7,4.85,5.81,12.65,0.26,0.43,0.33,0.34
1996-03-28,24.19,19.04,21.53,12.6,58.75,7.8,9.5,24.22,0.0,0.41,0.32,0.34
1996-03-29,23.92,18.32,21.16,12.84,60.49,6.11,7.41,23.21,0.0,0.39,0.32,0.33
1996-03-30,26.69,17.91,21.8,14.08,63.88,1.78,2.2,23.34,0.0,0.39,0.31,0.33
1996-03-31,28.35,18.82,22.84,14.56,62.9,1.86,2.26,22.13,0.0,0.38,0.31,0.33
1996-04-01,27.92,18.99,22.74,14.6,63.44,1.91,2.24,23.67,0.0,0.37,0.3,0.32
1996-04-02,28.28,18.89,23.25,15.87,66.53,2.21,2.65,23.65,0.0,0.37,0.3,0.32
1996-04-03,30.43,20.87,25.32,13.54,51.46,2.09,2.51,23.88,0.0,0.36,0.3,0.31
1996-04-04,28.67,21.02,24.37,16.06,62.7,4.21,5.07,22.99,0.0,0.35,0.29,0.31
1996-04-05,25.74,20.45,22.49,17.3,73.39,2.9,3.56,12.79,0.0,0.36,0.29,0.31
1996-04-06,26.18,19.58,22.54,15.22,65.12,2.54,3.05,24.29,0.0,0.35,0.29,0.3
1996-04-07,29.96,18.69,23.86,12.9,54.58,2.13,2.67,25.32,0.0,0.34,0.28,0.3
1996-04-08,30.96,19.02,25.06,13.09,50.67,2.05,2.65,24.32,0.0,0.33,0.28,0.3
1996-04-09,31.9,21.14,26.06,13.86,49.53,2.09,2.54,23.76,0.0,0.32,0.28,0.29
1996-04-10,31.64,24.1,27.43,13.81,44.76,2.06,2.52,21.17,0.0,0.32,0.27,0.29
1996-04-11,30.88,21.73,25.88,15.62,57.89,3.36,4.02,22.75,0.0,0.31,0.27,0.29
1996-04-12,33.51,20.67,26.44,15.28,58.35,2.18,2.87,24.21,0.0,0.3,0.27,0.28
1996-04-13,34.68,20.76,27.57,17.24,59.16,3.46,4.35,22.82,0.0,0.3,0.26,0.28
1996-04-14,34.64,23.66,28.61,20.24,65.33,3.77,4.6,16.45,0.0,0.3,0.26,0.28
1996-04-15,33.07,24.14,28.17,18.47,59.63,3.28,4.1,19.29,0.0,0.3,0.26,0.27
1996-04-16,32.21,23.97,26.88,17.58,60.51,3.43,4.2,13.01,0.26,0.3,0.26,0.27
1996-04-17,27.82,22.02,24.67,17.39,65.4,4.24,5.05,24.69,0.3,0.29,0.26,0.27
1996-04-18,30.16,21.29,25.15,17.64,65.5,2.28,2.71,24.0,0.09,0.28,0.25,0.27
1996-04-19,31.77,22.99,26.97,16.46,54.54,1.92,2.25,24.15,0.0,0.27,0.25,0.26
1996-04-20,31.8,24.24,27.72,16.75,53.13,1.5,1.74,22.17,0.0,0.27,0.25,0.26
1996-04-21,34.04,23.76,28.49,17.32,55.55,1.32,1.59,23.9,0.0,0.26,0.24,0.26
1996-04-22,34.78,24.86,29.52,18.68,55.91,1.98,2.35,23.94,0.0,0.25,0.24,0.25
1996-04-23,34.75,26.03,29.94,20.58,61.09,2.34,2.85,24.06,0.0,0.25,0.24,0.25
1996-04-24,34.78,26.97,30.12,19.12,55.42,2.56,3.1,25.84,0.0,0.25,0.23,0.25
1996-04-25,33.55,26.26,29.45,21.58,65.51,4.43,5.33,23.44,0.0,0.25,0.23,0.25
1996-04-26,32.49,25.32,28.2,20.55,66.13,5.89,7.02,25.46,0.0,0.24,0.23,0.24
1996-04-27,32.28,24.08,27.38,19.2,64.09,5.84,6.97,25.35,0.0,0.23,0.23,0.24
1996-04-28,31.48,23.84,26.95,16.96,58.23,7.52,9.04,22.59,0.0,0.22,0.22,0.24
1996-04-29,29.87,22.5,25.87,17.87,63.68,4.74,5.66,25.03,0.0,0.21,0.22,0.23
1996-04-30,33.55,22.09,27.3,17.85,62.11,2.2,2.74,24.92,0.0,0.21,0.22,0.23
1996-05-01,33.96,23.38,28.18,18.18,61.36,1.93,2.31,24.45,0.0,0.2,0.22,0.23
1996-05-02,33.48,22.83,27.92,16.81,56.76,2.99,3.61,24.03,0.0,0.2,0.22,0.23
1996-05-03,36.15,24.28,30.12,13.52,42.4,1.66,2.09,24.44,0.0,0.19,0.21,0.23
1996-05-04,38.86,27.22,31.83,11.03,32.47,1.88,2.44,26.38,0.0,0.17,0.21,0.22
1996-05-05,36.94,26.95,31.79,11.73,34.02,2.31,2.9,25.33,0.0,0.16,0.21,0.22
1996-05-06,35.63,26.92,31.18,9.95,29.74,2.07,2.52,25.89,0.0,0.16,0.21,0.22
1996-05-07,36.07,28.1,31.7,10.93,30.86,1.72,2.05,23.91,0.0,0.16,0.21,0.22
1996-05-08,37.23,27.44,31.86,14.02,36.88,2.09,2.68,24.5,0.0,0.15,0.21,0.22
1996-05-09,37.26,29.6,33.04,11.59,29.13,1.76,2.19,24.87,0.0,0.15,0.2,0.21
1996-05-10,38.49,29.84,33.61,12.93,31.35,2.32,2.98,24.38,0.0,0.14,0.2,0.21
1996-05-11,38.15,30.93,33.62,13.33,31.54,2.36,2.94,19.15,0.56,0.15,0.2,0.21
1996-05-12,35.27,28.49,32.1,16.61,43.03,2.94,3.57,23.83,0.0,0.16,0.2,0.21
1996-05-13,35.55,28.01,31.16,20.23,56.7,2.88,3.4,22.25,0.0,0.15,0.2,0.21
1996-05-14,33.68,25.77,29.63,18.4,55.96,4.14,5.0,26.85,0.0,0.15,0.2,0.21
1996-05-15,34.79,24.77,29.58,18.86,56.85,2.38,2.88,25.63,0.0,0.15,0.2,0.21
1996-05-16,37.48,25.34,31.14,16.95,48.74,1.67,1.98,25.74,0.0,0.13,0.2,0.21
1996-05-17,37.59,28.45,32.68,15.34,38.93,1.61,1.96,24.95,0.0,0.13,0.2,0.21
1996-05-18,35.37,27.14,30.83,18.49,52.79,1.82,2.21,19.36,0.0,0.13,0.19,0.2
1996-05-19,36.0,26.25,31.1,17.12,47.92,2.69,3.22,24.81,0.0,0.13,0.19,0.2
1996-05-20,35.72,27.37,31.5,17.87,48.01,3.88,4.63,25.46,0.0,0.13,0.19,0.2
1996-05-21,36.77,27.59,31.94,21.98,60.14,4.25,5.11,25.53,0.0,0.13,0.19,0.2
1996-05-22,36.65,28.65,32.48,22.3,57.85,4.59,5.49,22.15,0.0,0.13,0.19,0.2
1996-05-23,35.73,28.14,31.78,20.22,55.09,4.43,5.29,24.52,0.0,0.12,0.19,0.2
1996-05-24,38.59,26.08,31.84,16.67,48.64,2.18,2.69,23.96,0.0,0.12,0.19,0.2
1996-05-25,35.27,25.91,30.8,16.72,47.76,2.28,2.65,21.88,0.0,0.11,0.19,0.2
1996-05-26,36.35,26.99,31.38,18.22,50.1,2.33,2.74,26.12,0.0,0.11,0.19,0.19
1996-05-27,36.8,26.78,31.95,19.28,50.91,2.09,2.46,25.39,0.0,0.11,0.19,0.19
1996-05-28,37.04,28.61,32.8,19.82,50.72,2.5,2.93,25.39,0.0,0.11,0.18,0.19
1996-05-29,38.34,28.79,33.45,20.31,50.45,2.57,3.07,25.9,0.0,0.11,0.18,0.19
1996-05-30,38.16,29.32,33.53,20.53,51.48,2.08,2.46,25.56,0.0,0.1,0.18,0.19
1996-05-31,42.58,28.73,35.88,19.32,46.56,2.06,2.62,24.26,0.0,0.1,0.18,0.19
1996-06-01,40.44,30.89,35.53,17.82,37.32,2.63,3.21,24.14,0.0,0.1,0.18,0.19
1996-06-02,39.25,31.22,34.78,19.03,41.84,3.19,3.77,25.21,0.0,0.09,0.18,0.19
1996-06-03,38.53,29.82,34.0,20.79,50.16,3.61,4.28,26.14,0.0,0.09,0.18,0.19
1996-06-04,38.74,28.67,33.53,22.52,59.18,4.63,5.52,26.42,0.01,0.1,0.18,0.19
1996-06-05,38.65,29.65,33.54,22.75,59.5,4.55,5.42,25.11,0.0,0.1,0.18,0.18
1996-06-06,38.69,28.68,33.15,23.61,63.34,4.96,5.85,25.3,0.0,0.1,0.18,0.18
1996-06-07,40.06,27.86,33.33,22.29,60.07,2.73,3.22,25.33,0.0,0.1,0.18,0.18
1996-06-08,40.49,29.04,34.61,21.6,53.53,1.61,1.93,25.03,0.0,0.09,0.18,0.18
1996-06-09,39.63,30.57,35.05,23.03,52.1,2.61,3.18,24.1,0.0,0.09,0.18,0.18
1996-06-10,38.6,30.89,34.54,22.77,52.13,3.15,3.65,22.99,0.03,0.09,0.17,0.18
1996-06-11,37.48,30.92,33.7,22.72,54.16,5.93,7.0,23.53,0.0,0.09,0.17,0.18
1996-06-12,35.62,30.53,32.63,24.36,62.72,7.51,8.91,25.26,0.0,0.09,0.17,0.18
1996-06-13,36.34,30.5,33.2,24.12,60.09,2.4,2.77,25.56,0.0,0.09,0.17,0.18
1996-06-14,37.67,30.73,33.67,24.06,59.15,2.48,2.85,24.1,0.0,0.09,0.17,0.18
1996-06-15,37.54,30.88,33.82,24.83,61.28,3.05,3.49,25.2,0.0,0.09,0.17,0.18
1996-06-16,37.87,31.51,34.84,25.0,58.81,1.69,2.02,25.11,0.0,0.09,0.17,0.18
1996-06-17,41.22,31.46,36.81,16.66,36.25,3.32,4.17,24.56,0.0,0.09,0.17,0.18
1996-06-18,41.34,32.11,36.81,13.78,28.4,2.05,2.64,25.96,0.01,0.08,0.17,0.17
1996-06-19,40.92,31.69,36.21,14.85,31.83,2.16,2.58,25.61,0.0,0.08,0.17,0.17
1996-06-20,37.83,29.5,33.44,23.19,58.78,3.25,3.76,25.01,0.0,0.07,0.17,0.17
1996-06-21,40.98,28.8,34.4,20.74,50.74,2.1,2.45,24.24,0.0,0.08,0.17,0.17
1996-06-22,37.99,30.0,33.4,23.58,60.19,3.64,4.19,23.82,0.0,0.07,0.17,0.17
1996-06-23,38.79,28.97,33.4,23.16,59.46,3.16,3.61,24.17,0.0,0.08,0.17,0.17
1996-06-24,38.21,28.81,33.15,23.3,60.9,3.44,3.95,24.64,0.0,0.08,0.17,0.17
1996-06-25,38.14,28.55,32.77,23.25,61.99,3.73,4.3,24.64,0.0,0.08,0.17,0.17
1996-06-26,38.92,29.03,33.54,20.47,51.91,2.68,3.12,25.14,0.0,0.08,0.16,0.17
1996-06-27,40.12,30.56,35.24,16.22,37.11,1.87,2.22,23.85,0.0,0.08,0.16,0.17
1996-06-28,40.46,31.12,35.51,21.85,47.54,2.82,3.35,24.91,0.0,0.07,0.16,0.17
1996-06-29,39.27,30.79,34.93,16.17,37.64,2.03,2.37,27.75,0.0,0.07,0.16,0.17
1996-06-30,40.19,31.95,36.05,11.69,26.06,2.05,2.4,26.14,0.0,0.07,0.16,0.17
1996-07-01,41.53,31.71,36.22,12.13,27.76,2.27,2.74,26.66,0.0,0.07,0.16,0.17
1996-07-02,41.67,33.05,36.97,13.56,28.16,2.26,2.65,24.45,0.0,0.07,0.16,0.17
1996-07-03,40.91,32.6,36.52,16.66,33.77,2.45,2.88,22.68,0.0,0.07,0.16,0.17
1996-07-04,41.46,30.6,35.65,19.76,43.46,1.79,2.08,23.86,0.0,0.07,0.16,0.17
1996-07-05,41.25,30.62,36.15,19.85,43.41,1.14,1.37,24.82,0.0,0.07,0.16,0.16
1996-07-06,41.95,31.36,36.92,21.18,44.42,1.83,2.28,24.8,0.0,0.07,0.16,0.16
1996-07-07,43.11,32.15,37.41,22.57,45.84,4.18,5.03,24.57,0.12,0.07,0.16,0.16
1996-07-08,42.05,32.66,37.15,22.37,45.34,3.96,4.69,24.27,0.0,0.07,0.16,0.16
1996-07-09,41.29,33.12,37.16,22.61,45.53,2.82,3.31,24.68,0.0,0.07,0.16,0.16
1996-07-10,39.62,32.81,36.21,21.71,46.21,2.59,2.97,23.48,0.0,0.07,0.16,0.16
1996-07-11,41.32,31.44,36.24,23.6,52.46,2.33,2.7,24.11,0.0,0.07,0.16,0.16
1996-07-12,41.34,32.68,36.71,23.64,50.22,1.68,1.93,24.64,0.0,0.07,0.16,0.16
1996-07-13,43.46,31.07,37.31,22.28,48.42,1.3,1.59,24.56,0.0,0.07,0.16,0.16
1996-07-14,42.95,33.44,37.99,22.0,42.88,4.98,6.0,24.87,0.0,0.07,0.16,0.16
1996-07-15,42.3,32.26,37.01,22.25,46.25,6.42,7.66,24.56,0.01,0.06,0.16,0.16
1996-07-16,41.44,32.32,36.67,21.18,43.88,6.31,7.53,20.98,0.0,0.06,0.16,0.16
1996-07-17,41.69,32.33,37.11,18.29,36.15,3.16,3.85,23.99,0.0,0.06,0.16,0.16
1996-07-18,41.36,33.55,37.18,17.22,33.27,2.37,2.87,24.69,0.0,0.06,0.16,0.16
1996-07-19,39.15,32.06,35.61,23.03,51.47,2.99,3.48,24.67,0.0,0.06,0.16,0.16
1996-07-20,42.7,31.45,37.43,18.56,41.57,1.53,1.87,24.13,0.0,0.06,0.16,0.16
1996-07-21,42.92,34.1,38.37,14.75,27.31,2.22,2.78,24.5,0.0,0.06,0.15,0.16
1996-07-22,42.67,33.51,38.34,14.32,26.79,2.52,3.23,23.93,0.0,0.06,0.15,0.16
1996-07-23,43.83,34.38,38.58,14.57,27.58,1.44,1.7,24.15,0.0,0.06,0.15,0.16
1996-07-24,43.33,33.87,38.43,18.74,35.26,1.46,1.81,24.84,0.0,0.06,0.15,0.16
1996-07-25,42.46,34.6,37.85,20.22,38.2,2.29,2.74,24.17,0.0,0.06,0.15,0.16
1996-07-26,42.07,33.73,37.92,20.36,38.05,2.04,2.48,18.07,0.11,0.06,0.15,0.16
1996-07-27,41.66,34.76,37.82,19.15,35.4,2.93,3.55,20.48,0.0,0.06,0.15,0.16
1996-07-28,40.87,34.64,37.59,19.67,36.64,2.86,3.42,22.98,0.0,0.06,0.15,0.16
1996-07-29,40.83,34.55,37.51,19.54,36.54,3.23,3.81,22.91,0.0,0.06,0.15,0.16
1996-07-30,39.89,33.77,36.51,22.54,46.41,3.93,4.63,22.46,0.01,0.06,0.15,0.16
1996-07-31,40.25,31.77,36.02,24.14,53.91,2.94,3.39,22.68,0.0,0.07,0.15,0.16
1996-08-01,43.09,32.56,37.4,23.31,48.41,1.88,2.2,24.25,0.0,0.07,0.15,0.15
1996-08-02,40.62,33.11,36.66,22.21,47.29,2.68,3.08,23.94,0.0,0.06,0.15,0.15
1996-08-03,41.26,31.18,36.28,22.42,49.46,2.22,2.6,23.37,0.0,0.06,0.15,0.15
1996-08-04,41.45,32.17,36.61,22.86,47.72,5.36,6.37,24.29,0.0,0.06,0.15,0.15
1996-08-05,40.72,32.07,36.34,23.82,51.54,4.0,4.71,23.37,0.01,0.06,0.15,0.15
1996-08-06,40.14,33.06,36.25,21.84,45.51,3.89,4.56,23.46,0.0,0.06,0.15,0.15
1996-08-07,39.5,31.69,35.42,22.8,50.58,3.09,3.57,23.02,0.0,0.06,0.15,0.15
1996-08-08,40.29,32.32,35.9,23.02,50.01,3.79,4.44,22.91,0.0,0.07,0.15,0.15
1996-08-09,38.99,30.62,34.69,23.13,54.83,2.59,2.98,22.94,0.0,0.07,0.15,0.15
1996-08-10,40.42,31.36,35.75,22.27,48.49,2.0,2.3,22.33,0.01,0.07,0.15,0.15
1996-08-11,41.03,34.01,36.86,23.16,47.29,2.29,2.65,23.33,0.0,0.07,0.15,0.15
1996-08-12,40.21,32.82,36.45,22.07,46.28,2.24,2.58,22.89,0.0,0.07,0.15,0.15
1996-08-13,39.48,31.57,35.65,22.08,48.7,2.62,3.01,23.86,0.0,0.07,0.15,0.15
1996-08-14,40.59,30.93,35.69,22.2,49.59,1.66,1.96,25.04,0.0,0.07,0.15,0.15
1996-08-15,42.08,32.07,37.06,22.89,47.0,3.44,4.18,22.44,0.01,0.06,0.15,0.15
1996-08-16,40.49,31.62,35.92,24.29,53.67,5.18,6.09,21.58,0.03,0.07,0.15,0.15
1996-08-17,40.25,31.69,36.13,22.94,49.52,4.26,5.01,23.93,0.04,0.07,0.15,0.15
1996-08-18,39.89,32.65,36.01,23.11,49.03,3.85,4.48,18.39,0.02,0.07,0.15,0.15
1996-08-19,40.93,32.28,36.54,23.34,48.64,2.99,3.47,22.2,0.0,0.07,0.15,0.15
1996-08-20,42.18,33.16,37.34,18.6,36.88,3.26,3.91,20.37,0.0,0.07,0.15,0.15
1996-08-21,40.45,31.19,35.58,19.26,41.15,4.36,5.16,22.68,0.0,0.06,0.15,0.15
1996-08-22,40.66,30.36,35.59,18.39,39.27,3.05,3.6,22.88,0.0,0.06,0.15,0.15
1996-08-23,39.73,30.93,35.48,19.14,40.72,3.41,3.98,22.67,0.0,0.06,0.15,0.15
1996-08-24,39.64,31.65,35.66,20.4,43.28,3.42,4.01,22.21,0.0,0.06,0.15,0.15
1996-08-25,39.87,30.72,34.94,21.44,49.12,4.02,4.7,21.92,0.0,0.06,0.15,0.15
1996-08-26,39.11,30.45,34.45,22.07,51.86,4.35,5.07,20.68,0.0,0.06,0.15,0.15
1996-08-27,38.24,30.77,34.13,22.6,52.85,3.29,3.76,22.13,0.0,0.06,0.15,0.15
1996-08-28,39.23,30.53,34.67,20.49,45.22,2.59,2.96,22.62,0.0,0.06,0.15,0.15
1996-08-29,38.47,30.87,34.02,20.8,48.13,2.65,3.04,18.71,0.0,0.06,0.15,0.15
1996-08-30,40.32,30.71,35.4,19.25,43.84,2.46,2.95,21.83,0.0,0.06,0.15,0.15
1996-08-31,39.3,32.13,35.68,11.93,27.1,2.8,3.48,21.17,0.0,0.06,0.15,0.15
1996-09-01,39.72,30.28,35.03,13.19,28.79,3.09,3.72,22.5,0.0,0.05,0.15,0.15
1996-09-02,38.85,29.98,34.23,17.42,39.04,2.82,3.27,22.39,0.0,0.05,0.15,0.15
1996-09-03,39.4,30.85,34.42,20.82,49.38,2.32,2.7,22.51,0.0,0.05,0.15,0.15
1996-09-04,39.04,29.64,33.8,20.14,51.09,2.24,2.62,21.7,0.0,0.05,0.15,0.15
1996-09-05,37.56,29.67,33.35,20.4,50.59,2.33,2.75,21.83,0.0,0.05,0.15,0.15
1996-09-06,36.95,30.31,33.25,21.22,51.14,1.92,2.18,21.15,0.0,0.05,0.15,0.15
1996-09-07,38.46,29.37,33.34,22.66,56.76,2.13,2.42,20.83,0.0,0.05,0.15,0.15
1996-09-08,38.68,30.49,33.7,22.62,55.73,2.52,2.9,22.39,0.0,0.05,0.15,0.15
1996-09-09,37.83,29.82,33.46,25.62,67.58,3.25,3.82,21.68,0.0,0.05,0.15,0.15
1996-09-10,38.23,29.29,33.27,24.5,64.98,2.54,2.93,21.6,0.0,0.05,0.15,0.15
1996-09-11,37.58,29.31,32.89,24.33,63.49,2.28,2.58,21.25,0.0,0.06,0.15,0.15
1996-09-12,37.84,28.8,32.84,24.09,64.34,2.3,2.64,21.53,0.0,0.06,0.15,0.15
1996-09-13,39.02,29.16,33.84,23.72,58.47,2.51,2.95,21.76,0.0,0.06,0.15,0.15
1996-09-14,38.29,28.15,32.86,22.67,58.52,3.03,3.46,21.2,0.0,0.06,0.15,0.15
1996-09-15,36.92,29.47,32.57,23.73,63.03,2.38,2.71,20.45,0.0,0.06,0.15,0.15
1996-09-16,37.47,28.89,32.74,23.99,64.41,3.0,3.5,20.3,0.0,0.06,0.15,0.15
1996-09-17,37.37,28.69,32.6,22.99,60.53,2.76,3.18,21.6,0.0,0.06,0.15,0.15
1996-09-18,35.22,29.1,31.95,26.5,75.19,3.42,4.05,21.13,0.0,0.06,0.15,0.15
1996-09-19,36.63,29.63,32.81,25.57,68.98,4.41,5.23,20.95,0.0,0.06,0.15,0.15
1996-09-20,35.53,30.68,32.72,21.41,52.87,6.13,7.28,20.51,0.0,0.06,0.15,0.15
1996-09-21,35.62,29.34,31.98,19.68,49.15,3.1,3.64,19.33,0.0,0.06,0.15,0.15
1996-09-22,35.32,28.75,31.74,20.51,52.44,2.19,2.5,17.69,0.01,0.06,0.15,0.15
1996-09-23,35.87,27.51,31.49,20.95,55.98,2.75,3.13,18.6,0.0,0.06,0.15,0.15
1996-09-24,35.89,28.06,31.87,20.99,54.34,2.46,2.81,18.22,0.0,0.06,0.15,0.15
1996-09-25,35.78,27.22,31.41,20.01,53.75,2.54,2.97,19.31,0.0,0.06,0.15,0.15
1996-09-26,35.7,29.08,31.93,23.46,63.0,2.98,3.48,17.68,0.0,0.06,0.15,0.15
1996-09-27,37.92,27.88,32.49,22.35,60.82,1.9,2.25,18.19,0.0,0.06,0.15,0.15
1996-09-28,38.84,28.74,33.17,20.9,54.26,1.81,2.1,18.51,0.0,0.06,0.15,0.15
1996-09-29,38.79,28.6,33.09,19.48,52.13,1.62,1.95,18.39,0.0,0.06,0.15,0.15
1996-09-30,38.1,28.89,32.87,17.27,44.06,2.41,2.87,18.57,0.0,0.06,0.15,0.15
1996-10-01,36.97,28.75,32.32,21.32,56.86,2.23,2.61,17.94,0.0,0.06,0.15,0.15
1996-10-02,37.37,28.31,32.82,19.64,50.73,3.1,3.8,19.14,0.0,0.06,0.15,0.15
1996-10-03,35.78,28.38,31.98,12.69,32.66,3.2,3.94,17.85,0.0,0.06,0.15,0.15
1996-10-04,36.53,25.27,31.01,11.8,35.66,3.15,3.83,17.62,0.0,0.05,0.15,0.15
1996-10-05,36.5,26.05,31.18,9.91,30.43,2.22,2.68,19.25,0.0,0.05,0.15,0.15
1996-10-06,34.44,26.06,30.3,18.29,50.22,2.87,3.4,17.89,0.0,0.05,0.15,0.15
1996-10-07,34.8,27.79,30.84,18.46,49.94,2.47,2.85,17.83,0.0,0.05,0.15,0.15
1996-10-08,36.25,26.94,31.22,17.46,49.45,2.92,3.47,16.82,0.36,0.06,0.15,0.15
1996-10-09,34.78,25.82,30.13,18.19,52.6,3.72,4.33,16.39,0.54,0.08,0.15,0.15
1996-10-10,34.41,25.84,30.11,15.98,45.24,2.75,3.22,17.95,0.0,0.09,0.15,0.15
1996-10-11,34.71,26.38,30.32,17.02,46.98,2.29,2.74,17.57,0.0,0.08,0.15,0.15
1996-10-12,34.59,25.85,29.99,17.13,49.05,2.36,2.86,18.05,0.01,0.08,0.15,0.15
1996-10-13,34.04,25.51,29.71,19.02,55.58,2.07,2.5,17.79,0.01,0.08,0.15,0.15
1996-10-14,35.56,25.63,30.28,18.13,52.93,2.46,2.9,18.12,0.0,0.08,0.15,0.15
1996-10-15,34.48,26.21,30.08,16.52,48.09,2.23,2.65,17.79,0.0,0.08,0.15,0.15
1996-10-16,34.21,25.63,29.71,19.16,57.4,2.72,3.18,17.55,0.0,0.07,0.15,0.15
1996-10-17,34.16,27.04,30.16,21.69,63.13,3.83,4.59,17.16,0.0,0.07,0.15,0.15
1996-10-18,33.94,26.97,29.93,19.49,55.39,3.87,4.69,17.25,0.0,0.07,0.15,0.15
1996-10-19,33.53,26.18,29.54,15.16,43.91,1.64,2.0,16.71,0.0,0.07,0.15,0.15
1996-10-20,33.46,26.15,29.42,12.87,39.76,4.07,4.91,17.15,0.0,0.07,0.15,0.15
1996-10-21,32.47,24.91,28.28,10.08,35.96,3.08,3.77,18.47,0.0,0.07,0.15,0.15
1996-10-22,32.94,24.06,27.91,7.67,29.99,2.35,2.86,19.66,0.0,0.07,0.15,0.15
1996-10-23,31.99,22.61,27.06,8.01,32.37,1.79,2.19,19.66,0.0,0.07,0.15,0.15
1996-10-24,32.71,24.68,27.85,10.77,38.21,1.73,2.1,18.45,0.0,0.06,0.15,0.15
1996-10-25,31.4,24.25,27.28,16.27,53.42,2.94,3.55,18.22,0.0,0.06,0.15,0.15
1996-10-26,31.08,24.48,27.04,17.52,57.85,2.67,3.2,18.22,0.0,0.06,0.15,0.15
1996-10-27,31.28,23.82,27.01,16.18,53.87,2.79,3.33,18.21,0.0,0.06,0.15,0.15
1996-10-28,30.86,22.49,26.7,17.04,57.88,1.74,2.04,18.03,0.0,0.06,0.15,0.15
1996-10-29,32.8,23.67,27.57,15.5,50.73,1.49,1.76,17.24,0.0,0.06,0.15,0.15
1996-10-30,31.46,23.71,27.14,17.99,60.36,2.2,2.65,16.42,0.0,0.06,0.15,0.15
1996-10-31,31.94,24.32,27.6,19.07,62.49,3.23,3.98,17.21,0.0,0.06,0.15,0.15
1996-11-01,32.08,24.86,27.67,17.84,57.85,2.5,3.09,17.13,0.0,0.06,0.15,0.15
1996-11-02,30.64,23.4,26.62,17.03,57.23,2.31,2.77,17.2,0.0,0.06,0.15,0.15
1996-11-03,29.63,23.89,26.16,17.15,58.74,2.88,3.41,17.03,0.0,0.06,0.15,0.15
1996-11-04,30.41,23.79,26.38,16.29,55.33,1.8,2.16,17.14,0.0,0.06,0.15,0.15
1996-11-05,31.88,24.17,27.34,15.41,50.27,1.18,1.43,16.9,0.0,0.06,0.15,0.15
1996-11-06,32.07,23.25,27.19,13.65,46.35,1.57,1.89,16.39,0.0,0.06,0.15,0.15
1996-11-07,31.89,23.35,27.35,15.83,51.92,1.58,1.98,16.08,0.0,0.06,0.15,0.15
1996-11-08,31.23,23.39,26.88,15.89,54.16,1.89,2.3,16.03,0.0,0.06,0.15,0.15
1996-11-09,29.81,23.45,26.53,17.11,57.3,3.82,4.58,15.38,0.0,0.06,0.15,0.15
1996-11-10,27.26,23.69,25.47,14.6,51.57,7.78,9.36,14.73,0.0,0.06,0.15,0.15
1996-11-11,29.59,22.93,25.85,15.24,53.4,2.16,2.69,14.98,0.0,0.06,0.15,0.15
1996-11-12,29.63,23.75,26.24,15.24,52.63,2.18,2.67,15.74,0.0,0.06,0.15,0.15
1996-11-13,29.3,22.33,25.48,10.87,42.64,3.64,4.46,15.7,0.0,0.06,0.15,0.15
1996-11-14,29.0,21.85,24.83,12.46,48.69,5.5,6.57,15.21,0.0,0.06,0.15,0.15
1996-11-15,28.96,20.6,24.15,13.28,54.64,3.51,4.23,15.43,0.0,0.06,0.15,0.15
1996-11-16,28.61,20.04,23.99,10.48,46.36,2.7,3.33,15.51,0.0,0.06,0.15,0.15
1996-11-17,28.67,20.17,24.22,9.74,42.19,2.25,2.79,15.87,0.0,0.06,0.15,0.15
1996-11-18,28.66,20.5,24.25,9.58,42.12,4.48,5.48,14.08,0.0,0.06,0.15,0.15
1996-11-19,23.69,20.85,22.03,6.93,39.07,5.85,7.07,12.05,0.0,0.06,0.15,0.15
1996-11-20,26.15,19.46,22.41,5.24,34.64,3.75,4.59,14.76,0.0,0.06,0.15,0.15
1996-11-21,28.34,20.16,23.59,8.73,40.69,3.29,4.03,12.71,0.0,0.06,0.15,0.15
1996-11-22,27.87,19.59,23.61,12.29,50.93,2.09,2.63,13.07,0.0,0.06,0.15,0.15
1996-11-23,26.67,20.39,23.27,14.7,59.22,1.99,2.43,13.06,0.0,0.06,0.15,0.15
1996-11-24,27.04,22.06,24.15,16.69,63.94,2.0,2.41,14.6,0.0,0.06,0.15,0.15
1996-11-25,28.07,22.4,24.63,14.45,55.19,1.87,2.24,14.68,0.0,0.06,0.15,0.15
1996-11-26,28.92,22.67,25.05,10.62,42.16,1.44,1.7,14.62,0.0,0.06,0.15,0.15
1996-11-27,28.28,22.54,24.74,14.69,55.35,1.58,1.84,14.63,0.0,0.06,0.15,0.15
1996-11-28,28.59,22.37,24.52,15.48,59.73,2.2,2.64,12.65,0.01,0.06,0.15,0.15
1996-11-29,26.02,22.29,23.9,16.41,63.47,4.85,5.86,12.89,0.01,0.07,0.15,0.15
1996-11-30,23.91,21.57,22.54,14.68,61.58,4.95,5.93,12.04,1.8,0.12,0.15,0.15
1996-12-01,26.39,21.48,23.45,11.7,48.79,1.86,2.22,12.99,0.08,0.14,0.15,0.15
1996-12-02,26.73,21.19,23.8,11.7,47.67,2.17,2.55,14.04,0.0,0.13,0.15,0.15
1996-12-03,25.34,19.42,22.02,8.85,44.46,3.42,4.16,13.56,0.0,0.12,0.15,0.15
1996-12-04,25.03,18.21,21.06,4.95,37.37,2.93,3.61,14.45,0.0,0.12,0.15,0.15
1996-12-05,25.52,17.38,21.12,4.32,35.06,2.24,2.73,13.63,0.0,0.11,0.15,0.15
1996-12-06,26.13,18.35,21.67,6.45,39.69,2.16,2.68,14.05,0.0,0.1,0.15,0.15
1996-12-07,26.69,17.2,21.26,8.36,46.54,3.72,4.6,14.01,0.0,0.1,0.15,0.15
1996-12-08,26.89,18.15,21.93,9.47,49.22,2.88,3.63,14.09,0.0,0.1,0.15,0.15
1996-12-09,25.51,17.59,21.37,9.56,49.59,1.78,2.22,13.15,0.0,0.1,0.15,0.15
1996-12-10,26.22,20.56,22.61,10.36,46.98,1.9,2.26,14.2,0.0,0.1,0.15,0.15
1996-12-11,25.71,20.37,22.39,11.56,52.49,2.66,3.23,13.42,0.0,0.09,0.15,0.15
1996-12-12,25.23,19.34,21.93,15.39,67.75,4.2,5.23,12.82,0.0,0.09,0.15,0.15
1996-12-13,24.12,18.96,20.9,12.04,57.85,1.56,1.94,13.35,0.0,0.09,0.15,0.15
1996-12-14,25.27,18.61,21.42,9.61,48.76,0.89,1.05,13.62,0.0,0.09,0.15,0.15
1996-12-15,25.13,18.98,21.82,14.44,63.92,3.29,3.91,12.95,0.0,0.09,0.15,0.15
1996-12-16,25.31,18.94,21.92,12.11,54.82,2.67,3.36,13.39,0.0,0.09,0.15,0.15
1996-12-17,25.07,19.04,21.54,11.58,54.71,1.49,1.83,13.59,0.0,0.09,0.15,0.15
1996-12-18,25.06,18.97,21.48,10.08,49.99,1.47,1.77,13.59,0.0,0.09,0.15,0.15
1996-12-19,25.81,18.1,21.46,9.38,48.58,1.53,1.83,13.72,0.0,0.09,0.15,0.15
1996-12-20,25.84,16.98,21.21,8.58,47.22,1.56,1.94,13.88,0.0,0.09,0.15,0.15
1996-12-21,26.43,18.09,21.86,13.09,59.3,1.61,1.98,13.41,0.0,0.09,0.15,0.15
1996-12-22,26.23,18.87,22.21,13.99,60.89,2.04,2.48,13.13,0.0,0.09,0.15,0.15
1996-12-23,24.72,18.6,21.37,16.22,73.38,2.35,2.86,9.2,4.89,0.16,0.15,0.15
1996-12-24,23.8,18.15,20.73,15.19,71.81,3.29,3.94,11.26,1.79,0.24,0.16,0.16
1996-12-25,23.46,18.57,20.57,13.61,65.25,4.79,5.86,12.14,0.04,0.2,0.16,0.16
1996-12-26,23.17,18.03,20.6,13.1,62.73,2.28,2.83,12.01,0.06,0.17,0.16,0.16
1996-12-27,24.24,18.49,21.0,12.0,57.48,1.44,1.77,13.0,0.09,0.17,0.16,0.16
1996-12-28,24.55,17.4,20.7,12.3,61.0,1.38,1.75,13.49,0.0,0.15,0.16,0.16
1996-12-29,24.89,18.31,21.0,11.28,56.11,1.78,2.17,13.69,0.0,0.15,0.16,0.16
1996-12-30,24.34,18.61,21.17,12.63,59.03,2.56,3.09,12.64,0.0,0.14,0.16,0.16
1996-12-31,24.38,19.55,21.38,13.73,62.72,1.84,2.21,13.52,0.0,0.13,0.16,0.16
1997-01-01,24.77,18.53,21.26,14.6,67.68,1.76,2.11,13.62,0.0,0.13,0.16,0.16
1997-01-02,22.73,17.95,20.28,14.25,69.15,3.56,4.35,8.81,0.0,0.13,0.16,0.16
1997-01-03,24.08,18.35,20.68,14.31,68.15,5.13,6.27,12.35,0.0,0.13,0.16,0.16
1997-01-04,22.65,17.33,19.57,11.65,61.21,3.65,4.5,14.29,0.0,0.12,0.16,0.16
1997-01-05,22.94,17.16,19.56,11.59,61.07,2.62,3.25,14.52,0.0,0.12,0.16,0.16
1997-01-06,22.93,17.67,19.95,12.16,61.66,2.08,2.55,14.38,9.91,0.21,0.17,0.17
1997-01-07,24.06,16.37,19.89,11.25,59.91,1.27,1.53,14.61,0.01,0.2,0.18,0.18
1997-01-08,24.92,16.23,20.05,10.64,57.6,2.11,2.68,11.31,1.51,0.19,0.18,0.18
1997-01-09,24.0,15.58,19.65,11.48,63.09,1.94,2.47,14.06,0.27,0.2,0.18,0.18
1997-01-10,24.07,16.83,20.08,11.99,62.23,1.89,2.37,13.75,0.08,0.19,0.17,0.18
1997-01-11,23.92,17.06,19.73,11.8,62.93,1.49,1.8,14.97,0.0,0.18,0.17,0.18
1997-01-12,23.93,17.6,19.93,13.95,70.77,1.97,2.34,14.65,0.0,0.17,0.17,0.18
1997-01-13,24.45,17.11,20.11,11.83,62.01,1.21,1.45,14.59,0.0,0.16,0.17,0.18
1997-01-14,25.31,17.86,20.64,12.06,61.98,1.42,1.69,13.19,0.0,0.16,0.17,0.17
1997-01-15,25.56,17.25,20.84,10.92,59.1,1.33,1.59,13.85,0.0,0.15,0.17,0.17
1997-01-16,25.2,17.46,21.13,8.9,47.83,3.75,4.69,13.3,0.0,0.15,0.17,0.17
1997-01-17,25.02,18.87,21.55,14.93,67.04,6.88,8.33,12.26,1.04,0.17,0.17,0.17
1997-01-18,21.25,17.6,19.25,10.48,57.32,7.64,9.23,13.67,0.0,0.17,0.17,0.17
1997-01-19,23.41,16.82,19.69,9.38,52.77,2.71,3.28,13.69,0.0,0.16,0.17,0.17
1997-01-20,22.71,15.65,18.77,7.91,51.08,2.58,3.18,14.73,0.0,0.15,0.17,0.17
1997-01-21,22.07,15.49,18.77,11.35,63.45,2.52,3.0,11.22,3.06,0.17,0.17,0.17
1997-01-22,20.12,16.49,17.95,14.38,80.08,5.0,5.89,5.9,2.6,0.26,0.18,0.18
1997-01-23,20.98,16.81,18.57,12.16,67.02,3.21,3.88,13.7,0.02,0.23,0.18,0.18
1997-01-24,22.67,15.48,19.01,9.65,56.44,2.9,3.46,15.02,0.12,0.2,0.18,0.18
1997-01-25,18.68,17.04,17.92,14.21,79.02,5.02,5.95,2.4,34.38,0.41,0.22,0.21
1997-01-26,19.95,16.32,17.95,11.64,66.9,7.25,8.76,11.83,8.34,0.4,0.26,0.25
1997-01-27,20.33,15.37,17.49,11.22,67.23,3.83,4.7,12.87,0.0,0.33,0.26,0.25
1997-01-28,20.23,14.65,17.02,10.98,68.45,3.17,3.84,13.82,0.0,0.3,0.25,0.25
1997-01-29,20.47,14.99,17.24,8.93,59.5,1.92,2.27,15.45,0.0,0.29,0.24,0.25
1997-01-30,22.17,15.83,18.34,11.7,67.29,1.89,2.2,14.75,0.0,0.28,0.24,0.25
1997-01-31,23.64,17.31,19.82,14.01,71.4,2.22,2.61,12.97,0.02,0.28,0.24,0.25
1997-02-01,20.92,15.69,19.03,9.98,57.81,7.0,8.44,15.5,0.0,0.27,0.24,0.25
1997-02-02,21.55,15.28,18.13,9.84,59.21,1.64,2.07,16.12,0.0,0.26,0.23,0.24
1997-02-03,21.98,15.72,18.38,11.1,63.45,2.96,3.62,15.61,0.0,0.26,0.23,0.24
1997-02-04,23.92,16.62,19.86,13.53,68.69,2.87,3.55,15.44,0.0,0.26,0.23,0.24
1997-02-05,23.95,17.54,20.11,14.34,70.92,2.94,3.61,15.57,0.0,0.26,0.23,0.24
1997-02-06,22.93,17.83,19.97,10.86,57.7,5.04,6.19,16.44,0.0,0.25,0.23,0.24
1997-02-07,22.06,17.29,19.23,9.87,55.93,6.28,7.61,15.32,0.0,0.25,0.23,0.24
1997-02-08,22.92,16.78,19.23,9.81,55.46,2.55,3.16,16.23,0.0,0.25,0.23,0.24
1997-02-09,21.95,16.46,18.7,11.29,63.32,4.65,5.7,15.13,0.0,0.25,0.22,0.23
1997-02-10,22.34,15.92,18.72,8.99,55.43,3.03,3.72,16.9,0.0,0.24,0.22,0.23
1997-02-11,24.96,15.33,19.89,11.83,61.27,2.51,3.04,12.88,0.03,0.24,0.22,0.23
1997-02-12,23.05,18.23,20.04,16.13,78.64,2.93,3.49,9.22,1.01,0.26,0.22,0.23
1997-02-13,21.47,16.75,18.68,10.74,60.9,4.18,5.04,15.14,0.01,0.25,0.22,0.23
1997-02-14,21.52,16.02,18.55,10.92,62.2,4.0,4.88,16.16,0.0,0.24,0.22,0.23
1997-02-15,22.82,17.28,19.42,10.97,59.82,5.72,7.01,16.2,0.0,0.24,0.22,0.23
1997-02-16,21.62,16.04,18.52,10.75,61.89,4.95,6.03,17.14,0.0,0.23,0.22,0.23
1997-02-17,23.71,15.59,19.1,11.01,61.82,2.26,2.88,17.5,0.0,0.23,0.22,0.23
1997-02-18,26.27,16.08,20.46,9.73,53.76,1.2,1.47,17.43,0.0,0.23,0.22,0.22
1997-02-19,27.66,16.81,21.71,11.87,57.18,2.23,2.75,17.57,0.0,0.22,0.21,0.22
1997-02-20,28.99,17.92,22.98,13.43,60.92,2.77,3.52,17.71,0.0,0.22,0.21,0.22
1997-02-21,31.26,19.49,24.71,14.42,57.8,3.42,4.3,17.36,0.0,0.21,0.21,0.22
1997-02-22,30.81,20.64,25.21,14.23,54.13,3.45,4.39,17.83,0.0,0.2,0.21,0.22
1997-02-23,30.54,21.22,25.27,12.53,47.98,3.69,4.7,17.96,0.0,0.2,0.21,0.22
1997-02-24,26.64,19.28,22.31,14.52,64.4,3.21,3.94,17.46,0.0,0.2,0.21,0.22
1997-02-25,25.74,18.58,21.46,13.83,65.12,2.78,3.42,18.87,0.0,0.2,0.21,0.22
1997-02-26,27.85,17.13,22.07,11.2,56.07,1.73,2.08,17.87,0.0,0.19,0.21,0.21
1997-02-27,26.26,18.7,21.57,14.12,64.29,3.62,4.28,17.66,0.0,0.18,0.2,0.21
1997-02-28,21.45,17.27,19.57,8.85,51.4,7.19,8.68,16.81,0.01,0.18,0.2,0.21
1997-03-01,23.99,15.63,19.58,9.25,53.18,2.76,3.39,19.38,0.0,0.17,0.2,0.21
1997-03-02,25.13,16.62,20.23,9.66,52.93,1.73,2.09,20.3,0.0,0.17,0.2,0.21
1997-03-03,24.93,17.48,20.76,9.97,51.77,1.65,1.92,16.46,0.0,0.17,0.2,0.21
1997-03-04,27.73,18.9,22.76,10.99,51.11,2.34,2.88,13.01,0.0,0.16,0.2,0.21
1997-03-05,29.06,20.47,24.12,14.06,57.22,4.8,5.95,10.62,0.0,0.16,0.2,0.21
1997-03-06,23.83,19.68,21.31,12.82,61.7,5.49,6.56,14.41,0.0,0.16,0.2,0.21
1997-03-07,25.59,18.65,22.14,9.39,46.61,2.7,3.31,16.54,0.0,0.16,0.2,0.21
1997-03-08,25.97,19.35,22.52,15.05,63.22,4.26,5.15,17.86,0.01,0.16,0.2,0.2
1997-03-09,25.64,18.42,21.39,12.94,61.05,3.81,4.55,16.44,0.16,0.16,0.2,0.2
1997-03-10,24.71,18.26,21.01,16.52,76.2,3.78,4.5,8.99,3.94,0.22,0.2,0.21
1997-03-11,26.58,19.93,22.65,16.53,69.55,5.1,6.12,12.86,7.91,0.29,0.21,0.21
1997-03-12,27.3,20.01,23.29,16.29,66.26,3.54,4.38,17.94,0.07,0.27,0.22,0.22
1997-03-13,29.1,20.75,23.37,17.16,69.82,3.21,3.83,13.79,0.55,0.25,0.21,0.22
1997-03-14,22.66,18.23,20.66,15.22,72.14,3.45,4.03,13.64,1.83,0.26,0.21,0.22
1997-03-15,25.9,18.12,21.12,12.83,60.44,3.68,4.41,6.45,0.79,0.28,0.22,0.22
1997-03-16,23.64,19.75,20.93,17.04,78.77,2.75,3.25,4.13,10.52,0.35,0.23,0.23
1997-03-17,19.73,17.67,18.92,15.37,80.18,4.37,5.12,7.81,23.96,0.46,0.27,0.27
1997-03-18,23.72,17.16,20.55,10.45,54.38,3.72,4.51,19.26,1.59,0.35,0.27,0.28
1997-03-19,23.38,17.58,20.48,13.9,66.62,3.47,4.16,10.65,3.88,0.39,0.27,0.28
1997-03-20,23.09,18.55,20.35,12.78,64.93,4.95,5.97,21.86,0.0,0.34,0.27,0.28
1997-03-21,23.38,16.79,19.87,11.9,62.27,5.58,6.76,23.04,0.0,0.32,0.27,0.28
1997-03-22,21.85,16.47,19.35,14.95,76.3,4.85,5.92,19.54,0.03,0.32,0.26,0.27
1997-03-23,25.1,17.65,20.98,15.29,71.25,3.2,3.81,21.28,2.02,0.35,0.26,0.28
1997-03-24,27.83,19.07,23.0,15.95,66.19,3.83,4.82,14.31,1.14,0.33,0.26,0.27
1997-03-25,28.01,20.67,23.98,18.34,71.89,3.51,4.26,18.67,12.31,0.4,0.27,0.28
1997-03-26,24.51,18.72,21.82,16.49,74.09,2.37,2.88,19.26,10.42,0.44,0.3,0.3
1997-03-27,25.87,18.06,21.91,10.47,53.23,2.6,3.18,22.87,0.01,0.36,0.29,0.3
1997-03-28,27.37,19.5,23.03,8.42,41.85,1.73,2.19,18.81,0.0,0.34,0.29,0.3
1997-03-29,27.53,19.15,23.23,16.85,68.73,6.2,7.53,8.62,12.2,0.4,0.29,0.3
1997-03-30,22.3,17.35,20.02,14.12,70.14,5.9,6.97,19.47,8.5,0.44,0.31,0.32
1997-03-31,22.76,16.68,19.42,14.02,71.65,4.55,5.39,22.8,0.0,0.38,0.31,0.32
1997-04-01,23.86,17.46,20.33,15.17,73.08,3.55,4.24,23.1,0.0,0.37,0.3,0.31
1997-04-02,25.96,17.14,21.0,13.87,66.59,2.52,3.09,23.86,0.0,0.36,0.3,0.31
1997-04-03,26.09,17.31,21.23,13.91,66.31,2.13,2.51,23.7,0.0,0.35,0.29,0.31
1997-04-04,28.09,16.82,22.18,11.49,55.18,1.72,2.1,23.48,0.0,0.34,0.29,0.3
1997-04-05,29.94,19.87,24.94,12.92,50.51,2.97,3.83,22.82,0.0,0.34,0.29,0.3
1997-04-06,31.47,21.6,25.9,16.62,59.95,3.69,4.58,16.67,0.0,0.33,0.28,0.3
1997-04-07,30.81,21.73,25.62,17.59,64.29,3.42,4.17,21.94,0.01,0.33,0.28,0.29
1997-04-08,30.97,22.34,26.39,17.2,60.43,2.88,3.56,23.04,0.0,0.32,0.28,0.29
1997-04-09,30.27,21.63,26.03,11.82,45.41,1.96,2.35,26.24,0.0,0.31,0.27,0.29
1997-04-10,32.4,22.74,27.16,13.03,44.47,3.01,3.8,22.11,0.0,0.3,0.27,0.28
1997-04-11,25.34,20.21,22.81,14.41,60.99,6.68,7.98,24.13,0.0,0.3,0.26,0.28
1997-04-12,24.31,19.3,21.32,12.15,57.17,6.78,8.11,24.13,0.0,0.29,0.26,0.28
1997-04-13,24.35,19.1,21.46,13.56,61.87,7.35,8.87,24.01,0.0,0.29,0.26,0.27
1997-04-14,28.36,18.87,23.14,13.4,57.46,2.6,3.22,25.03,0.0,0.28,0.26,0.27
1997-04-15,29.37,18.29,23.72,12.46,54.08,1.59,1.89,24.11,0.0,0.28,0.25,0.27
1997-04-16,30.35,21.44,25.39,10.43,41.75,1.61,1.91,22.61,0.0,0.27,0.25,0.26
1997-04-17,31.11,22.63,26.15,12.72,45.55,2.12,2.56,23.26,0.0,0.27,0.25,0.26
1997-04-18,32.06,21.76,26.21,18.54,66.83,2.17,2.7,18.82,0.04,0.27,0.25,0.26
1997-04-19,31.27,22.62,26.84,16.85,57.03,2.39,2.93,21.27,0.01,0.27,0.24,0.26
1997-04-20,30.3,21.16,25.07,15.32,60.91,2.14,2.51,17.71,0.0,0.26,0.24,0.25
1997-04-21,28.34,21.38,24.09,14.83,59.59,3.02,3.5,11.14,0.2,0.26,0.24,0.25
1997-04-22,28.6,21.27,24.33,16.29,61.96,2.09,2.43,23.99,0.36,0.26,0.24,0.25
1997-04-23,24.58,21.1,23.02,18.2,74.43,3.21,3.8,8.37,8.65,0.35,0.25,0.26
1997-04-24,28.24,19.83,23.72,17.48,70.27,2.57,3.03,13.95,1.15,0.33,0.25,0.26
1997-04-25,28.25,21.79,24.61,16.63,62.4,2.09,2.41,24.73,0.03,0.29,0.25,0.26
1997-04-26,29.4,21.32,25.13,16.45,60.76,1.79,2.08,24.49,0.03,0.27,0.25,0.26
1997-04-27,30.74,21.54,26.04,16.71,58.8,1.66,1.93,25.34,0.0,0.26,0.24,0.25
1997-04-28,32.93,22.65,27.46,16.05,53.11,1.98,2.53,25.37,0.0,0.25,0.24,0.25
1997-04-29,33.86,23.07,28.48,16.3,52.55,2.06,2.68,22.13,0.14,0.24,0.24,0.25
1997-04-30,31.51,22.62,26.4,19.03,67.23,1.99,2.47,23.14,0.28,0.24,0.23,0.25
1997-05-01,32.08,21.35,26.28,14.43,54.92,1.97,2.4,23.78,0.0,0.24,0.23,0.24
1997-05-02,30.62,22.61,26.21,16.85,61.23,3.34,3.97,25.93,0.0,0.23,0.23,0.24
1997-05-03,31.14,22.58,26.5,17.64,63.92,4.06,4.86,26.4,0.0,0.23,0.23,0.24
1997-05-04,33.69,20.94,27.05,16.69,60.68,1.69,2.13,25.36,0.0,0.22,0.22,0.24
1997-05-05,35.92,24.06,29.05,15.77,49.41,2.23,2.78,25.66,0.0,0.21,0.22,0.23
1997-05-06,30.64,23.94,26.7,18.57,65.32,4.24,5.03,22.57,0.0,0.21,0.22,0.23
1997-05-07,33.58,22.6,28.08,15.03,49.61,2.2,2.73,25.54,0.0,0.2,0.22,0.23
1997-05-08,32.35,23.43,27.39,17.01,56.06,2.09,2.47,16.95,0.0,0.2,0.22,0.23
1997-05-09,31.46,22.78,26.85,17.55,63.2,3.71,4.43,25.82,0.0,0.2,0.21,0.22
1997-05-10,30.82,21.95,26.46,17.14,62.45,4.26,5.17,25.87,0.0,0.2,0.21,0.22
1997-05-11,34.22,22.66,28.37,16.49,55.51,1.68,2.12,25.98,0.0,0.19,0.21,0.22
1997-05-12,36.03,23.91,30.1,11.32,37.38,1.88,2.49,26.33,0.0,0.17,0.21,0.22
1997-05-13,37.11,25.79,30.95,8.61,28.62,1.57,2.07,25.59,0.0,0.16,0.21,0.22
1997-05-14,35.64,27.29,30.75,11.06,33.69,1.67,1.99,27.1,0.0,0.15,0.2,0.21
1997-05-15,35.96,27.32,31.13,12.14,34.02,2.05,2.45,26.83,0.0,0.15,0.2,0.21
1997-05-16,34.79,26.24,30.26,16.56,47.28,3.22,3.83,23.89,0.0,0.15,0.2,0.21
1997-05-17,34.79,25.95,29.78,18.52,55.52,2.88,3.41,26.06,0.0,0.15,0.2,0.21
1997-05-18,35.5,25.41,30.26,19.5,57.43,4.21,5.05,26.09,0.0,0.15,0.2,0.21
1997-05-19,35.64,26.26,30.49,19.67,57.57,5.57,6.69,26.04,0.0,0.14,0.2,0.21
1997-05-20,35.86,26.65,30.6,18.72,54.21,3.54,4.28,25.98,0.0,0.14,0.2,0.21
1997-05-21,35.22,24.53,29.85,20.4,63.65,2.78,3.34,25.98,0.0,0.14,0.2,0.2
1997-05-22,37.39,24.66,30.99,17.72,52.0,1.91,2.23,25.53,0.0,0.13,0.19,0.2
1997-05-23,36.89,28.96,32.54,16.81,42.44,1.91,2.3,26.38,0.0,0.13,0.19,0.2
1997-05-24,37.02,28.72,32.23,19.15,49.77,2.11,2.57,25.87,0.0,0.13,0.19,0.2
1997-05-25,36.8,27.03,31.7,20.15,55.65,3.72,4.46,24.71,0.0,0.13,0.19,0.2
1997-05-26,36.23,27.09,31.06,20.33,60.85,4.6,5.51,23.59,0.0,0.13,0.19,0.2
1997-05-27,34.45,26.78,29.98,21.69,66.69,3.35,4.03,20.88,0.0,0.13,0.19,0.2
1997-05-28,36.83,26.38,31.69,14.2,39.63,2.81,3.41,26.43,0.0,0.12,0.19,0.2
1997-05-29,37.18,28.58,32.59,13.88,35.57,2.81,3.46,26.45,0.0,0.12,0.19,0.2
1997-05-30,37.02,27.17,31.84,19.77,53.43,2.53,3.04,24.69,0.05,0.12,0.19,0.19
1997-05-31,37.97,27.43,32.71,20.74,54.87,2.23,2.63,24.63,0.0,0.12,0.19,0.19
1997-06-01,37.9,28.58,33.25,19.03,47.56,2.9,3.44,25.23,0.0,0.11,0.19,0.19
1997-06-02,35.79,27.75,31.54,21.89,60.82,4.45,5.27,26.04,0.0,0.11,0.18,0.19
1997-06-03,34.3,26.95,30.17,21.75,63.88,4.71,5.52,26.7,0.0,0.11,0.18,0.19
1997-06-04,35.44,25.03,30.04,19.75,57.92,2.29,2.63,24.64,0.0,0.11,0.18,0.19
1997-06-05,37.16,28.04,32.44,20.83,52.21,1.63,1.95,26.03,0.0,0.11,0.18,0.19
1997-06-06,39.24,28.07,33.71,19.84,47.4,2.1,2.53,25.45,0.0,0.1,0.18,0.19
1997-06-07,38.74,29.52,33.81,20.34,49.19,2.61,3.16,25.92,0.0,0.1,0.18,0.19
1997-06-08,38.5,28.03,32.9,18.47,48.72,2.62,3.08,25.53,0.0,0.1,0.18,0.19
1997-06-09,40.08,26.91,33.26,18.34,48.5,2.28,2.75,25.31,0.0,0.1,0.18,0.18
1997-06-10,40.12,30.57,34.77,18.54,42.18,2.62,3.19,26.23,0.0,0.09,0.18,0.18
1997-06-11,39.79,31.22,35.18,16.41,36.07,2.7,3.23,26.23,0.0,0.09,0.18,0.18
1997-06-12,39.65,30.42,34.79,17.76,40.65,2.39,2.82,26.78,0.0,0.09,0.18,0.18
1997-06-13,39.65,30.62,34.91,16.01,36.99,1.98,2.32,26.04,0.0,0.09,0.18,0.18
1997-06-14,38.41,30.88,34.44,15.77,36.15,2.03,2.34,24.65,0.0,0.09,0.17,0.18
1997-06-15,41.12,30.45,35.87,16.87,35.25,1.38,1.67,25.1,0.0,0.09,0.17,0.18
1997-06-16,40.71,32.01,35.84,21.89,47.2,2.5,3.0,24.11,0.0,0.08,0.17,0.18
1997-06-17,40.85,32.67,36.33,21.73,45.7,2.2,2.72,25.23,0.0,0.08,0.17,0.18
1997-06-18,38.5,31.08,34.75,23.64,55.61,2.33,2.72,23.86,0.0,0.09,0.17,0.18
1997-06-19,37.05,29.39,32.92,23.63,64.98,4.39,5.14,26.22,0.0,0.09,0.17,0.18
1997-06-20,36.05,28.43,31.85,24.43,67.74,3.64,4.22,24.39,0.0,0.09,0.17,0.18
1997-06-21,37.77,28.13,33.15,23.28,58.62,3.25,3.86,22.94,0.0,0.09,0.17,0.18
1997-06-22,37.95,28.99,33.36,23.05,57.19,3.13,3.59,24.33,0.0,0.08,0.17,0.17
1997-06-23,38.32,31.19,34.24,22.32,51.53,2.56,2.97,24.24,0.0,0.08,0.17,0.17
1997-06-24,38.55,31.15,34.64,21.46,47.89,1.88,2.13,24.95,0.0,0.08,0.17,0.17
1997-06-25,38.94,31.45,34.89,22.89,51.85,2.16,2.49,24.59,0.0,0.08,0.17,0.17
1997-06-26,40.93,31.34,35.89,22.64,50.46,2.33,2.7,24.88,0.0,0.08,0.17,0.17
1997-06-27,40.75,31.93,35.99,24.04,54.3,2.41,2.76,25.53,0.0,0.08,0.17,0.17
1997-06-28,45.11,31.76,37.67,21.55,46.01,1.95,2.28,17.59,0.04,0.08,0.17,0.17
1997-06-29,42.69,32.63,37.61,19.39,42.21,2.61,3.07,24.26,0.0,0.08,0.17,0.17
1997-06-30,42.59,32.39,37.2,17.77,37.51,2.34,2.79,24.55,0.0,0.07,0.16,0.17
1997-07-01,38.8,31.18,34.41,24.36,59.37,2.81,3.2,23.86,0.0,0.07,0.16,0.17
1997-07-02,40.59,29.83,34.53,23.62,56.51,2.45,2.77,23.66,0.0,0.07,0.16,0.17
1997-07-03,38.97,30.55,34.22,23.1,56.36,2.91,3.33,23.65,0.01,0.07,0.16,0.17
1997-07-04,38.67,29.45,33.92,23.05,58.6,2.46,2.81,24.13,0.01,0.07,0.16,0.17
1997-07-05,38.55,29.67,33.94,22.1,55.2,2.83,3.24,24.14,0.0,0.07,0.16,0.17
1997-07-06,38.56,29.89,34.17,21.05,50.63,3.38,3.91,26.16,0.0,0.07,0.16,0.17
1997-07-07,38.38,30.41,34.28,24.12,60.16,3.86,4.45,26.17,0.0,0.07,0.16,0.17
1997-07-08,41.53,30.64,35.12,23.83,56.9,3.04,3.51,25.16,0.0,0.07,0.16,0.16
1997-07-09,39.22,30.82,34.68,24.11,57.19,3.18,3.65,24.07,0.0,0.07,0.16,0.16
1997-07-10,38.29,31.34,34.49,23.35,54.84,3.91,4.5,23.13,0.06,0.08,0.16,0.16
1997-07-11,37.18,31.76,33.99,26.25,65.43,4.99,5.81,22.02,0.06,0.08,0.16,0.16
1997-07-12,37.19,31.48,33.99,23.72,56.88,6.08,7.19,18.67,0.08,0.08,0.16,0.16
1997-07-13,37.21,30.08,33.69,20.27,48.91,3.68,4.33,22.47,0.88,0.11,0.16,0.16
1997-07-14,37.78,29.76,33.52,23.15,59.9,3.9,4.59,23.98,0.71,0.13,0.16,0.17
1997-07-15,38.4,29.94,33.91,24.14,61.47,4.86,5.71,22.99,0.02,0.12,0.16,0.16
1997-07-16,39.52,29.68,33.91,24.23,61.51,3.55,4.07,23.12,0.17,0.12,0.16,0.16
1997-07-17,36.71,30.3,32.95,24.56,63.68,2.93,3.27,24.59,0.0,0.11,0.16,0.16
1997-07-18,38.93,29.81,33.69,25.02,63.47,3.05,3.45,22.47,0.01,0.11,0.16,0.16
1997-07-19,40.05,31.41,35.13,24.32,56.13,2.69,3.06,22.7,0.09,0.1,0.16,0.16
1997-07-20,38.42,31.01,34.66,24.71,57.91,2.39,2.8,22.44,0.01,0.1,0.16,0.16
1997-07-21,39.13,31.33,34.98,24.77,57.37,4.42,5.24,22.54,0.04,0.1,0.16,0.16
1997-07-22,39.37,31.89,34.92,24.45,56.92,4.94,5.92,22.3,0.01,0.1,0.16,0.16
1997-07-23,38.47,31.49,34.56,24.7,58.78,4.1,4.89,22.55,0.01,0.1,0.16,0.16
1997-07-24,38.38,30.66,34.38,25.24,60.71,4.16,4.86,22.44,0.02,0.1,0.16,0.16
1997-07-25,39.68,30.71,35.04,24.07,54.86,3.61,4.19,23.94,0.0,0.1,0.16,0.16
1997-07-26,39.47,32.22,35.34,24.18,53.48,2.86,3.28,23.34,0.0,0.09,0.16,0.16
1997-07-27,41.28,33.07,36.33,24.98,53.62,2.92,3.46,23.04,0.0,0.09,0.16,0.16
1997-07-28,40.02,33.25,36.08,24.9,53.88,2.77,3.28,23.03,0.0,0.09,0.16,0.16
1997-07-29,39.31,32.89,35.41,24.63,55.59,2.62,3.02,22.43,0.0,0.09,0.16,0.16
1997-07-30,39.34,31.66,35.25,23.27,52.13,1.49,1.66,23.25,0.0,0.09,0.16,0.16
1997-07-31,41.82,32.81,36.67,23.18,48.48,1.89,2.19,22.69,0.0,0.09,0.16,0.16
1997-08-01,40.34,32.39,36.24,23.81,51.57,2.16,2.45,23.4,0.0,0.08,0.16,0.16
1997-08-02,40.65,32.2,36.0,24.52,54.9,1.75,1.98,23.4,0.0,0.08,0.16,0.16
1997-08-03,40.88,32.39,35.71,24.94,56.21,2.15,2.45,22.58,0.0,0.08,0.16,0.16
1997-08-04,37.89,30.77,33.68,25.88,66.29,4.39,5.06,23.16,0.01,0.08,0.16,0.16
1997-08-05,38.91,30.91,34.42,24.82,60.34,2.35,2.67,23.23,0.0,0.08,0.16,0.16
1997-08-06,39.11,31.09,34.66,24.41,57.31,1.72,1.92,18.73,0.34,0.09,0.16,0.16
1997-08-07,38.04,31.85,34.52,24.52,57.12,1.41,1.59,20.44,0.49,0.11,0.16,0.16
1997-08-08,38.65,32.29,35.13,25.56,58.84,1.48,1.68,22.46,0.6,0.12,0.16,0.16
1997-08-09,39.31,32.61,35.13,24.12,55.39,3.2,3.75,22.84,0.6,0.14,0.16,0.16
1997-08-10,38.92,32.29,35.24,24.28,54.84,2.36,2.72,22.22,0.13,0.14,0.16,0.16
1997-08-11,38.8,32.09,35.06,22.69,51.27,3.15,3.64,23.0,0.06,0.12,0.16,0.16
1997-08-12,40.21,30.98,35.01,24.03,56.3,1.87,2.14,23.32,0.04,0.11,0.16,0.16
1997-08-13,39.2,30.91,34.43,25.27,60.7,1.95,2.21,23.32,0.31,0.11,0.16,0.16
1997-08-14,38.09,30.56,33.94,23.93,58.04,2.25,2.5,22.61,0.07,0.11,0.16,0.16
1997-08-15,39.73,30.35,34.71,23.53,55.03,3.68,4.28,20.25,0.01,0.1,0.16,0.16
1997-08-16,39.43,29.89,34.5,23.77,56.33,3.72,4.3,22.12,0.01,0.1,0.16,0.16
1997-08-17,39.24,31.27,34.99,22.84,52.12,2.75,3.14,22.24,0.0,0.09,0.15,0.16
1997-08-18,38.39,31.05,34.13,23.78,57.05,3.65,4.18,22.6,0.0,0.09,0.15,0.16
1997-08-19,37.26,28.92,32.84,22.83,59.39,3.38,3.93,22.94,0.0,0.09,0.15,0.16
1997-08-20,38.13,28.18,32.87,22.56,58.78,2.48,2.87,22.96,0.0,0.09,0.15,0.16
1997-08-21,39.55,29.43,33.94,22.83,56.22,2.03,2.31,21.21,0.0,0.09,0.15,0.16
1997-08-22,38.65,30.4,34.03,23.67,57.78,2.94,3.34,22.03,0.0,0.08,0.15,0.16
1997-08-23,37.47,30.56,33.61,24.05,59.63,2.88,3.27,22.28,0.0,0.08,0.15,0.16
1997-08-24,38.69,29.66,33.74,22.52,54.95,1.41,1.61,22.26,0.0,0.08,0.15,0.16
1997-08-25,40.94,30.26,35.25,22.23,50.56,1.93,2.25,21.94,0.0,0.08,0.15,0.15
1997-08-26,41.08,32.61,36.63,20.04,42.52,2.14,2.62,21.16,0.0,0.08,0.15,0.15
1997-08-27,41.85,32.0,36.64,16.77,33.09,1.6,1.98,22.85,0.0,0.07,0.15,0.15
1997-08-28,41.15,31.13,36.0,19.0,39.92,3.43,4.14,22.81,0.0,0.07,0.15,0.15
1997-08-29,41.27,29.98,35.28,20.8,46.04,3.62,4.31,22.54,0.0,0.07,0.15,0.15
1997-08-30,40.17,29.57,34.58,20.88,48.78,4.43,5.21,23.32,0.0,0.07,0.15,0.15
1997-08-31,39.95,28.41,34.14,20.66,48.4,3.06,3.59,23.05,0.0,0.06,0.15,0.15
1997-09-01,39.81,30.12,34.47,20.59,47.97,2.86,3.37,22.98,0.0,0.06,0.15,0.15
1997-09-02,38.8,28.98,33.63,22.01,56.75,3.17,3.74,24.27,0.0,0.06,0.15,0.15
1997-09-03,39.5,31.07,34.84,22.59,53.3,2.96,3.44,23.93,0.0,0.07,0.15,0.15
1997-09-04,39.58,30.28,34.47,21.11,51.33,3.02,3.53,23.38,0.0,0.07,0.15,0.15
1997-09-05,38.29,29.55,33.67,23.93,59.92,2.88,3.42,22.08,0.0,0.07,0.15,0.15
1997-09-06,40.7,28.94,34.58,21.62,52.26,1.71,2.07,21.53,0.0,0.07,0.15,0.15
1997-09-07,40.15,30.63,34.55,22.93,54.45,2.88,3.33,21.77,0.0,0.07,0.15,0.15
1997-09-08,37.79,30.0,33.4,23.48,59.37,1.94,2.21,21.15,0.0,0.07,0.15,0.15
1997-09-09,39.35,30.11,33.95,22.86,55.68,3.11,3.63,20.76,0.0,0.07,0.15,0.15
1997-09-10,39.83,28.74,34.08,21.88,52.6,3.02,3.52,20.11,0.0,0.07,0.15,0.15
1997-09-11,39.1,30.14,34.48,22.34,51.54,2.53,2.9,19.86,0.0,0.07,0.15,0.15
1997-09-12,39.65,31.63,35.34,22.05,48.0,2.61,3.01,19.9,0.0,0.06,0.15,0.15
1997-09-13,39.51,32.1,35.14,22.45,50.0,2.24,2.54,20.05,0.0,0.06,0.15,0.15
1997-09-14,38.16,29.53,33.89,21.4,51.68,3.1,3.61,20.49,0.0,0.07,0.15,0.15
1997-09-15,37.76,28.36,32.75,20.34,51.71,2.42,2.86,20.74,0.0,0.07,0.15,0.15
1997-09-16,38.78,29.91,33.63,21.35,52.12,1.99,2.28,20.81,0.0,0.07,0.15,0.15
1997-09-17,39.46,29.53,34.39,20.5,47.47,2.58,3.04,20.39,0.0,0.06,0.15,0.15
1997-09-18,39.65,29.58,34.73,20.64,47.78,2.6,3.1,19.53,0.15,0.07,0.15,0.15
1997-09-19,38.71,31.03,34.42,19.66,44.5,2.34,2.79,20.7,0.0,0.07,0.15,0.15
1997-09-20,38.46,30.03,33.86,21.12,52.52,2.34,2.73,21.26,0.0,0.07,0.15,0.15
1997-09-21,38.25,29.91,33.78,20.84,51.84,2.44,2.86,21.3,0.0,0.07,0.15,0.15
1997-09-22,38.04,29.41,33.47,21.63,55.06,2.39,2.77,21.28,0.0,0.07,0.15,0.15
1997-09-23,38.41,28.91,33.37,20.85,51.81,1.77,2.05,20.11,0.0,0.07,0.15,0.15
1997-09-24,37.66,29.14,32.77,21.29,55.35,2.57,3.01,19.06,0.0,0.07,0.15,0.15
1997-09-25,35.85,28.15,31.87,24.2,67.27,2.05,2.4,19.3,0.0,0.07,0.15,0.15
1997-09-26,38.46,28.56,32.96,21.86,57.33,2.19,2.55,19.11,0.0,0.07,0.15,0.15
1997-09-27,36.94,28.3,32.31,24.16,66.5,2.36,2.76,19.32,0.0,0.07,0.15,0.15
1997-09-28,39.73,28.59,33.56,20.85,52.2,1.66,1.95,19.99,0.0,0.07,0.15,0.15
1997-09-29,39.35,28.64,33.11,22.76,60.22,2.42,2.82,20.18,0.01,0.07,0.15,0.15
1997-09-30,38.46,27.53,32.32,23.09,65.03,3.2,3.8,20.13,0.02,0.07,0.15,0.15
1997-10-01,37.79,27.98,32.5,23.2,62.5,3.08,3.61,19.93,0.0,0.07,0.15,0.15
1997-10-02,38.5,28.48,33.22,21.04,52.93,2.16,2.61,18.48,0.02,0.07,0.15,0.15
1997-10-03,38.2,28.57,33.04,21.1,52.82,2.06,2.41,19.08,0.0,0.07,0.15,0.15
1997-10-04,36.79,29.43,32.64,22.82,58.42,2.97,3.43,17.93,0.0,0.07,0.15,0.15
1997-10-05,37.19,28.71,32.32,24.06,64.97,3.15,3.68,18.12,0.0,0.07,0.15,0.15
1997-10-06,39.06,28.18,33.14,20.56,53.46,2.59,3.06,17.76,0.0,0.07,0.15,0.15
1997-10-07,38.1,28.9,32.97,18.74,47.89,2.85,3.37,18.43,0.0,0.07,0.15,0.15
1997-10-08,36.33,28.16,31.91,19.47,51.32,2.92,3.49,19.03,0.0,0.07,0.15,0.15
1997-10-09,36.37,27.36,31.72,19.08,51.81,1.63,1.95,18.41,0.0,0.07,0.15,0.15
1997-10-10,36.05,27.98,31.55,20.47,55.33,2.44,2.9,17.64,0.01,0.07,0.15,0.15
1997-10-11,35.67,27.89,31.57,19.75,52.02,2.73,3.23,16.12,0.0,0.07,0.15,0.15
1997-10-12,35.33,29.88,31.95,21.06,53.67,2.3,2.63,18.05,0.0,0.07,0.15,0.15
1997-10-13,35.69,29.27,31.7,20.73,54.7,2.97,3.48,18.16,0.0,0.07,0.15,0.15
1997-10-14,33.87,28.15,30.54,21.8,61.42,4.25,5.1,17.58,0.03,0.07,0.15,0.15
1997-10-15,33.25,26.9,29.96,22.31,65.41,2.77,3.35,17.13,1.68,0.12,0.15,0.15
1997-10-16,32.4,27.52,29.78,20.19,57.47,1.57,1.98,17.1,0.01,0.13,0.15,0.15
1997-10-17,32.43,27.38,29.4,21.54,64.01,3.0,3.64,16.43,0.56,0.14,0.15,0.15
1997-10-18,33.58,25.66,29.12,18.29,54.4,2.85,3.44,17.24,0.35,0.15,0.15,0.15
1997-10-19,33.45,25.06,28.9,18.47,57.01,2.73,3.3,17.52,0.12,0.14,0.15,0.15
1997-10-20,33.66,26.32,29.82,19.96,58.37,2.79,3.29,17.56,0.01,0.13,0.15,0.15
1997-10-21,34.11,27.85,30.56,21.93,61.88,4.01,4.79,17.15,0.0,0.12,0.15,0.15
1997-10-22,33.49,28.3,30.47,22.7,65.08,3.98,4.84,16.27,0.07,0.12,0.15,0.15
1997-10-23,31.49,28.33,29.55,22.32,65.71,3.89,4.67,14.63,0.93,0.14,0.15,0.15
1997-10-24,30.55,27.14,28.41,20.33,62.11,2.69,3.16,7.26,2.65,0.21,0.16,0.16
1997-10-25,31.25,26.07,28.35,19.58,59.8,3.09,3.72,16.42,0.75,0.2,0.16,0.16
1997-10-26,31.32,25.76,28.26,18.79,57.02,3.01,3.57,16.35,1.74,0.2,0.16,0.16
1997-10-27,30.62,25.17,27.87,18.75,58.06,2.66,3.15,16.41,0.3,0.19,0.16,0.16
1997-10-28,31.01,25.88,28.05,18.44,56.71,1.28,1.45,16.28,0.11,0.17,0.16,0.16
1997-10-29,32.16,26.15,28.86,18.0,53.05,1.43,1.68,16.23,0.36,0.17,0.16,0.16
1997-10-30,31.32,24.65,27.46,19.83,65.06,4.11,4.78,13.31,1.37,0.18,0.16,0.16
1997-10-31,27.75,24.76,26.15,20.09,69.75,3.51,4.1,4.68,14.58,0.31,0.18,0.18
1997-11-01,28.66,23.28,26.05,18.75,65.03,1.49,1.81,15.55,3.71,0.29,0.2,0.19
1997-11-02,30.34,23.56,26.77,19.33,65.62,2.89,3.39,14.69,0.33,0.24,0.19,0.19
1997-11-03,30.69,24.16,27.24,19.72,65.38,2.34,2.75,14.42,0.06,0.21,0.19,0.19
1997-11-04,29.69,25.26,27.17,19.77,64.87,1.93,2.33,11.46,0.01,0.2,0.19,0.19
1997-11-05,29.95,24.24,27.06,20.01,66.54,2.31,2.73,15.45,0.01,0.19,0.19,0.19
1997-11-06,30.86,26.54,28.3,21.49,67.35,3.16,3.85,15.58,0.0,0.19,0.19,0.19
1997-11-07,28.41,26.51,27.49,21.17,68.55,1.11,1.31,12.0,0.02,0.19,0.19,0.19
1997-11-08,30.06,25.52,27.48,19.96,64.41,1.48,1.73,14.39,0.19,0.19,0.19,0.19
1997-11-09,31.54,24.99,27.56,16.73,53.37,4.35,5.18,15.46,0.0,0.19,0.18,0.19
1997-11-10,31.4,24.3,27.49,16.9,54.22,3.47,4.13,15.06,0.0,0.18,0.18,0.19
1997-11-11,32.3,24.52,28.01,17.41,53.95,2.88,3.43,15.35,0.0,0.17,0.18,0.19
1997-11-12,31.08,25.1,27.61,19.55,62.85,2.97,3.49,7.07,0.36,0.18,0.18,0.19
1997-11-13,27.35,24.27,25.56,19.82,70.94,2.65,3.07,13.21,0.47,0.19,0.18,0.19
1997-11-14,27.32,23.27,25.18,17.86,64.32,4.52,5.35,13.22,0.27,0.2,0.18,0.19
1997-11-15,27.86,22.91,25.04,16.51,59.79,2.65,3.24,12.95,0.11,0.19,0.18,0.18
1997-11-16,26.95,23.26,24.82,15.65,56.97,1.64,1.92,10.1,0.21,0.19,0.18,0.18
1997-11-17,26.02,23.09,24.27,17.28,65.25,3.14,3.71,13.32,2.5,0.23,0.18,0.19
1997-11-18,27.11,22.95,24.45,16.97,63.61,1.57,1.84,13.76,0.22,0.22,0.19,0.19
1997-11-19,27.09,22.18,24.3,17.02,64.84,2.13,2.47,12.74,0.4,0.21,0.18,0.19
1997-11-20,25.38,21.93,23.68,17.71,69.54,2.18,2.59,9.27,11.38,0.32,0.2,0.2
1997-11-21,26.86,22.12,24.07,15.26,58.83,1.91,2.3,12.0,1.01,0.26,0.21,0.21
1997-11-22,26.69,22.54,24.26,13.56,51.69,1.64,2.01,13.62,1.47,0.24,0.21,0.21
1997-11-23,25.03,21.9,23.41,15.21,60.35,2.95,3.5,10.89,4.42,0.27,0.21,0.21
1997-11-24,24.21,21.64,22.76,15.45,63.61,3.53,4.29,10.44,8.83,0.34,0.22,0.22
1997-11-25,25.5,21.13,23.16,13.06,54.29,1.41,1.75,14.44,0.78,0.28,0.23,0.23
1997-11-26,26.55,19.11,22.76,13.24,56.63,2.84,3.47,14.56,0.01,0.25,0.22,0.23
1997-11-27,26.85,20.25,23.25,15.77,64.03,3.55,4.23,6.78,0.96,0.24,0.22,0.23
1997-11-28,26.31,21.65,23.44,15.55,62.01,1.59,1.91,8.89,2.34,0.28,0.22,0.23
1997-11-29,26.07,20.9,23.06,15.55,63.71,1.69,2.07,11.81,0.06,0.26,0.22,0.23
1997-11-30,26.26,19.9,23.09,15.51,63.18,3.98,4.8,11.09,0.0,0.24,0.22,0.23
1997-12-01,27.81,21.11,24.06,17.16,66.92,4.04,4.91,11.07,0.21,0.24,0.22,0.23
1997-12-02,26.46,22.14,23.95,18.13,70.58,2.79,3.32,12.84,1.09,0.26,0.22,0.23
1997-12-03,26.16,21.51,23.15,15.37,63.02,2.88,3.56,13.89,0.05,0.25,0.22,0.23
1997-12-04,27.03,20.93,23.31,13.94,57.05,1.23,1.48,13.48,0.0,0.23,0.22,0.23
1997-12-05,25.06,20.97,22.29,17.82,76.39,2.39,2.89,4.49,2.68,0.26,0.22,0.23
1997-12-06,25.03,20.77,22.49,17.68,74.76,4.32,5.16,8.84,4.81,0.32,0.23,0.24
1997-12-07,24.29,20.57,22.22,14.84,63.47,2.8,3.4,13.12,1.0,0.29,0.23,0.24
1997-12-08,25.73,20.38,22.72,13.85,58.19,1.23,1.48,13.72,0.03,0.26,0.23,0.24
1997-12-09,26.0,19.8,22.57,12.06,52.76,1.62,1.92,12.78,0.0,0.25,0.23,0.23
1997-12-10,26.7,20.49,23.11,11.25,48.48,2.5,3.05,10.39,0.0,0.24,0.23,0.23
1997-12-11,27.01,20.75,23.1,14.02,58.05,5.22,6.32,11.58,0.64,0.25,0.23,0.23
1997-12-12,25.55,21.38,22.91,14.07,58.16,2.25,2.81,13.35,0.0,0.24,0.23,0.23
1997-12-13,25.3,20.21,22.47,12.93,55.93,1.26,1.53,12.87,0.0,0.24,0.22,0.23
1997-12-14,24.87,18.43,21.64,15.29,69.45,4.97,5.99,12.72,0.0,0.24,0.22,0.23
1997-12-15,23.53,19.08,21.2,13.46,61.75,3.28,3.98,11.71,0.0,0.24,0.22,0.23
1997-12-16,25.43,18.46,21.71,12.78,58.05,2.37,2.86,12.95,0.0,0.23,0.22,0.23
1997-12-17,25.38,19.56,22.09,14.42,62.83,1.81,2.23,11.77,0.55,0.24,0.22,0.23
1997-12-18,24.5,19.89,21.87,16.5,72.04,3.36,4.09,11.82,0.24,0.24,0.22,0.23
1997-12-19,24.18,19.22,21.2,15.05,68.84,3.31,4.07,12.13,0.0,0.24,0.22,0.23
1997-12-20,25.47,18.15,21.65,13.73,62.91,1.48,1.79,12.01,0.0,0.23,0.22,0.23
1997-12-21,25.32,19.63,21.85,16.39,72.4,4.27,5.2,10.46,2.31,0.26,0.22,0.23
1997-12-22,23.01,18.92,20.5,14.25,67.84,4.05,4.89,11.67,0.01,0.25,0.22,0.23
1997-12-23,22.71,18.43,20.49,12.49,60.34,1.65,2.02,12.89,0.66,0.25,0.22,0.23
1997-12-24,22.58,18.97,20.72,12.45,59.7,2.44,3.01,9.96,0.11,0.25,0.22,0.23
1997-12-25,24.16,18.54,20.93,15.97,73.95,3.12,3.84,12.11,0.0,0.24,0.22,0.23
1997-12-26,23.44,17.95,20.88,16.29,75.64,4.03,4.89,7.86,0.65,0.25,0.22,0.23
1997-12-27,23.5,19.84,21.32,13.88,63.29,6.06,7.34,12.81,0.22,0.26,0.22,0.23
1997-12-28,23.53,18.68,20.94,13.73,64.1,2.76,3.45,12.07,0.0,0.24,0.22,0.23
1997-12-29,22.66,19.19,20.48,13.17,64.25,5.47,6.56,9.2,0.16,0.24,0.22,0.23
1997-12-30,25.08,18.83,21.37,16.0,72.71,2.29,2.79,11.46,0.0,0.24,0.22,0.22
1997-12-31,24.61,19.43,21.63,15.96,70.9,1.52,1.78,11.71,0.11,0.23,0.22,0.22
1998-01-01,24.65,19.44,21.61,15.93,71.1,1.75,2.04,13.09,1.42,0.25,0.22,0.22
1998-01-02,27.2,18.57,22.54,16.01,68.78,4.4,5.34,11.24,2.22,0.26,0.22,0.22
1998-01-03,21.59,19.92,20.89,17.91,83.18,3.17,3.82,7.41,23.27,0.43,0.25,0.25
1998-01-04,26.23,19.87,22.63,17.98,76.21,2.42,2.94,12.61,0.74,0.36,0.27,0.27
1998-01-05,27.38,20.37,23.39,17.94,73.23,2.76,3.38,12.05,0.0,0.32,0.26,0.27
1998-01-06,23.34,19.05,21.4,17.2,77.32,5.95,7.15,9.32,3.58,0.34,0.26,0.27
1998-01-07,20.39,16.84,18.4,11.43,64.32,5.98,7.23,12.14,0.01,0.32,0.26,0.27
1998-01-08,21.81,16.76,18.83,13.09,69.97,3.58,4.43,12.67,0.0,0.31,0.26,0.27
1998-01-09,22.14,16.81,19.28,13.35,69.22,3.22,3.88,11.09,0.01,0.3,0.26,0.27
1998-01-10,20.34,16.72,18.52,14.06,75.51,3.85,4.5,5.61,4.44,0.35,0.26,0.27
1998-01-11,20.25,17.16,18.38,13.03,71.21,3.4,4.17,8.55,0.4,0.34,0.26,0.27
1998-01-12,22.05,16.7,19.04,12.3,65.82,1.39,1.66,13.61,0.83,0.32,0.26,0.27
1998-01-13,20.01,15.2,17.71,12.8,73.21,7.05,8.48,5.48,14.05,0.44,0.28,0.28
1998-01-14,17.82,13.74,15.78,7.71,59.34,6.59,7.86,12.21,0.0,0.36,0.28,0.29
1998-01-15,18.64,14.07,16.29,8.0,58.6,2.14,2.65,11.76,0.0,0.35,0.28,0.29
1998-01-16,19.12,16.22,17.31,11.03,66.87,5.21,6.18,10.5,0.0,0.34,0.28,0.29
1998-01-17,20.2,15.99,17.82,11.1,65.11,2.41,2.95,12.2,0.0,0.34,0.27,0.29
1998-01-18,21.02,15.16,17.6,9.92,62.17,1.88,2.27,14.26,0.0,0.33,0.27,0.28
1998-01-19,20.84,15.11,17.66,10.54,64.21,2.67,3.18,14.19,0.0,0.33,0.27,0.28
1998-01-20,22.58,16.28,19.24,11.63,62.06,1.85,2.25,15.01,0.0,0.33,0.27,0.28
1998-01-21,23.06,16.9,19.22,12.59,67.91,2.18,2.75,13.37,0.0,0.32,0.27,0.28
1998-01-22,21.6,16.97,18.86,12.73,68.76,3.34,4.11,13.77,0.0,0.32,0.27,0.28
1998-01-23,22.12,16.86,19.07,10.01,56.32,1.26,1.54,14.23,0.0,0.32,0.26,0.28
1998-01-24,23.53,15.69,19.5,11.94,63.33,3.04,3.72,14.19,0.0,0.31,0.26,0.28
1998-01-25,24.08,18.22,20.46,14.58,70.61,3.85,4.61,12.51,2.04,0.32,0.26,0.27
1998-01-26,22.49,17.59,19.47,15.4,77.82,3.23,3.77,12.44,21.14,0.43,0.28,0.28
1998-01-27,23.46,17.47,20.0,15.61,76.75,2.28,2.79,12.73,2.79,0.44,0.31,0.31
1998-01-28,24.09,18.36,20.81,13.04,62.82,2.41,2.93,15.92,0.27,0.39,0.3,0.31
1998-01-29,24.77,19.96,22.37,17.65,75.39,5.01,6.07,5.66,7.3,0.44,0.3,0.31
1998-01-30,23.63,18.87,21.19,16.44,75.21,3.61,4.29,14.25,0.6,0.41,0.31,0.32
1998-01-31,23.19,18.26,20.36,12.05,60.18,3.0,3.72,15.96,0.05,0.39,0.3,0.32
1998-02-01,24.33,17.77,20.61,13.18,63.65,1.91,2.42,16.41,0.01,0.38,0.3,0.31
1998-02-02,25.23,16.76,20.66,13.84,67.17,2.08,2.61,13.83,0.41,0.38,0.3,0.31
1998-02-03,25.78,18.48,21.61,16.02,72.06,1.36,1.66,14.68,0.01,0.38,0.3,0.31
1998-02-04,25.91,19.34,21.74,15.56,70.24,1.26,1.52,15.09,0.02,0.37,0.29,0.31
1998-02-05,25.1,18.68,21.58,14.33,64.68,1.9,2.29,16.94,0.02,0.36,0.29,0.31
1998-02-06,26.23,19.53,22.04,15.71,70.2,1.25,1.51,16.5,0.0,0.36,0.29,0.3
1998-02-07,27.6,17.54,22.26,13.43,61.35,1.67,2.08,16.2,0.0,0.35,0.29,0.3
1998-02-08,28.62,18.62,23.25,16.04,67.64,3.3,4.11,17.09,0.0,0.35,0.28,0.3
1998-02-09,28.46,19.73,23.27,17.14,71.37,4.08,4.99,17.25,0.0,0.34,0.28,0.3
1998-02-10,26.85,18.96,22.64,16.66,71.42,3.48,4.23,14.76,0.04,0.34,0.28,0.29
1998-02-11,26.26,20.05,22.77,17.27,72.55,3.89,4.71,13.74,0.0,0.34,0.28,0.29
1998-02-12,26.43,19.94,22.82,16.54,69.52,4.49,5.45,12.08,3.38,0.35,0.28,0.29
1998-02-13,20.03,16.37,18.41,11.05,63.01,9.24,11.08,14.66,2.3,0.38,0.28,0.29
1998-02-14,19.27,15.49,17.19,9.97,62.98,7.38,8.85,14.5,0.0,0.34,0.28,0.29
1998-02-15,20.58,15.16,17.6,10.08,62.21,5.56,6.74,17.42,0.0,0.34,0.28,0.29
1998-02-16,21.7,15.39,18.13,10.06,60.61,4.92,5.85,16.87,0.0,0.33,0.27,0.29
1998-02-17,20.23,15.27,17.58,10.82,65.18,5.21,6.24,15.45,0.0,0.33,0.27,0.28
1998-02-18,20.89,15.8,17.91,10.38,61.94,1.52,1.8,14.27,0.0,0.33,0.27,0.28
1998-02-19,23.99,16.35,19.54,10.85,58.83,1.28,1.55,18.45,0.0,0.32,0.27,0.28
1998-02-20,26.97,16.88,21.69,12.1,56.32,2.64,3.34,17.76,0.02,0.31,0.27,0.28
1998-02-21,26.84,19.7,22.9,17.6,72.48,2.86,3.54,13.05,9.88,0.4,0.28,0.29
1998-02-22,22.55,18.39,20.94,18.35,85.13,3.06,3.63,11.05,17.35,0.48,0.3,0.31
1998-02-23,21.46,15.85,18.61,11.05,62.37,5.16,6.22,17.85,2.26,0.43,0.31,0.32
1998-02-24,21.57,14.62,17.98,5.18,44.73,3.23,3.97,19.13,0.0,0.39,0.3,0.31
1998-02-25,23.06,14.16,18.28,6.26,47.12,1.61,1.99,19.54,0.0,0.37,0.3,0.31
1998-02-26,23.36,16.45,19.59,12.21,63.91,1.98,2.32,15.94,0.0,0.37,0.29,0.31
1998-02-27,22.09,17.43,19.29,13.54,70.04,2.97,3.65,11.99,0.0,0.37,0.29,0.31
1998-02-28,23.53,17.37,20.34,12.9,63.37,2.83,3.51,18.26,0.01,0.37,0.29,0.3
1998-03-01,29.27,19.2,24.38,18.14,69.62,3.86,4.82,16.9,2.56,0.39,0.29,0.3
1998-03-02,23.25,18.66,21.39,14.46,65.42,3.95,4.8,6.75,39.15,0.53,0.34,0.34
1998-03-03,21.42,16.99,19.0,11.49,62.43,6.61,7.99,20.07,0.0,0.46,0.35,0.36
1998-03-04,21.52,16.25,18.73,11.3,62.62,4.22,5.19,19.71,0.0,0.44,0.34,0.35
1998-03-05,22.12,16.17,18.77,11.39,63.21,3.29,4.1,20.13,0.0,0.43,0.33,0.35
1998-03-06,23.97,16.4,19.73,10.27,56.06,1.76,2.15,20.32,0.0,0.43,0.33,0.35
1998-03-07,23.02,17.29,20.26,14.14,68.2,2.19,2.76,5.64,0.45,0.44,0.32,0.34
1998-03-08,24.06,19.09,20.96,15.52,71.89,1.8,2.15,13.09,0.34,0.44,0.32,0.34
1998-03-09,24.34,18.07,20.56,13.06,64.42,2.44,2.89,18.9,0.26,0.42,0.32,0.34
1998-03-10,21.3,17.71,19.22,13.88,71.82,6.41,7.75,19.71,0.0,0.41,0.32,0.34
1998-03-11,22.29,17.18,19.39,13.31,68.65,5.58,6.74,19.5,0.0,0.41,0.31,0.33
1998-03-12,24.61,17.02,20.06,13.94,69.43,2.05,2.51,21.41,0.0,0.4,0.31,0.33
1998-03-13,24.47,17.06,19.92,13.08,67.42,2.17,2.59,22.72,0.0,0.39,0.31,0.33
1998-03-14,24.83,15.33,20.17,13.5,67.88,1.84,2.19,20.74,0.0,0.39,0.3,0.32
1998-03-15,29.17,17.76,22.74,15.08,65.22,2.54,3.24,14.83,0.0,0.38,0.3,0.32
1998-03-16,26.96,19.57,22.9,14.7,63.58,1.82,2.29,19.61,0.0,0.37,0.3,0.32
1998-03-17,29.96,20.89,24.71,18.09,68.81,4.12,5.17,19.2,0.0,0.38,0.3,0.31
1998-03-18,31.23,22.04,25.92,17.92,64.15,4.33,5.5,14.82,0.0,0.37,0.29,0.31
1998-03-19,29.25,22.23,25.43,17.08,62.24,3.64,4.64,16.44,0.0,0.36,0.29,0.31
1998-03-20,30.41,21.3,25.05,18.41,68.57,2.79,3.45,16.64,0.01,0.36,0.29,0.3
1998-03-21,28.44,21.2,24.28,17.6,67.87,2.96,3.6,19.22,0.0,0.35,0.29,0.3
1998-03-22,27.56,20.32,23.19,15.62,65.51,2.6,3.13,21.51,0.0,0.34,0.28,0.3
1998-03-23,27.91,19.63,23.43,16.9,70.78,2.72,3.34,23.05,0.0,0.34,0.28,0.29
1998-03-24,31.19,20.28,25.09,17.34,66.23,1.38,1.75,22.08,0.0,0.34,0.28,0.29
1998-03-25,31.35,24.26,27.11,14.93,48.72,1.96,2.58,19.75,0.0,0.33,0.27,0.29
1998-03-26,33.4,23.08,27.85,17.38,55.24,2.78,3.59,19.75,0.06,0.32,0.27,0.29
1998-03-27,35.04,25.01,28.84,16.24,49.09,2.54,3.35,19.94,0.01,0.31,0.27,0.28
1998-03-28,34.11,25.46,29.64,14.71,42.4,1.64,2.2,22.94,0.0,0.3,0.26,0.28
1998-03-29,35.56,26.41,30.47,12.93,36.14,1.45,2.05,23.34,0.0,0.29,0.26,0.28
1998-03-30,33.54,23.1,28.16,15.56,50.32,3.96,5.03,18.19,0.0,0.29,0.26,0.27
1998-03-31,29.99,22.21,25.37,18.51,67.81,2.89,3.47,23.64,0.0,0.29,0.26,0.27
1998-04-01,34.03,22.22,27.33,16.37,53.8,1.65,2.09,23.88,0.0,0.28,0.25,0.27
1998-04-02,33.73,24.84,28.83,16.36,48.63,2.02,2.7,24.24,0.0,0.27,0.25,0.26
1998-04-03,33.88,24.72,28.48,16.08,49.32,1.76,2.15,24.38,0.0,0.27,0.25,0.26
1998-04-04,36.19,24.89,30.19,12.52,37.32,2.27,3.05,24.88,0.0,0.26,0.24,0.26
1998-04-05,35.15,23.82,29.14,13.68,42.94,4.29,5.45,22.06,0.0,0.25,0.24,0.25
1998-04-06,27.16,21.8,24.27,14.63,57.7,7.81,9.4,21.43,0.0,0.25,0.24,0.25
1998-04-07,26.92,20.92,23.6,13.14,53.95,5.19,6.21,22.8,0.0,0.24,0.23,0.25
1998-04-08,28.79,20.15,23.64,15.98,65.13,2.75,3.33,24.5,0.0,0.24,0.23,0.25
1998-04-09,28.56,19.62,23.83,17.07,70.43,4.0,4.83,24.35,0.0,0.24,0.23,0.24
1998-04-10,28.55,20.42,24.0,16.21,65.82,3.27,3.97,25.48,0.0,0.24,0.23,0.24
1998-04-11,31.9,19.46,25.55,15.25,59.32,1.8,2.21,24.66,0.0,0.23,0.23,0.24
1998-04-12,32.44,21.97,26.67,14.03,52.95,1.91,2.39,23.97,0.0,0.21,0.22,0.24
1998-04-13,31.87,21.56,26.24,15.95,60.39,1.63,2.01,25.57,0.0,0.21,0.22,0.23
1998-04-14,31.75,20.93,25.83,16.98,64.5,2.63,3.16,25.42,0.0,0.2,0.22,0.23
1998-04-15,32.7,21.01,26.03,15.91,60.04,2.05,2.46,24.89,0.0,0.2,0.22,0.23
1998-04-16,32.56,22.63,27.72,9.25,35.22,1.8,2.16,25.39,0.0,0.19,0.22,0.23
1998-04-17,32.7,24.58,28.7,7.04,27.28,2.04,2.5,25.55,0.0,0.18,0.21,0.23
1998-04-18,34.88,25.11,30.11,7.53,27.56,1.59,2.14,25.17,0.0,0.17,0.21,0.22
1998-04-19,35.09,25.98,30.13,12.4,36.39,2.89,3.8,23.93,0.0,0.17,0.21,0.22
1998-04-20,35.69,25.72,30.52,13.51,37.72,2.89,3.65,22.62,0.0,0.16,0.21,0.22
1998-04-21,36.88,27.95,32.23,14.98,36.91,2.45,3.31,23.24,0.0,0.16,0.21,0.22
1998-04-22,36.67,27.73,32.31,16.19,39.55,3.27,4.25,22.58,0.11,0.16,0.21,0.22
1998-04-23,36.64,30.16,32.62,19.21,46.24,4.96,6.23,20.53,0.0,0.15,0.2,0.21
1998-04-24,33.79,26.68,30.54,20.39,56.12,4.7,5.68,22.54,1.02,0.17,0.2,0.21
1998-04-25,32.25,24.04,27.78,17.43,58.26,4.59,5.41,25.39,0.06,0.18,0.2,0.21
1998-04-26,29.35,21.65,25.16,16.57,61.96,4.2,4.94,26.98,0.0,0.16,0.2,0.21
1998-04-27,30.94,22.22,25.52,15.82,58.93,2.14,2.5,19.67,0.01,0.16,0.2,0.21
1998-04-28,31.83,23.21,26.91,18.06,60.77,3.61,4.24,16.6,0.17,0.16,0.2,0.21
1998-04-29,32.07,23.87,27.78,20.38,67.91,5.48,6.51,25.16,0.0,0.16,0.2,0.21
1998-04-30,32.08,25.18,27.88,20.59,68.81,6.69,7.96,25.32,0.0,0.15,0.2,0.21
1998-05-01,32.83,23.91,28.35,19.48,62.92,6.1,7.25,24.95,0.04,0.15,0.2,0.21
1998-05-02,32.03,24.03,27.71,17.42,59.13,4.61,5.47,24.76,0.0,0.14,0.2,0.21
1998-05-03,32.77,23.21,27.39,18.37,64.13,2.69,3.22,25.24,0.01,0.14,0.2,0.2
1998-05-04,30.96,22.87,26.66,17.91,64.08,2.49,2.91,25.63,0.01,0.14,0.19,0.2
1998-05-05,32.05,23.36,26.98,18.72,65.96,2.72,3.22,25.1,0.01,0.14,0.19,0.2
1998-05-06,32.9,22.88,27.28,17.98,61.78,2.13,2.49,25.53,0.0,0.14,0.19,0.2
1998-05-07,35.78,23.92,29.33,16.82,53.11,1.79,2.13,25.43,0.0,0.13,0.19,0.2
1998-05-08,36.68,25.4,30.48,15.82,47.82,1.81,2.18,25.77,0.0,0.12,0.19,0.2
1998-05-09,36.8,25.7,30.78,14.86,44.18,1.16,1.39,25.8,0.0,0.12,0.19,0.2
1998-05-10,39.66,27.17,32.96,11.81,32.08,1.58,2.08,25.84,0.0,0.11,0.19,0.2
1998-05-11,41.76,29.69,34.4,8.87,25.07,1.71,2.25,25.69,0.0,0.1,0.19,0.19
1998-05-12,40.17,29.53,33.96,10.88,27.73,2.49,3.23,25.8,0.0,0.1,0.19,0.19
1998-05-13,37.67,29.32,33.14,14.23,34.84,2.26,2.81,26.31,0.0,0.1,0.18,0.19
1998-05-14,38.85,30.25,34.14,13.29,30.8,2.4,3.16,25.57,0.0,0.1,0.18,0.19
1998-05-15,38.65,29.75,34.14,15.78,36.29,2.63,3.38,25.29,0.0,0.1,0.18,0.19
1998-05-16,37.93,30.37,33.95,15.43,35.07,2.58,3.21,25.94,0.0,0.1,0.18,0.19
1998-05-17,38.0,28.89,33.04,17.47,43.01,2.75,3.28,26.05,0.0,0.1,0.18,0.19
1998-05-18,37.06,27.25,31.62,21.39,60.88,4.08,4.86,26.0,0.0,0.1,0.18,0.19
1998-05-19,35.38,26.25,30.63,20.68,60.09,4.83,5.73,26.08,0.0,0.1,0.18,0.19
1998-05-20,37.36,26.91,31.9,20.22,57.51,4.32,5.23,26.1,0.0,0.1,0.18,0.19
1998-05-21,38.67,28.29,32.77,18.08,46.37,3.17,3.85,26.81,0.0,0.1,0.18,0.18
1998-05-22,37.59,27.66,32.45,20.74,58.11,4.75,5.69,26.63,0.0,0.1,0.18,0.18
1998-05-23,37.47,27.35,32.14,19.25,54.51,4.6,5.51,26.63,0.0,0.1,0.18,0.18
1998-05-24,38.58,27.16,32.9,18.34,49.44,3.01,3.71,26.11,0.0,0.09,0.18,0.18
1998-05-25,38.01,27.99,32.77,17.76,45.38,3.22,3.87,26.05,0.0,0.09,0.18,0.18
1998-05-26,41.08,27.54,33.55,20.29,55.17,2.13,2.66,26.39,0.0,0.09,0.17,0.18
1998-05-27,41.24,28.85,34.95,15.81,37.76,1.32,1.71,26.14,0.0,0.09,0.17,0.18
1998-05-28,43.97,29.98,36.25,14.57,31.83,2.0,2.7,26.09,0.0,0.08,0.17,0.18
1998-05-29,40.09,30.9,35.1,18.33,39.77,2.56,3.25,26.15,0.0,0.08,0.17,0.18
1998-05-30,39.8,29.87,34.4,18.21,41.97,3.59,4.31,26.16,0.0,0.08,0.17,0.18
1998-05-31,37.74,28.52,32.38,20.58,55.69,5.52,6.58,26.37,0.0,0.08,0.17,0.18
1998-06-01,37.02,28.24,32.17,21.91,58.42,4.9,5.8,27.27,0.0,0.08,0.17,0.18
1998-06-02,38.97,28.52,33.4,20.49,53.28,3.65,4.39,26.52,0.0,0.08,0.17,0.18
1998-06-03,38.8,29.97,34.16,18.26,43.17,2.04,2.42,26.42,0.0,0.08,0.17,0.17
1998-06-04,41.15,30.63,35.56,19.53,42.2,1.71,2.25,26.26,0.0,0.08,0.17,0.17
1998-06-05,41.02,30.82,35.69,20.69,45.29,1.87,2.34,25.96,0.0,0.08,0.17,0.17
1998-06-06,41.03,30.56,35.64,19.05,41.98,1.19,1.41,25.86,0.0,0.08,0.17,0.17
1998-06-07,41.28,32.39,36.85,16.03,32.45,3.63,4.65,26.01,0.0,0.08,0.17,0.17
1998-06-08,42.69,32.84,37.67,13.75,26.97,2.06,2.67,25.55,0.0,0.07,0.17,0.17
1998-06-09,43.6,32.5,37.92,13.61,26.73,1.96,2.53,26.09,0.0,0.07,0.17,0.17
1998-06-10,41.79,32.05,36.41,17.53,36.0,1.39,1.73,26.16,0.0,0.07,0.17,0.17
1998-06-11,41.85,30.28,36.29,21.7,48.6,3.45,4.2,26.0,0.0,0.07,0.16,0.17
1998-06-12,42.34,31.06,36.8,21.07,44.19,3.58,4.37,25.82,0.02,0.07,0.16,0.17
1998-06-13,40.94,30.46,35.19,20.94,47.33,2.43,2.84,26.02,0.0,0.07,0.16,0.17
1998-06-14,38.6,29.05,33.7,21.35,54.02,2.37,2.72,25.79,0.0,0.07,0.16,0.17
1998-06-15,39.67,29.99,34.56,19.17,44.66,2.72,3.3,25.11,0.0,0.07,0.16,0.17
1998-06-16,40.21,29.25,34.95,21.42,50.15,2.84,3.35,25.38,0.0,0.07,0.16,0.17
1998-06-17,40.89,30.72,36.01,18.88,40.37,2.01,2.44,24.46,0.0,0.07,0.16,0.17
1998-06-18,42.95,31.84,37.16,15.45,31.34,2.0,2.49,24.32,0.0,0.07,0.16,0.17
1998-06-19,41.34,31.3,36.26,16.03,32.59,2.49,3.0,25.08,0.0,0.06,0.16,0.16
1998-06-20,41.16,31.96,36.16,18.71,39.31,2.63,3.12,25.16,0.0,0.06,0.16,0.16
1998-06-21,39.44,30.12,34.71,23.74,58.79,3.09,3.58,26.18,0.0,0.06,0.16,0.16
1998-06-22,40.95,30.9,35.76,20.1,44.68,1.85,2.18,25.48,0.0,0.06,0.16,0.16
1998-06-23,42.73,32.01,37.47,17.7,35.48,1.43,1.86,25.02,0.0,0.06,0.16,0.16
1998-06-24,43.07,33.21,38.37,18.17,32.95,2.01,2.67,23.56,0.0,0.06,0.16,0.16
1998-06-25,42.16,32.29,37.72,17.69,34.51,1.95,2.33,24.67,0.0,0.06,0.16,0.16
1998-06-26,41.08,31.02,35.58,22.72,53.15,1.87,2.14,24.1,0.0,0.06,0.16,0.16
1998-06-27,42.52,30.75,36.43,21.61,51.27,1.51,1.75,24.61,0.0,0.06,0.16,0.16
1998-06-28,42.55,30.91,36.3,22.24,53.21,2.3,2.67,25.01,0.0,0.06,0.16,0.16
1998-06-29,41.75,31.32,36.66,22.5,51.83,1.31,1.53,24.67,0.0,0.06,0.16,0.16
1998-06-30,42.02,32.04,36.76,22.52,50.51,2.01,2.31,23.98,0.0,0.06,0.16,0.16
1998-07-01,44.04,31.63,37.33,22.06,50.7,1.73,2.0,26.68,0.0,0.06,0.16,0.16
1998-07-02,40.67,31.87,36.08,22.83,51.98,2.08,2.36,24.81,0.0,0.06,0.16,0.16
1998-07-03,43.63,32.43,38.17,20.94,40.9,1.64,1.99,26.27,0.0,0.06,0.16,0.16
1998-07-04,42.52,34.0,37.97,21.41,42.45,1.7,1.99,21.8,0.0,0.06,0.16,0.16
1998-07-05,40.78,32.87,36.38,24.2,54.66,3.05,3.49,23.0,0.2,0.07,0.16,0.16
1998-07-06,39.78,32.17,35.54,24.88,60.02,5.8,6.81,25.05,0.0,0.07,0.16,0.16
1998-07-07,39.75,31.88,35.66,24.03,55.97,5.81,6.87,26.6,0.0,0.07,0.16,0.16
1998-07-08,41.0,32.18,35.94,24.29,54.53,3.87,4.48,27.26,0.01,0.07,0.15,0.16
1998-07-09,37.76,32.31,34.67,24.34,56.89,5.39,6.28,26.32,0.0,0.07,0.15,0.16
1998-07-10,37.03,31.84,34.19,23.42,54.64,6.12,7.19,25.96,0.0,0.07,0.15,0.16
1998-07-11,39.11,31.82,35.0,23.43,53.73,5.24,6.13,16.16,0.0,0.07,0.15,0.16
1998-07-12,40.0,31.88,35.14,24.76,57.52,3.68,4.24,22.05,0.0,0.07,0.15,0.16
1998-07-13,41.38,31.62,36.56,25.23,54.52,3.23,3.79,25.38,0.0,0.07,0.15,0.16
1998-07-14,40.84,32.68,36.53,24.6,51.79,5.42,6.44,24.71,0.0,0.07,0.15,0.16
1998-07-15,42.22,31.82,36.93,23.23,48.03,4.31,5.15,24.86,0.01,0.07,0.15,0.16
1998-07-16,42.42,32.88,37.61,22.35,43.75,2.65,3.07,26.09,0.0,0.07,0.15,0.16
1998-07-17,42.25,33.45,37.87,23.17,45.8,2.86,3.42,24.65,0.0,0.07,0.15,0.15
1998-07-18,42.66,33.43,37.74,23.61,47.04,3.46,4.09,25.15,0.01,0.07,0.15,0.15
1998-07-19,40.94,32.97,37.05,24.1,48.92,2.86,3.32,24.93,0.07,0.07,0.15,0.15
1998-07-20,38.0,33.87,35.92,25.89,56.98,4.19,4.93,24.82,0.39,0.09,0.15,0.16
1998-07-21,38.65,32.87,34.98,20.47,45.81,5.05,5.97,24.7,0.16,0.1,0.15,0.16
1998-07-22,41.57,31.03,36.61,20.74,42.71,3.0,3.63,25.3,0.01,0.09,0.15,0.15
1998-07-23,40.72,31.99,36.28,20.03,40.18,2.27,2.66,24.15,0.0,0.08,0.15,0.15
1998-07-24,41.23,33.19,37.01,21.26,41.64,1.41,1.69,26.1,0.0,0.08,0.15,0.15
1998-07-25,40.69,33.84,37.13,22.06,43.12,2.37,2.75,25.49,0.0,0.08,0.15,0.15
1998-07-26,42.74,33.91,38.28,21.04,39.01,2.73,3.35,24.78,0.0,0.08,0.15,0.15
1998-07-27,43.79,34.21,38.82,21.08,38.16,3.6,4.34,24.12,0.0,0.07,0.15,0.15
1998-07-28,42.54,34.08,38.42,20.55,37.57,3.27,3.93,24.72,0.0,0.07,0.15,0.15
1998-07-29,42.5,33.82,38.38,20.83,38.04,2.21,2.64,25.47,0.0,0.07,0.15,0.15
1998-07-30,43.17,34.58,38.34,21.71,40.84,2.41,2.86,26.11,0.0,0.07,0.15,0.15
1998-07-31,42.47,33.51,37.69,23.28,46.46,2.75,3.22,25.89,0.04,0.07,0.15,0.15
1998-08-01,42.63,33.55,37.75,21.63,40.94,2.62,3.04,25.15,0.0,0.07,0.15,0.15
1998-08-02,41.5,33.39,37.41,22.95,44.72,2.91,3.38,24.85,0.0,0.07,0.15,0.15
1998-08-03,40.59,33.76,37.11,22.87,45.44,3.21,3.67,24.86,0.02,0.07,0.15,0.15
1998-08-04,40.36,34.29,37.06,24.51,50.14,2.72,3.16,24.15,0.0,0.07,0.15,0.15
1998-08-05,41.06,34.68,37.28,23.38,46.5,2.86,3.31,24.95,0.0,0.07,0.15,0.15
1998-08-06,40.5,32.97,36.25,21.51,44.87,2.44,2.8,25.92,0.0,0.07,0.15,0.15
1998-08-07,43.52,32.17,37.13,20.44,41.55,2.28,2.69,24.95,0.0,0.07,0.15,0.15
1998-08-08,42.66,34.04,38.02,22.87,43.72,3.02,3.57,24.81,0.0,0.06,0.15,0.15
1998-08-09,43.33,34.19,38.82,21.81,40.0,3.0,3.54,24.82,0.01,0.06,0.15,0.15
1998-08-10,43.29,35.78,39.66,17.62,29.83,3.04,3.72,24.87,0.0,0.06,0.15,0.15
1998-08-11,43.85,36.19,39.99,14.41,24.25,1.9,2.36,24.84,0.0,0.06,0.15,0.15
1998-08-12,44.29,34.87,39.74,16.62,27.97,1.83,2.3,24.36,0.0,0.06,0.15,0.15
1998-08-13,44.08,34.7,39.27,20.58,36.36,1.85,2.27,24.68,0.0,0.06,0.15,0.15
1998-08-14,44.15,34.5,39.21,22.98,42.14,3.06,3.68,24.36,0.0,0.06,0.15,0.15
1998-08-15,42.65,34.3,38.68,21.97,40.44,3.13,3.75,24.25,0.0,0.06,0.15,0.15
1998-08-16,42.03,33.63,38.16,21.71,40.77,2.35,2.79,24.17,0.01,0.06,0.15,0.15
1998-08-17,41.27,33.64,37.13,23.49,47.67,3.69,4.29,22.89,0.01,0.06,0.15,0.15
1998-08-18,40.68,34.42,37.3,21.09,40.75,2.38,2.78,24.23,0.0,0.06,0.15,0.15
1998-08-19,40.73,33.15,36.79,21.41,43.11,2.17,2.49,24.84,0.0,0.06,0.15,0.15
1998-08-20,41.97,32.96,36.71,23.7,49.36,2.07,2.48,24.45,0.0,0.06,0.15,0.15
1998-08-21,42.24,32.67,37.39,22.8,47.3,2.54,3.04,23.81,0.0,0.06,0.15,0.15
1998-08-22,40.9,30.94,35.16,24.56,56.94,5.48,6.43,23.88,0.0,0.06,0.15,0.15
1998-08-23,39.11,29.87,33.76,24.79,61.73,6.36,7.47,23.19,0.0,0.06,0.15,0.15
1998-08-24,37.88,29.59,33.25,23.27,57.65,5.61,6.53,23.72,0.0,0.06,0.15,0.15
1998-08-25,38.5,29.09,33.67,22.2,53.37,3.5,4.0,24.03,0.0,0.06,0.15,0.15
1998-08-26,38.41,31.95,34.53,24.26,56.41,2.74,3.09,23.36,0.0,0.06,0.15,0.15
1998-08-27,39.72,32.38,35.4,24.28,54.52,1.86,2.11,23.11,0.0,0.06,0.15,0.15
1998-08-28,40.99,31.82,36.1,21.81,46.86,2.63,3.09,23.54,0.0,0.06,0.15,0.15
1998-08-29,40.78,30.73,35.35,19.34,42.64,2.5,2.94,24.01,0.0,0.06,0.15,0.15
1998-08-30,38.64,31.26,34.54,23.96,56.87,2.5,2.9,23.86,0.03,0.06,0.15,0.15
1998-08-31,39.88,31.16,35.51,22.21,49.2,1.66,1.99,23.38,0.0,0.06,0.15,0.15
1998-09-01,41.99,32.07,36.71,21.01,43.2,2.34,2.84,23.62,0.0,0.06,0.15,0.15
1998-09-02,41.31,31.18,35.98,20.89,44.3,2.25,2.7,23.38,0.01,0.06,0.15,0.15
1998-09-03,40.85,30.96,35.33,22.19,49.76,2.37,2.82,23.48,0.01,0.06,0.15,0.15
1998-09-04,39.92,32.28,35.54,22.69,49.4,2.57,2.97,23.37,0.02,0.06,0.15,0.15
1998-09-05,38.81,32.48,35.12,21.9,48.19,2.76,3.18,23.05,0.03,0.06,0.15,0.15
1998-09-06,38.96,30.46,34.22,21.98,51.56,3.4,3.89,23.04,0.02,0.06,0.15,0.15
1998-09-07,38.51,30.4,34.01,22.43,53.17,2.83,3.23,22.81,0.01,0.06,0.15,0.15
1998-09-08,38.82,31.43,34.52,23.27,53.86,2.34,2.71,22.37,0.15,0.06,0.15,0.15
1998-09-09,38.08,29.85,33.77,22.77,54.85,4.13,4.76,22.24,0.02,0.07,0.15,0.15
1998-09-10,38.56,29.44,33.98,20.66,48.07,2.89,3.31,22.43,0.0,0.07,0.15,0.15
1998-09-11,37.48,31.96,34.17,22.15,50.91,2.5,2.86,20.72,0.02,0.07,0.15,0.15
1998-09-12,38.42,30.68,34.19,21.58,51.19,1.96,2.25,22.46,0.06,0.07,0.15,0.15
1998-09-13,40.51,30.91,35.33,20.76,45.85,2.35,2.8,22.82,0.05,0.07,0.15,0.15
1998-09-14,40.88,31.93,35.73,19.97,42.24,2.34,2.77,22.69,0.0,0.07,0.15,0.15
1998-09-15,39.98,32.21,35.37,18.26,40.05,2.22,2.6,22.96,0.0,0.07,0.15,0.15
1998-09-16,38.87,32.66,35.16,22.14,48.93,2.18,2.5,21.95,0.0,0.07,0.15,0.15
1998-09-17,38.45,31.22,34.3,22.38,54.04,2.11,2.47,22.75,0.5,0.08,0.15,0.15
1998-09-18,38.59,28.86,33.37,20.16,50.63,1.9,2.22,22.88,0.0,0.08,0.15,0.15
1998-09-19,39.74,30.08,34.55,18.74,43.38,1.63,1.96,22.0,0.0,0.08,0.15,0.15
1998-09-20,40.59,30.52,35.27,18.11,41.09,1.66,2.04,22.38,0.0,0.07,0.15,0.15
1998-09-21,40.84,30.33,34.95,15.56,36.75,1.96,2.33,21.96,0.0,0.07,0.15,0.15
1998-09-22,38.1,29.71,33.43,19.79,49.0,1.33,1.55,21.59,0.0,0.06,0.15,0.15
1998-09-23,39.84,29.22,34.11,18.51,44.27,1.89,2.26,20.91,0.0,0.06,0.15,0.15
1998-09-24,39.45,29.79,34.07,18.92,45.32,1.92,2.31,21.77,0.0,0.06,0.15,0.15
1998-09-25,38.59,28.39,32.89,20.37,52.76,3.07,3.57,21.58,0.0,0.06,0.15,0.15
1998-09-26,37.67,28.52,32.66,21.1,54.24,2.66,3.07,21.67,0.0,0.06,0.15,0.15
1998-09-27,37.84,29.93,33.49,19.45,45.41,1.68,1.92,21.68,0.0,0.06,0.15,0.15
1998-09-28,38.57,29.82,33.76,17.63,40.21,2.13,2.56,21.76,0.0,0.06,0.15,0.15
1998-09-29,37.87,29.03,33.13,18.52,44.35,2.08,2.46,21.12,0.0,0.06,0.15,0.15
1998-09-30,39.07,29.7,33.93,19.94,46.39,2.17,2.61,18.91,0.0,0.06,0.15,0.15
1998-10-01,39.31,29.9,34.31,20.86,47.86,2.59,3.05,19.24,0.0,0.06,0.15,0.15
1998-10-02,37.42,31.44,34.11,21.55,49.46,1.7,2.0,20.5,0.0,0.06,0.15,0.15
1998-10-03,38.51,30.11,33.64,22.33,53.78,2.89,3.33,21.16,0.0,0.06,0.15,0.15
1998-10-04,36.61,29.87,32.69,21.93,55.26,1.83,2.06,20.08,0.0,0.06,0.15,0.15
1998-10-05,37.84,29.88,33.52,22.13,53.02,1.84,2.13,20.3,0.0,0.06,0.15,0.15
1998-10-06,38.38,29.54,33.61,20.46,48.59,2.21,2.57,20.41,0.0,0.06,0.15,0.15
1998-10-07,36.79,30.11,32.96,22.27,56.99,2.44,2.91,20.33,0.0,0.06,0.15,0.15
1998-10-08,37.54,29.86,33.17,22.53,57.05,2.41,2.83,20.53,0.0,0.06,0.15,0.15
1998-10-09,38.07,28.52,32.83,20.06,52.13,2.46,2.91,20.02,0.0,0.06,0.15,0.15
1998-10-10,38.62,29.69,33.71,17.24,40.8,3.61,4.38,19.68,0.0,0.06,0.15,0.15
1998-10-11,37.38,29.36,33.04,15.62,38.0,3.76,4.6,19.57,0.0,0.06,0.15,0.15
1998-10-12,38.32,28.16,32.31,16.1,41.89,2.8,3.41,18.88,0.0,0.06,0.15,0.15
1998-10-13,36.5,28.68,31.93,18.23,47.69,2.76,3.35,20.17,0.0,0.05,0.15,0.15
1998-10-14,37.15,28.34,32.3,16.5,45.53,3.24,4.01,19.55,0.0,0.05,0.15,0.15
1998-10-15,35.56,27.51,31.67,10.0,29.98,4.22,5.1,19.81,0.0,0.05,0.15,0.15
1998-10-16,36.07,27.27,30.92,13.89,40.29,2.36,2.89,19.95,0.0,0.05,0.15,0.15
1998-10-17,34.03,27.05,30.05,19.28,56.67,2.66,3.15,19.89,0.0,0.05,0.15,0.15
1998-10-18,33.94,26.63,29.95,19.25,55.7,3.07,3.64,19.42,0.0,0.05,0.14,0.15
1998-10-19,33.75,26.83,29.73,19.19,56.03,3.07,3.69,19.12,0.0,0.05,0.14,0.15
1998-10-20,33.75,26.4,29.6,19.41,56.75,2.98,3.58,18.95,0.0,0.05,0.14,0.15
1998-10-21,33.74,26.38,29.58,18.82,56.36,2.51,3.03,18.71,0.0,0.05,0.14,0.15
1998-10-22,33.71,26.15,29.56,19.0,56.36,2.67,3.25,18.75,0.0,0.05,0.14,0.15
1998-10-23,33.96,27.44,30.16,19.06,53.46,1.63,1.93,18.48,0.0,0.05,0.14,0.15
1998-10-24,34.01,25.74,29.89,17.09,49.15,2.07,2.47,18.34,0.0,0.05,0.14,0.15
1998-10-25,32.95,26.4,29.57,16.84,47.94,2.42,2.87,18.49,0.0,0.05,0.14,0.15
1998-10-26,33.39,26.49,29.48,16.07,46.42,2.63,3.18,18.26,0.0,0.05,0.14,0.15
1998-10-27,32.8,26.37,29.02,19.19,57.39,3.19,3.87,18.2,0.0,0.05,0.14,0.15
1998-10-28,32.95,26.49,29.18,18.31,53.68,2.74,3.26,18.18,0.0,0.05,0.14,0.15
1998-10-29,32.89,26.83,29.5,15.91,45.35,1.57,1.84,18.03,0.0,0.05,0.14,0.15
1998-10-30,32.92,26.6,29.19,18.88,55.79,2.75,3.29,17.85,0.0,0.05,0.14,0.15
1998-10-31,32.75,26.74,29.08,18.34,54.74,1.96,2.29,17.59,0.0,0.05,0.14,0.15
1998-11-01,32.16,26.03,28.41,18.58,56.61,2.41,2.81,17.48,0.0,0.05,0.14,0.15
1998-11-02,31.33,25.56,27.87,17.62,55.26,2.57,3.02,17.62,0.0,0.05,0.14,0.15
1998-11-03,31.94,24.08,27.66,15.13,48.97,1.66,1.94,17.37,0.0,0.05,0.14,0.15
1998-11-04,32.72,25.76,28.54,17.02,51.57,1.48,1.74,16.3,0.0,0.05,0.14,0.15
1998-11-05,33.04,25.57,28.69,17.98,54.8,1.99,2.36,17.27,0.0,0.05,0.14,0.15
1998-11-06,32.15,25.32,28.01,18.98,60.21,2.75,3.27,17.43,0.0,0.05,0.14,0.15
1998-11-07,32.15,25.16,27.98,16.17,50.75,1.6,1.89,17.64,0.0,0.05,0.14,0.15
1998-11-08,31.51,25.14,27.75,16.82,53.39,1.82,2.14,17.31,0.0,0.05,0.14,0.15
1998-11-09,30.47,25.24,27.43,17.55,56.16,2.23,2.64,16.71,0.0,0.05,0.14,0.15
1998-11-10,31.43,24.91,28.08,16.74,51.9,1.94,2.35,16.18,0.0,0.05,0.14,0.15
1998-11-11,31.62,24.93,28.14,15.89,48.93,1.97,2.38,16.39,0.0,0.05,0.14,0.15
1998-11-12,30.69,25.49,27.61,14.86,46.67,1.81,2.15,16.83,0.0,0.05,0.14,0.15
1998-11-13,30.57,25.54,27.67,19.08,60.29,4.1,4.96,16.55,0.0,0.05,0.14,0.15
1998-11-14,31.97,25.55,28.37,16.4,50.34,1.97,2.47,16.48,0.0,0.06,0.14,0.15
1998-11-15,32.59,24.95,28.14,11.62,37.75,1.78,2.09,16.6,0.0,0.06,0.14,0.15
1998-11-16,30.47,23.61,26.57,15.27,52.68,2.05,2.41,16.35,0.0,0.06,0.14,0.15
1998-11-17,29.63,24.11,26.53,20.78,71.44,3.62,4.44,15.94,0.0,0.06,0.14,0.15
1998-11-18,31.52,24.57,27.36,17.48,57.3,1.85,2.36,16.16,0.0,0.06,0.14,0.15
1998-11-19,31.92,24.53,27.38,15.68,52.86,1.51,1.82,16.43,0.0,0.06,0.14,0.15
1998-11-20,31.98,24.13,27.36,15.91,53.41,1.95,2.37,16.26,0.0,0.06,0.14,0.15
1998-11-21,32.44,23.66,27.32,14.48,49.74,2.22,2.69,16.64,0.0,0.06,0.14,0.15
1998-11-22,32.99,24.46,27.67,13.02,44.37,2.27,2.78,16.44,0.0,0.06,0.14,0.15
1998-11-23,31.95,23.94,27.13,15.1,51.42,1.04,1.21,14.88,0.0,0.06,0.14,0.15
1998-11-24,31.06,23.91,26.7,16.63,56.84,1.68,2.0,15.1,0.0,0.06,0.14,0.15
1998-11-25,30.41,24.0,26.56,14.89,50.82,1.5,1.76,16.03,0.0,0.06,0.14,0.15
1998-11-26,30.21,24.62,26.63,15.34,51.87,1.35,1.6,15.62,0.0,0.06,0.14,0.15
1998-11-27,30.21,23.87,26.19,14.39,50.91,2.35,2.85,15.96,0.0,0.06,0.14,0.15
1998-11-28,30.43,23.56,26.33,14.42,50.09,2.25,2.73,16.04,0.0,0.06,0.14,0.15
1998-11-29,30.27,24.22,26.48,15.27,52.97,1.96,2.32,16.08,0.0,0.06,0.14,0.15
1998-11-30,29.49,23.25,25.75,15.28,54.5,1.4,1.64,15.18,0.0,0.06,0.14,0.15
1998-12-01,29.35,23.5,25.8,13.34,48.29,1.27,1.51,14.96,0.0,0.06,0.14,0.15
1998-12-02,27.57,23.61,25.17,14.69,52.78,1.43,1.66,13.14,0.0,0.06,0.14,0.15
1998-12-03,28.33,23.27,25.23,14.27,52.07,1.27,1.53,13.98,0.0,0.06,0.14,0.15
1998-12-04,28.08,23.0,24.92,15.83,58.14,1.8,2.16,13.03,0.0,0.06,0.14,0.15
1998-12-05,28.13,22.73,24.96,16.69,61.05,2.12,2.56,14.89,0.08,0.06,0.14,0.15
1998-12-06,28.93,23.29,25.75,12.81,46.33,2.13,2.69,13.92,0.0,0.06,0.14,0.15
1998-12-07,28.19,20.86,24.15,10.23,44.2,2.48,2.97,15.43,0.0,0.06,0.14,0.15
1998-12-08,28.71,20.95,24.46,9.32,40.49,2.16,2.61,15.36,0.0,0.06,0.14,0.15
1998-12-09,29.71,20.22,24.03,6.79,36.32,2.36,2.91,15.08,0.0,0.06,0.14,0.15
1998-12-10,30.23,19.07,24.17,8.01,39.15,2.33,2.88,14.97,0.0,0.06,0.14,0.15
1998-12-11,29.82,21.67,24.56,10.59,44.24,2.1,2.52,13.39,0.0,0.06,0.14,0.15
1998-12-12,31.08,21.68,25.2,14.07,54.26,1.28,1.51,14.71,0.0,0.06,0.14,0.15
1998-12-13,29.28,20.73,24.49,14.24,55.45,1.26,1.53,14.21,0.0,0.06,0.14,0.15
1998-12-14,29.71,19.3,23.84,14.72,60.95,1.88,2.37,14.17,0.0,0.06,0.14,0.15
1998-12-15,30.15,19.51,24.19,14.96,60.7,2.1,2.64,15.02,0.0,0.06,0.14,0.15
1998-12-16,31.54,19.88,24.76,11.72,48.36,2.6,3.26,15.87,0.0,0.06,0.14,0.15
1998-12-17,30.28,20.1,24.33,16.7,66.12,5.34,6.5,14.23,0.02,0.06,0.14,0.15
1998-12-18,29.53,23.2,26.0,20.94,75.14,3.74,4.48,8.1,1.37,0.1,0.15,0.15
1998-12-19,27.89,23.41,25.34,20.03,73.09,2.23,2.62,11.79,0.65,0.14,0.15,0.15
1998-12-20,28.35,23.09,25.28,19.45,71.06,2.15,2.57,13.6,0.02,0.14,0.15,0.15
1998-12-21,27.95,21.74,24.33,17.68,68.41,2.41,2.91,14.95,0.0,0.13,0.15,0.15
1998-12-22,27.58,20.19,23.48,16.99,69.26,2.25,2.73,14.25,0.0,0.12,0.15,0.15
1998-12-23,27.36,20.45,23.49,19.23,78.29,1.97,2.4,13.78,0.0,0.12,0.15,0.15
1998-12-24,28.18,21.9,24.06,17.97,71.28,1.32,1.55,14.26,0.0,0.12,0.15,0.15
1998-12-25,27.67,20.74,23.51,15.92,65.64,1.41,1.67,14.3,0.0,0.11,0.15,0.15
1998-12-26,27.42,19.66,23.08,13.97,59.52,1.28,1.53,14.96,0.0,0.11,0.15,0.15
1998-12-27,27.46,20.06,23.26,14.18,59.41,1.42,1.7,14.9,0.0,0.11,0.15,0.15
1998-12-28,27.31,21.6,23.76,16.43,65.08,1.5,1.8,14.6,0.0,0.1,0.15,0.15
1998-12-29,27.0,20.94,23.46,16.48,67.08,1.7,2.09,14.07,0.0,0.1,0.15,0.15
1998-12-30,27.69,20.64,23.62,15.02,61.33,2.2,2.73,13.95,0.0,0.1,0.15,0.15
1998-12-31,26.35,20.78,23.04,18.39,75.99,2.81,3.42,12.09,0.0,0.1,0.15,0.15
1999-01-01,26.97,21.05,23.41,17.85,72.4,2.45,2.93,14.62,0.0,0.1,0.15,0.15
1999-01-02,26.39,21.02,23.07,16.9,69.39,2.18,2.59,14.26,0.69,0.11,0.15,0.15
1999-01-03,24.36,19.39,21.93,12.28,56.0,3.84,4.55,11.13,3.63,0.21,0.16,0.16
1999-01-04,23.16,17.15,19.94,8.66,49.3,3.54,4.26,14.7,0.03,0.17,0.16,0.16
1999-01-05,22.5,16.13,18.91,5.46,43.22,2.61,3.19,14.86,0.0,0.15,0.16,0.16
1999-01-06,22.78,15.9,19.11,7.01,46.88,1.58,1.93,14.55,0.0,0.14,0.16,0.16
1999-01-07,23.48,18.3,20.81,14.13,66.2,2.51,2.98,12.88,0.0,0.13,0.15,0.16
1999-01-08,25.48,18.6,21.67,12.0,58.12,1.3,1.59,14.45,0.0,0.13,0.15,0.16
1999-01-09,25.79,18.65,21.93,13.01,60.36,2.33,2.88,12.34,0.0,0.12,0.15,0.16
1999-01-10,25.75,19.77,21.95,15.53,68.42,5.32,6.36,8.9,0.69,0.13,0.15,0.16
1999-01-11,23.97,18.55,20.91,10.51,52.7,3.13,3.87,14.14,0.0,0.14,0.16,0.16
1999-01-12,25.18,18.59,21.72,13.38,59.76,1.55,1.84,14.59,0.0,0.13,0.16,0.16
1999-01-13,25.42,18.74,22.01,11.54,53.34,2.39,2.97,11.72,0.0,0.13,0.16,0.16
1999-01-14,26.33,19.0,22.32,14.91,65.73,2.45,2.99,14.17,0.06,0.13,0.15,0.16
1999-01-15,26.7,19.36,22.79,15.06,63.67,1.6,2.0,15.57,0.0,0.12,0.15,0.16
1999-01-16,25.02,20.51,22.67,14.77,61.83,1.39,1.75,8.66,0.16,0.12,0.15,0.16
1999-01-17,27.24,19.72,23.38,13.89,56.95,1.53,1.92,14.21,0.18,0.13,0.16,0.16
1999-01-18,29.07,21.32,24.31,15.99,61.88,4.79,5.76,12.18,0.76,0.14,0.16,0.16
1999-01-19,23.42,20.26,21.82,15.48,67.87,6.29,7.49,13.32,0.18,0.16,0.16,0.16
1999-01-20,22.84,18.5,20.65,13.65,64.72,4.84,5.75,13.41,0.02,0.15,0.16,0.16
1999-01-21,22.76,18.19,20.27,12.55,61.74,4.11,4.98,15.18,0.0,0.15,0.16,0.16
1999-01-22,20.97,18.33,19.5,11.26,59.55,6.75,8.16,14.82,0.0,0.14,0.16,0.16
1999-01-23,22.75,17.64,19.84,8.22,47.95,2.46,3.08,16.73,0.0,0.14,0.16,0.16
1999-01-24,24.51,16.54,20.32,8.29,47.66,1.67,2.0,16.6,0.0,0.13,0.16,0.16
1999-01-25,23.43,18.54,21.07,11.38,54.81,2.2,2.67,7.91,2.2,0.15,0.16,0.16
1999-01-26,22.99,18.2,20.31,13.39,64.97,3.04,3.64,14.83,0.86,0.2,0.16,0.16
1999-01-27,23.18,16.23,19.57,10.87,58.11,3.68,4.45,16.61,0.01,0.18,0.16,0.16
1999-01-28,22.46,15.52,18.69,10.11,58.83,1.81,2.24,17.32,0.0,0.17,0.16,0.16
1999-01-29,23.54,17.99,20.35,13.14,64.3,2.92,3.48,16.78,0.0,0.16,0.16,0.16
1999-01-30,24.1,18.6,20.9,15.99,74.78,3.14,3.9,17.17,0.0,0.16,0.16,0.16
1999-01-31,25.99,19.22,21.93,16.63,73.58,4.76,5.87,15.22,0.0,0.16,0.16,0.16
1999-02-01,26.45,17.98,21.86,13.68,62.36,2.49,3.04,17.18,0.0,0.15,0.16,0.16
1999-02-02,26.54,17.64,21.62,12.34,58.22,4.34,5.26,17.11,0.0,0.15,0.16,0.16
1999-02-03,26.35,17.58,21.59,12.35,61.11,2.67,3.27,17.05,0.03,0.14,0.16,0.16
1999-02-04,25.98,18.54,21.75,14.66,66.24,3.48,4.22,12.24,0.05,0.13,0.16,0.16
1999-02-05,26.85,19.88,23.26,14.15,57.95,4.02,4.96,13.52,0.16,0.14,0.16,0.16
1999-02-06,27.89,19.87,23.62,15.84,64.02,6.99,8.46,9.74,0.01,0.13,0.16,0.16
1999-02-07,23.76,18.93,21.07,12.07,57.87,2.67,3.18,17.71,0.0,0.13,0.16,0.16
1999-02-08,27.82,19.47,23.13,15.68,63.98,1.91,2.3,17.28,0.0,0.13,0.16,0.16
1999-02-09,27.9,20.17,23.32,15.93,65.53,2.69,3.21,17.16,0.0,0.12,0.16,0.16
1999-02-10,25.94,19.99,22.19,17.34,74.9,2.33,2.81,9.79,0.02,0.12,0.16,0.16
1999-02-11,25.64,19.27,21.88,13.0,60.48,2.39,2.88,17.69,0.09,0.12,0.16,0.16
1999-02-12,26.53,18.93,22.6,16.27,69.06,3.7,4.5,11.46,3.43,0.16,0.16,0.16
1999-02-13,24.68,20.23,22.3,17.72,75.86,4.15,4.93,5.07,19.42,0.35,0.19,0.18
1999-02-14,24.02,18.7,21.05,16.52,76.02,2.73,3.23,16.91,6.63,0.32,0.21,0.21
1999-02-15,24.8,18.85,21.55,14.21,64.5,2.37,2.9,19.08,2.33,0.28,0.21,0.21
1999-02-16,25.59,19.31,21.98,13.08,59.39,1.72,2.11,18.48,0.14,0.24,0.21,0.21
1999-02-17,25.6,19.79,22.11,13.73,60.19,1.76,2.07,18.69,0.06,0.21,0.21,0.21
1999-02-18,26.72,19.14,22.49,12.17,54.97,1.15,1.39,16.22,0.0,0.2,0.2,0.21
1999-02-19,27.53,19.32,23.0,12.48,54.95,1.63,1.98,18.04,0.0,0.2,0.2,0.21
1999-02-20,29.45,20.61,24.53,13.81,53.73,3.03,3.76,18.49,0.0,0.19,0.2,0.2
1999-02-21,29.91,21.24,24.67,16.62,63.85,4.43,5.35,15.27,0.0,0.19,0.2,0.2
1999-02-22,26.21,20.9,22.84,17.32,71.74,3.45,4.06,15.42,0.0,0.19,0.2,0.2
1999-02-23,25.94,19.79,22.48,15.63,66.22,3.26,3.83,15.51,0.0,0.19,0.19,0.2
1999-02-24,27.7,20.57,23.51,14.58,58.61,2.22,2.72,19.91,0.0,0.19,0.19,0.2
1999-02-25,28.11,20.22,24.0,14.92,59.72,1.63,1.99,17.62,0.0,0.19,0.19,0.2
1999-02-26,29.08,21.21,24.26,15.45,59.93,2.03,2.41,16.73,0.03,0.18,0.19,0.2
1999-02-27,32.78,21.62,26.69,15.59,54.67,3.28,4.08,20.23,0.01,0.18,0.19,0.2
1999-02-28,32.85,22.3,26.86,14.18,50.45,4.66,5.82,20.91,0.0,0.17,0.19,0.2
1999-03-01,32.38,22.76,27.01,15.96,55.6,5.53,6.76,19.06,0.01,0.17,0.19,0.19
1999-03-02,27.42,20.3,24.19,17.53,67.53,5.91,7.07,3.08,6.71,0.24,0.19,0.2
1999-03-03,24.39,18.72,21.35,13.75,63.4,4.3,5.11,20.31,0.4,0.26,0.2,0.2
1999-03-04,24.82,18.99,21.42,9.28,47.71,1.93,2.25,19.42,0.0,0.21,0.2,0.2
1999-03-05,22.86,18.47,20.39,12.07,59.26,2.36,2.82,5.16,2.58,0.24,0.2,0.2
1999-03-06,23.89,18.44,20.59,10.74,54.38,1.66,1.95,21.47,0.77,0.24,0.2,0.21
1999-03-07,23.83,18.37,20.73,9.64,50.14,1.81,2.16,20.7,0.25,0.22,0.2,0.2
1999-03-08,25.26,17.44,21.5,7.97,42.82,2.8,3.33,19.62,0.01,0.2,0.2,0.2
1999-03-09,25.23,19.72,21.86,10.36,48.93,2.56,3.03,21.27,0.03,0.19,0.2,0.2
1999-03-10,24.51,18.36,21.17,11.93,56.84,3.81,4.64,21.57,0.0,0.18,0.19,0.2
1999-03-11,25.55,18.17,21.61,13.58,62.02,3.2,3.86,21.49,0.0,0.18,0.19,0.2
1999-03-12,27.51,17.25,22.28,12.27,58.73,1.42,1.77,21.79,0.0,0.17,0.19,0.2
1999-03-13,28.84,18.25,23.56,11.99,52.37,3.89,4.79,19.12,0.02,0.17,0.19,0.2
1999-03-14,23.29,20.16,21.78,16.24,71.57,4.74,5.59,8.51,4.51,0.23,0.19,0.2
1999-03-15,24.23,17.96,20.67,13.37,64.1,3.29,3.85,19.57,1.27,0.26,0.2,0.2
1999-03-16,24.61,18.01,21.0,10.75,53.45,3.58,4.36,22.14,0.0,0.21,0.2,0.2
1999-03-17,26.14,19.05,22.13,12.11,55.65,6.54,7.97,23.11,0.0,0.19,0.2,0.2
1999-03-18,24.87,18.71,21.51,11.09,53.05,6.78,8.18,19.71,0.0,0.17,0.19,0.2
1999-03-19,26.67,18.36,22.03,12.11,56.22,2.91,3.61,22.5,0.0,0.16,0.19,0.2
1999-03-20,29.08,18.66,23.15,11.15,49.93,1.6,1.87,23.11,0.0,0.15,0.19,0.2
1999-03-21,28.8,18.14,23.22,8.75,44.18,2.15,2.69,24.0,0.0,0.15,0.19,0.2
1999-03-22,31.9,19.98,25.58,8.3,37.27,2.47,3.18,22.48,0.0,0.14,0.19,0.2
1999-03-23,31.02,21.7,25.55,10.66,44.12,4.13,5.09,23.66,0.0,0.13,0.19,0.2
1999-03-24,29.18,21.07,24.3,14.07,57.95,5.05,6.09,23.14,0.0,0.13,0.19,0.2
1999-03-25,29.92,20.44,24.65,13.78,55.43,3.6,4.37,23.67,0.0,0.13,0.19,0.19
1999-03-26,33.17,20.65,26.56,10.34,41.81,1.82,2.32,23.97,0.0,0.13,0.19,0.19
1999-03-27,32.96,22.5,27.61,8.98,33.88,2.76,3.55,24.37,0.0,0.12,0.19,0.19
1999-03-28,30.73,21.73,25.84,14.04,51.55,3.79,4.57,21.5,0.0,0.12,0.18,0.19
1999-03-29,30.01,21.45,24.9,16.7,65.19,3.41,4.09,23.37,0.0,0.12,0.18,0.19
1999-03-30,28.57,19.72,23.51,14.12,59.6,2.98,3.55,24.17,0.0,0.12,0.18,0.19
1999-03-31,32.69,19.21,25.79,12.35,49.95,1.66,2.04,23.97,0.0,0.12,0.18,0.19
1999-04-01,34.71,21.7,27.19,14.51,53.95,1.54,1.84,24.78,0.0,0.11,0.18,0.19
1999-04-02,33.56,24.25,28.5,10.39,35.49,2.04,2.55,25.44,0.0,0.11,0.18,0.19
1999-04-03,35.28,24.78,29.72,9.84,32.5,2.61,3.46,25.5,0.0,0.1,0.18,0.19
1999-04-04,35.61,25.83,30.28,11.48,34.27,2.44,3.27,25.55,0.0,0.1,0.18,0.19
1999-04-05,36.16,26.23,30.94,11.92,34.18,1.9,2.56,24.41,0.0,0.1,0.18,0.19
1999-04-06,35.94,29.01,31.83,8.83,26.5,2.12,2.81,25.26,0.0,0.1,0.18,0.18
1999-04-07,36.18,27.47,30.98,10.91,32.5,2.78,3.67,25.25,0.0,0.1,0.18,0.18
1999-04-08,37.02,25.13,30.52,10.0,33.74,3.64,4.65,26.08,0.0,0.09,0.18,0.18
1999-04-09,32.08,23.61,26.89,18.2,63.45,4.91,5.89,23.45,0.0,0.09,0.18,0.18
1999-04-10,27.66,22.93,24.85,14.01,53.47,8.65,10.41,25.73,0.0,0.09,0.18,0.18
1999-04-11,28.69,21.81,24.96,13.91,52.83,5.78,6.89,25.69,0.0,0.09,0.17,0.18
1999-04-12,29.15,20.63,24.39,15.59,61.79,3.08,3.68,25.69,0.0,0.09,0.17,0.18
1999-04-13,29.47,19.76,24.74,13.64,54.93,2.36,2.77,25.65,0.0,0.09,0.17,0.18
1999-04-14,33.76,22.37,27.47,8.54,34.66,2.35,2.85,24.72,0.0,0.09,0.17,0.18
1999-04-15,30.65,21.85,25.61,17.07,64.92,3.56,4.24,25.01,0.0,0.09,0.17,0.18
1999-04-16,29.33,21.58,25.0,16.29,61.56,4.5,5.37,26.21,0.0,0.09,0.17,0.18
1999-04-17,30.37,20.44,25.1,16.18,65.36,4.13,4.96,27.55,0.0,0.09,0.17,0.18
1999-04-18,31.37,21.15,26.1,17.61,66.31,4.96,5.95,25.79,0.0,0.09,0.17,0.18
1999-04-19,31.76,23.74,26.84,16.61,57.78,7.3,8.78,26.3,0.0,0.09,0.17,0.18
1999-04-20,29.45,22.19,25.43,16.1,58.43,5.14,6.11,26.19,0.0,0.09,0.17,0.17
1999-04-21,35.08,20.5,27.14,16.02,59.43,2.25,2.74,26.14,0.0,0.09,0.17,0.17
1999-04-22,36.22,23.85,29.45,13.3,42.55,1.63,2.02,25.49,0.0,0.09,0.17,0.17
1999-04-23,36.99,26.37,30.97,9.77,30.76,1.62,2.16,25.88,0.0,0.08,0.17,0.17
1999-04-24,36.55,26.57,30.64,11.8,35.49,1.9,2.46,26.26,0.0,0.08,0.17,0.17
1999-04-25,35.74,25.62,29.97,15.58,46.62,2.27,2.66,25.7,0.0,0.08,0.17,0.17
1999-04-26,36.1,25.07,30.06,17.71,53.61,2.63,3.21,27.11,0.0,0.08,0.17,0.17
1999-04-27,38.08,26.76,31.41,13.85,37.92,1.57,1.97,26.78,0.0,0.08,0.17,0.17
1999-04-28,39.02,26.82,32.27,15.06,41.29,1.96,2.45,27.14,0.0,0.08,0.17,0.17
1999-04-29,39.49,29.13,33.02,12.52,32.56,2.32,2.92,26.94,0.0,0.07,0.16,0.17
1999-04-30,36.38,27.59,31.81,15.95,42.28,2.38,2.81,27.63,0.0,0.07,0.16,0.17
1999-05-01,36.14,25.77,30.39,20.37,60.81,5.08,6.1,26.96,0.0,0.08,0.16,0.17
1999-05-02,35.5,25.93,29.54,21.47,65.23,4.52,5.36,27.34,0.0,0.08,0.16,0.17
1999-05-03,31.96,25.61,28.52,19.64,61.12,6.57,7.83,26.46,0.0,0.08,0.16,0.17
1999-05-04,32.92,25.21,28.79,18.27,56.7,6.08,7.27,27.12,0.0,0.08,0.16,0.17
1999-05-05,32.96,23.55,28.01,19.75,65.98,4.24,5.01,27.77,0.0,0.08,0.16,0.17
1999-05-06,38.29,23.48,30.33,17.28,53.96,2.04,2.56,27.54,0.0,0.08,0.16,0.17
1999-05-07,38.19,25.6,31.41,15.68,45.37,1.75,2.09,27.72,0.0,0.07,0.16,0.17
1999-05-08,36.92,26.68,31.02,15.65,44.46,2.07,2.43,27.85,0.0,0.07,0.16,0.16
1999-05-09,36.95,26.79,31.23,14.43,40.53,2.26,2.71,27.85,0.0,0.07,0.16,0.16
1999-05-10,38.07,26.12,31.29,16.29,45.95,2.11,2.47,28.17,0.0,0.07,0.16,0.16
1999-05-11,38.06,26.84,31.51,20.86,58.83,4.03,4.79,26.7,0.0,0.07,0.16,0.16
1999-05-12,40.42,25.68,33.24,15.52,46.18,2.38,2.92,27.68,0.0,0.07,0.16,0.16
1999-05-13,42.16,28.51,34.96,9.73,25.38,2.15,2.78,26.74,0.0,0.07,0.16,0.16
1999-05-14,37.51,28.53,33.38,12.49,33.23,3.08,3.64,27.61,0.0,0.06,0.16,0.16
1999-05-15,37.73,26.82,31.24,20.95,60.06,4.07,4.82,27.51,0.0,0.06,0.16,0.16
1999-05-16,34.57,25.59,29.7,21.58,66.72,3.97,4.64,27.61,0.0,0.07,0.16,0.16
1999-05-17,37.54,25.29,30.66,19.86,58.82,2.21,2.62,27.55,0.04,0.07,0.16,0.16
1999-05-18,36.32,26.13,31.22,18.72,52.42,1.64,2.09,26.99,4.12,0.14,0.16,0.17
1999-05-19,37.5,26.44,31.22,20.14,57.35,2.37,2.9,27.37,0.23,0.13,0.16,0.17
1999-05-20,35.33,25.77,29.99,18.57,56.67,2.73,3.18,27.41,0.0,0.13,0.16,0.17
1999-05-21,37.65,25.05,30.07,20.53,64.06,3.3,3.92,27.36,0.0,0.12,0.16,0.16
1999-05-22,35.77,25.25,29.56,19.83,60.8,3.33,3.94,25.99,0.0,0.12,0.16,0.16
1999-05-23,38.23,25.01,31.48,16.61,47.7,1.72,2.1,26.5,0.0,0.11,0.16,0.16
1999-05-24,39.02,27.06,33.25,16.12,40.61,2.56,3.25,26.37,0.0,0.11,0.16,0.16
1999-05-25,39.0,28.0,33.71,16.31,38.77,2.35,3.05,28.27,0.06,0.1,0.16,0.16
1999-05-26,40.57,29.98,34.47,12.32,30.29,1.34,1.66,28.29,0.0,0.09,0.16,0.16
1999-05-27,40.72,29.31,34.15,13.13,33.43,1.97,2.46,28.17,0.0,0.09,0.16,0.16
1999-05-28,41.09,28.3,34.24,14.0,35.85,1.15,1.44,27.84,0.0,0.08,0.16,0.16
1999-05-29,40.97,27.09,35.06,13.44,36.9,2.86,3.49,27.86,0.0,0.08,0.16,0.16
1999-05-30,40.64,28.97,35.28,12.08,29.85,3.67,4.72,27.39,0.0,0.07,0.15,0.16
1999-05-31,40.59,29.77,35.4,10.39,25.31,2.97,3.79,27.9,0.0,0.07,0.15,0.16
1999-06-01,42.14,30.08,35.86,14.2,32.53,2.55,3.22,28.34,0.0,0.07,0.15,0.16
1999-06-02,40.25,30.07,34.87,16.17,38.99,2.62,3.12,28.46,0.0,0.07,0.15,0.16
1999-06-03,39.08,28.9,33.64,20.33,51.6,4.17,5.0,28.21,0.0,0.07,0.15,0.16
1999-06-04,38.4,28.37,33.05,22.98,60.37,3.28,3.96,28.38,0.0,0.07,0.15,0.16
1999-06-05,40.5,29.18,34.08,17.96,44.78,3.23,3.91,28.28,0.0,0.07,0.15,0.16
1999-06-06,38.15,28.17,32.96,20.53,52.69,3.47,4.17,28.7,0.0,0.07,0.15,0.16
1999-06-07,41.53,29.09,34.65,21.46,51.73,2.12,2.57,27.09,0.0,0.07,0.15,0.16
1999-06-08,43.06,28.83,34.83,21.19,54.29,1.93,2.27,27.88,0.0,0.07,0.15,0.15
1999-06-09,42.9,28.04,35.01,19.06,49.66,1.06,1.28,28.93,0.0,0.07,0.15,0.15
1999-06-10,42.54,31.66,36.54,18.62,39.9,2.12,2.54,27.52,0.0,0.06,0.15,0.15
1999-06-11,41.35,30.05,35.33,20.79,49.68,2.47,2.9,28.38,0.0,0.06,0.15,0.15
1999-06-12,41.81,29.58,35.34,20.85,50.87,2.58,3.05,28.45,0.0,0.06,0.15,0.15
1999-06-13,41.95,31.39,35.89,17.9,40.1,2.1,2.44,28.87,0.0,0.06,0.15,0.15
1999-06-14,40.24,29.94,35.05,22.57,54.09,2.11,2.51,27.34,0.0,0.06,0.15,0.15
1999-06-15,40.11,30.34,34.95,22.45,52.58,2.17,2.54,27.43,0.0,0.06,0.15,0.15
1999-06-16,40.7,29.66,34.99,22.54,52.14,1.97,2.32,27.22,0.0,0.06,0.15,0.15
1999-06-17,42.0,31.18,36.46,23.49,51.39,2.07,2.47,26.54,0.0,0.06,0.15,0.15
1999-06-18,39.96,31.56,35.76,23.94,53.03,2.47,2.93,25.72,0.0,0.06,0.15,0.15
1999-06-19,39.72,30.71,34.95,21.87,51.19,2.47,2.82,26.4,0.0,0.06,0.15,0.15
1999-06-20,40.0,30.57,34.91,21.19,50.68,2.51,2.9,24.6,0.0,0.06,0.15,0.15
1999-06-21,39.91,29.99,34.47,21.79,53.12,2.36,2.72,26.16,0.0,0.06,0.15,0.15
1999-06-22,39.8,30.61,34.65,22.33,54.81,3.39,3.95,27.4,0.0,0.06,0.15,0.15
1999-06-23,38.77,29.57,33.89,20.58,53.91,4.24,5.0,27.53,0.0,0.06,0.15,0.15
1999-06-24,38.89,29.11,33.76,19.65,50.12,3.5,4.18,26.17,0.0,0.06,0.15,0.15
1999-06-25,37.58,28.81,33.17,17.45,44.39,2.9,3.48,24.69,11.04,0.21,0.17,0.17
1999-06-26,37.32,29.12,33.34,19.83,48.37,3.34,4.0,26.46,0.01,0.14,0.17,0.17
1999-06-27,40.19,30.2,35.21,19.63,42.88,2.26,2.83,26.25,0.0,0.12,0.17,0.17
1999-06-28,38.63,29.46,33.77,22.78,55.66,5.5,6.52,26.5,0.79,0.12,0.17,0.17
1999-06-29,41.0,30.23,35.21,22.01,49.63,2.49,2.9,26.07,0.64,0.13,0.17,0.17
1999-06-30,40.65,31.85,35.74,21.82,48.18,3.43,4.08,26.44,0.0,0.12,0.16,0.17
1999-07-01,39.65,30.51,34.46,24.67,61.9,5.13,6.04,27.34,0.0,0.11,0.16,0.17
1999-07-02,38.99,30.54,34.28,21.83,54.8,5.38,6.38,28.43,0.0,0.1,0.16,0.17
1999-07-03,38.74,29.29,34.03,20.72,53.91,3.64,4.35,27.79,0.0,0.1,0.16,0.16
1999-07-04,39.34,29.61,34.05,22.89,59.22,2.74,3.22,26.73,0.0,0.09,0.16,0.16
1999-07-05,38.21,29.26,33.41,24.24,64.09,2.29,2.62,25.16,0.0,0.09,0.16,0.16
1999-07-06,40.01,29.46,34.44,23.84,57.76,3.14,3.7,26.46,0.01,0.09,0.16,0.16
1999-07-07,38.93,29.77,34.06,23.79,57.28,4.78,5.61,26.13,0.0,0.09,0.16,0.16
1999-07-08,38.52,29.19,33.78,22.19,53.19,3.89,4.49,23.88,0.0,0.09,0.16,0.16
1999-07-09,38.25,29.98,34.02,22.5,52.43,3.49,4.04,24.93,0.0,0.08,0.16,0.16
1999-07-10,37.55,31.09,34.07,21.9,49.96,3.92,4.51,24.38,0.0,0.08,0.16,0.16
1999-07-11,38.49,31.11,34.74,22.6,51.19,3.75,4.38,25.47,0.0,0.08,0.16,0.16
1999-07-12,38.38,29.6,33.83,23.46,60.55,2.71,3.13,25.97,0.0,0.08,0.16,0.16
1999-07-13,41.99,29.77,35.94,18.77,42.36,2.77,3.44,24.82,0.0,0.08,0.16,0.16
1999-07-14,41.06,30.9,35.37,24.51,56.48,7.53,9.04,21.2,0.0,0.08,0.16,0.16
1999-07-15,42.88,32.41,37.27,22.88,46.94,4.47,5.41,24.57,0.0,0.08,0.16,0.16
1999-07-16,41.25,32.71,36.27,23.67,51.12,2.52,2.96,26.01,0.0,0.08,0.16,0.16
1999-07-17,40.73,30.9,35.39,25.26,60.84,2.99,3.44,26.5,0.0,0.07,0.16,0.16
1999-07-18,41.71,31.4,36.3,24.25,53.94,1.79,2.09,19.85,0.0,0.08,0.16,0.16
1999-07-19,41.42,33.52,37.21,20.8,42.22,3.25,3.94,16.23,0.0,0.08,0.16,0.16
1999-07-20,41.78,33.67,37.66,16.01,30.79,3.26,4.03,24.9,0.0,0.07,0.15,0.16
1999-07-21,40.74,30.05,35.67,20.23,43.43,4.05,4.87,25.12,0.0,0.07,0.15,0.16
1999-07-22,41.39,29.14,35.46,21.58,48.99,3.02,3.62,24.3,0.0,0.07,0.15,0.16
1999-07-23,40.39,30.29,35.12,21.33,47.44,2.56,3.03,24.59,0.0,0.07,0.15,0.16
1999-07-24,40.13,30.77,34.74,23.25,53.82,2.49,2.88,25.1,0.0,0.07,0.15,0.16
1999-07-25,39.46,29.89,34.19,23.93,58.13,2.65,3.03,25.45,0.0,0.07,0.15,0.16
1999-07-26,39.73,30.28,34.61,24.1,58.38,3.22,3.68,25.56,0.0,0.07,0.15,0.16
1999-07-27,41.41,30.1,35.51,20.46,46.09,2.03,2.35,25.91,0.0,0.07,0.15,0.16
1999-07-28,39.92,30.98,35.31,20.43,45.59,2.03,2.33,26.26,0.0,0.07,0.15,0.16
1999-07-29,41.18,32.24,36.28,19.16,40.14,1.69,1.97,25.46,0.0,0.07,0.15,0.15
1999-07-30,43.4,32.48,37.73,17.69,33.94,2.54,3.14,25.4,0.0,0.07,0.15,0.15
1999-07-31,42.88,33.32,38.05,18.99,35.25,2.55,3.12,24.73,0.0,0.06,0.15,0.15
1999-08-01,42.59,32.69,37.31,19.91,40.57,2.27,2.68,24.77,0.0,0.06,0.15,0.15
1999-08-02,39.88,32.06,35.61,23.59,53.76,3.32,3.87,25.77,0.0,0.06,0.15,0.15
1999-08-03,40.37,31.55,36.05,22.69,51.4,2.68,3.14,25.71,0.0,0.06,0.15,0.15
1999-08-04,43.04,33.04,38.06,18.03,33.64,2.1,2.63,24.79,0.0,0.06,0.15,0.15
1999-08-05,42.4,33.16,38.13,20.3,38.02,2.69,3.33,24.73,0.0,0.06,0.15,0.15
1999-08-06,43.02,32.8,37.48,19.7,39.73,2.73,3.25,25.9,0.0,0.06,0.15,0.15
1999-08-07,43.59,32.84,37.54,20.69,43.01,2.35,2.75,24.87,0.0,0.06,0.15,0.15
1999-08-08,43.64,33.74,38.46,20.34,38.69,2.05,2.43,24.84,0.0,0.06,0.15,0.15
1999-08-09,42.45,33.82,37.87,21.07,42.25,2.53,3.0,23.54,0.0,0.06,0.15,0.15
1999-08-10,42.09,32.96,37.12,20.94,43.41,2.66,3.17,18.41,0.0,0.06,0.15,0.15
1999-08-11,40.08,33.09,36.63,22.78,47.37,3.11,3.7,20.9,0.0,0.06,0.15,0.15
1999-08-12,39.35,31.78,35.04,25.38,60.31,2.19,2.48,23.48,0.0,0.06,0.15,0.15
1999-08-13,41.85,30.95,36.21,21.85,49.15,1.61,1.88,26.19,0.0,0.06,0.15,0.15
1999-08-14,43.12,32.26,37.5,19.12,38.08,2.55,3.08,25.06,0.0,0.06,0.15,0.15
1999-08-15,41.96,32.45,37.05,23.62,49.18,5.28,6.38,23.23,0.0,0.06,0.15,0.15
1999-08-16,41.48,33.41,36.85,23.04,48.22,5.81,7.0,23.88,0.0,0.06,0.15,0.15
1999-08-17,40.99,32.3,36.33,22.27,47.93,4.91,5.89,20.74,0.02,0.06,0.15,0.15
1999-08-18,41.31,31.89,36.41,21.79,44.9,3.3,3.85,22.9,0.01,0.06,0.15,0.15
1999-08-19,40.87,33.86,36.88,21.35,41.82,2.42,2.78,23.63,0.0,0.06,0.15,0.15
1999-08-20,41.53,32.93,37.0,23.16,46.8,1.67,2.01,23.91,0.0,0.06,0.15,0.15
1999-08-21,41.68,32.54,36.93,20.96,42.44,3.14,3.74,24.31,0.0,0.06,0.15,0.15
1999-08-22,40.87,30.18,35.12,23.34,53.99,4.86,5.74,24.4,0.0,0.06,0.15,0.15
1999-08-23,39.82,29.43,34.49,23.33,55.5,4.49,5.24,24.13,0.0,0.06,0.15,0.15
1999-08-24,40.08,29.96,34.87,21.76,49.49,3.24,3.74,24.32,0.0,0.06,0.15,0.15
1999-08-25,38.66,31.73,35.06,22.11,49.15,3.15,3.68,24.14,0.0,0.06,0.15,0.15
1999-08-26,40.08,31.22,35.62,24.98,56.99,1.59,1.92,23.54,0.0,0.06,0.15,0.15
1999-08-27,39.23,30.79,34.11,23.4,55.59,7.04,8.33,23.37,0.0,0.06,0.15,0.15
1999-08-28,39.3,29.7,34.11,23.83,57.35,4.91,5.84,23.52,0.0,0.06,0.15,0.15
1999-08-29,39.8,30.85,35.11,21.28,47.88,2.77,3.27,24.41,0.0,0.06,0.15,0.15
1999-08-30,39.85,31.4,35.26,20.81,45.51,2.8,3.32,24.01,0.0,0.06,0.15,0.15
1999-08-31,39.66,31.12,35.11,19.34,42.04,3.01,3.58,24.29,0.0,0.06,0.15,0.15
1999-09-01,40.23,31.57,35.55,16.36,33.62,2.42,2.96,24.03,0.0,0.06,0.15,0.15
1999-09-02,41.68,32.51,36.24,18.13,36.77,2.2,2.69,23.33,0.0,0.06,0.15,0.15
1999-09-03,41.12,31.24,35.67,21.86,48.06,2.88,3.46,23.49,0.0,0.06,0.15,0.15
1999-09-04,41.27,32.13,35.84,21.33,46.58,2.32,2.81,22.61,0.0,0.06,0.15,0.15
1999-09-05,40.17,32.42,35.76,21.47,46.12,2.63,3.34,22.98,0.0,0.06,0.15,0.15
1999-09-06,41.19,31.09,35.5,19.33,42.03,3.56,4.33,23.98,0.0,0.06,0.15,0.15
1999-09-07,40.24,29.66,34.51,19.94,45.76,3.95,4.69,23.06,0.0,0.05,0.15,0.15
1999-09-08,38.28,29.75,33.6,19.88,46.65,3.46,4.03,22.77,0.0,0.05,0.15,0.15
1999-09-09,37.35,29.45,33.25,20.63,49.94,2.26,2.65,23.38,0.0,0.05,0.15,0.15
1999-09-10,40.01,29.66,34.22,21.36,49.59,2.25,2.64,22.92,0.0,0.05,0.15,0.15
1999-09-11,39.73,28.86,33.98,19.74,46.29,4.04,4.73,22.36,0.0,0.05,0.15,0.15
1999-09-12,39.04,30.0,33.93,20.17,47.85,3.55,4.14,22.48,0.0,0.05,0.15,0.15
1999-09-13,37.28,29.8,33.03,22.35,55.0,2.84,3.27,22.29,0.0,0.05,0.15,0.15
1999-09-14,36.41,29.22,32.16,22.15,57.61,2.15,2.43,22.12,0.0,0.05,0.15,0.15
1999-09-15,36.3,27.76,31.39,22.72,62.94,2.18,2.46,22.32,0.0,0.05,0.15,0.15
1999-09-16,36.59,28.99,32.24,23.69,62.71,2.29,2.58,22.27,0.0,0.06,0.15,0.15
1999-09-17,38.98,30.12,33.79,21.32,50.58,1.44,1.67,22.27,0.0,0.06,0.15,0.15
1999-09-18,37.83,30.03,33.32,22.53,57.29,2.04,2.38,22.25,0.0,0.06,0.15,0.15
1999-09-19,39.63,28.73,33.73,21.52,54.14,2.14,2.54,22.03,0.0,0.06,0.15,0.15
1999-09-20,38.77,28.41,33.17,21.95,55.55,3.91,4.58,21.39,0.0,0.05,0.15,0.15
1999-09-21,37.17,28.51,32.24,22.03,57.18,4.03,4.64,21.38,0.0,0.05,0.15,0.15
1999-09-22,35.51,28.85,31.77,22.22,58.65,2.75,3.14,21.02,0.0,0.05,0.15,0.15
1999-09-23,37.31,28.14,32.43,22.04,56.95,2.38,2.8,21.15,0.0,0.06,0.15,0.15
1999-09-24,37.83,27.95,32.5,22.4,57.99,4.16,4.85,20.72,0.0,0.06,0.15,0.15
1999-09-25,36.1,28.59,32.02,22.11,57.64,3.97,4.61,19.39,0.0,0.06,0.15,0.15
1999-09-26,36.59,28.15,31.88,21.27,55.37,3.64,4.19,20.49,0.0,0.06,0.15,0.15
1999-09-27,35.62,28.62,31.98,20.73,52.92,3.15,3.62,20.54,0.0,0.06,0.15,0.15
1999-09-28,36.11,29.11,32.21,20.44,51.37,2.9,3.35,20.75,0.0,0.06,0.15,0.15
1999-09-29,37.11,28.83,32.65,20.0,49.07,2.8,3.28,20.82,0.0,0.06,0.15,0.15
1999-09-30,38.29,29.23,33.52,17.61,42.11,2.31,2.88,20.99,0.0,0.06,0.15,0.15
1999-10-01,38.59,29.27,33.56,15.25,37.61,1.96,2.48,21.24,0.0,0.05,0.15,0.15
1999-10-02,37.81,27.47,32.2,15.01,38.32,2.01,2.41,21.98,0.0,0.05,0.15,0.15
1999-10-03,37.11,27.96,31.88,17.92,47.28,2.0,2.34,22.19,0.0,0.05,0.15,0.15
1999-10-04,37.66,27.11,32.01,16.02,41.91,2.22,2.68,21.98,0.0,0.05,0.15,0.15
1999-10-05,36.69,26.27,31.27,17.06,46.21,2.15,2.58,20.42,0.0,0.05,0.15,0.15
1999-10-06,36.89,27.49,31.66,16.45,44.52,2.12,2.49,21.29,0.0,0.05,0.15,0.15
1999-10-07,36.12,27.64,31.19,20.98,59.65,2.52,2.94,21.24,0.0,0.05,0.15,0.15
1999-10-08,35.32,28.03,31.06,23.12,66.61,2.01,2.36,19.97,0.0,0.05,0.15,0.15
1999-10-09,35.72,27.42,31.03,19.89,56.13,1.69,2.02,19.95,0.0,0.05,0.15,0.15
1999-10-10,36.99,27.07,31.4,18.05,49.22,1.97,2.36,19.73,0.0,0.05,0.15,0.15
1999-10-11,37.59,27.76,31.97,17.3,45.04,1.88,2.24,18.6,0.0,0.05,0.15,0.15
1999-10-12,37.7,28.17,32.33,17.73,46.16,1.8,2.25,20.55,0.0,0.05,0.15,0.15
1999-10-13,36.61,26.28,31.03,14.26,39.56,2.13,2.6,20.16,0.0,0.05,0.15,0.15
1999-10-14,34.83,25.73,30.17,19.57,54.42,2.96,3.55,19.32,0.0,0.05,0.15,0.15
1999-10-15,35.09,26.12,30.33,18.61,52.43,2.31,2.74,19.46,0.0,0.05,0.15,0.15
1999-10-16,35.06,25.9,30.29,18.44,51.36,2.35,2.77,19.42,0.0,0.05,0.15,0.15
1999-10-17,34.53,27.48,30.39,19.98,56.79,2.54,2.96,19.33,0.0,0.05,0.15,0.15
1999-10-18,34.18,27.37,30.1,21.76,64.0,3.28,3.93,18.49,0.0,0.05,0.15,0.15
1999-10-19,33.9,26.75,29.52,21.04,63.52,3.0,3.59,18.9,0.0,0.05,0.15,0.15
1999-10-20,33.64,24.79,28.75,20.36,64.48,2.14,2.5,18.76,0.0,0.05,0.15,0.15
1999-10-21,33.9,24.78,28.94,20.39,64.4,1.8,2.04,18.71,0.0,0.05,0.15,0.15
1999-10-22,34.23,25.71,29.47,20.97,63.53,2.78,3.26,18.52,0.0,0.05,0.15,0.15
1999-10-23,32.94,26.13,29.08,20.0,59.46,2.61,3.01,18.48,0.0,0.05,0.15,0.15
1999-10-24,32.99,25.96,29.17,19.4,57.4,1.87,2.19,18.4,0.0,0.05,0.15,0.15
1999-10-25,33.17,26.08,29.17,17.91,52.73,1.77,2.03,17.98,0.0,0.05,0.15,0.15
1999-10-26,35.3,25.96,30.1,17.99,50.99,2.63,3.13,17.73,0.0,0.05,0.15,0.15
1999-10-27,35.34,25.44,29.87,18.26,55.83,3.39,4.06,18.18,0.0,0.05,0.15,0.15
1999-10-28,34.96,24.26,29.38,16.29,49.16,1.98,2.45,17.97,0.0,0.05,0.15,0.15
1999-10-29,34.14,24.93,29.21,15.88,47.73,1.88,2.29,18.03,0.0,0.05,0.15,0.15
1999-10-30,33.62,26.96,29.54,20.33,61.07,2.74,3.3,17.78,0.0,0.05,0.15,0.15
1999-10-31,33.26,25.48,28.85,21.11,66.52,2.29,2.71,17.61,0.0,0.05,0.14,0.15
1999-11-01,33.33,24.82,28.97,20.98,66.07,2.27,2.7,17.72,0.0,0.05,0.14,0.15
1999-11-02,34.02,25.83,29.47,18.92,56.53,1.53,1.77,17.29,0.0,0.05,0.14,0.15
1999-11-03,33.46,26.1,29.39,20.48,61.28,2.57,3.04,17.39,0.0,0.05,0.14,0.15
1999-11-04,31.67,26.88,29.15,16.61,48.38,5.64,6.86,17.95,0.0,0.05,0.14,0.15
1999-11-05,32.49,25.16,28.55,11.57,37.98,2.96,3.59,17.21,0.0,0.05,0.14,0.15
1999-11-06,32.8,24.58,28.31,12.9,39.85,2.05,2.55,17.6,0.0,0.05,0.14,0.15
1999-11-07,33.3,24.54,28.41,15.08,45.96,1.86,2.27,17.62,0.0,0.05,0.14,0.15
1999-11-08,33.85,24.72,28.87,16.84,50.67,1.86,2.2,17.31,0.0,0.05,0.14,0.15
1999-11-09,32.83,25.1,28.47,19.0,59.32,2.75,3.24,16.59,0.0,0.05,0.14,0.15
1999-11-10,31.73,25.89,28.42,20.05,61.88,4.46,5.41,16.65,0.0,0.05,0.14,0.15
1999-11-11,32.46,25.95,28.52,19.9,60.81,3.6,4.38,16.58,0.0,0.05,0.14,0.15
1999-11-12,32.99,24.61,28.25,15.96,50.76,3.55,4.3,15.69,0.0,0.05,0.14,0.15
1999-11-13,30.4,25.42,27.67,19.17,60.76,2.99,3.6,15.72,0.0,0.06,0.14,0.15
1999-11-14,31.83,25.65,28.31,14.61,44.55,2.3,2.82,16.81,0.0,0.06,0.14,0.15
1999-11-15,32.1,26.07,28.31,14.5,45.38,2.11,2.58,16.55,0.0,0.06,0.14,0.15
1999-11-16,31.51,25.34,27.89,18.03,56.23,2.64,3.15,16.31,0.0,0.06,0.14,0.15
1999-11-17,29.68,24.65,27.27,16.27,52.52,5.11,6.24,16.08,0.0,0.06,0.14,0.15
1999-11-18,29.27,24.14,26.22,16.75,56.75,2.28,2.83,14.86,0.0,0.06,0.14,0.15
1999-11-19,29.11,22.85,25.84,14.36,50.66,1.16,1.37,16.42,0.0,0.06,0.14,0.15
1999-11-20,29.75,24.38,26.41,14.54,49.31,1.95,2.3,15.98,0.0,0.06,0.14,0.15
1999-11-21,29.18,23.68,26.22,17.61,60.01,3.26,4.01,14.6,0.0,0.06,0.14,0.15
1999-11-22,30.23,22.66,26.22,16.74,58.29,1.72,2.09,15.38,0.04,0.06,0.15,0.15
1999-11-23,29.63,23.24,26.02,17.14,59.98,2.3,2.73,14.56,1.04,0.08,0.15,0.15
1999-11-24,27.92,23.67,25.39,17.35,61.76,1.71,1.97,14.55,0.2,0.12,0.15,0.15
1999-11-25,28.86,23.65,25.72,15.52,54.23,1.45,1.69,15.6,0.01,0.11,0.15,0.15
1999-11-26,29.11,23.8,25.71,15.65,54.79,1.66,1.9,15.46,0.0,0.11,0.15,0.15
1999-11-27,29.35,22.69,25.44,16.51,59.52,1.7,1.96,15.8,0.0,0.11,0.15,0.15
1999-11-28,28.8,23.12,25.23,16.95,61.99,2.2,2.57,15.41,0.0,0.11,0.15,0.15
1999-11-29,27.77,22.82,24.68,16.16,60.29,4.37,5.21,14.69,0.0,0.1,0.15,0.15
1999-11-30,25.22,20.37,22.83,11.98,51.21,4.84,5.84,14.95,0.0,0.1,0.15,0.15
1999-12-01,26.67,20.17,23.08,11.72,49.55,1.65,2.04,15.41,0.0,0.1,0.15,0.15
1999-12-02,28.72,20.79,24.51,14.95,56.78,3.09,3.8,15.37,0.0,0.1,0.15,0.15
1999-12-03,27.73,21.07,24.15,16.91,65.33,2.68,3.28,13.79,0.0,0.1,0.15,0.15
1999-12-04,26.27,21.34,23.65,14.47,57.92,4.35,5.31,15.44,0.0,0.1,0.15,0.15
1999-12-05,26.87,20.69,23.26,13.15,53.9,2.0,2.51,15.4,0.0,0.1,0.15,0.15
1999-12-06,28.16,20.73,24.01,10.94,45.76,3.1,3.75,15.37,0.0,0.1,0.15,0.15
1999-12-07,27.26,19.41,23.05,6.7,37.01,2.77,3.49,13.17,0.0,0.1,0.15,0.15
1999-12-08,27.94,18.85,22.89,8.58,42.14,1.85,2.34,14.05,0.0,0.09,0.15,0.15
1999-12-09,28.15,19.35,23.33,12.61,52.88,1.99,2.45,15.03,0.0,0.09,0.15,0.15
1999-12-10,27.83,18.78,23.09,13.23,57.94,2.39,3.0,15.01,0.0,0.09,0.15,0.15
1999-12-11,26.57,19.17,22.68,14.24,60.84,2.42,3.0,13.93,0.0,0.09,0.15,0.15
1999-12-12,26.91,20.26,23.24,15.66,63.57,2.37,2.85,14.78,0.0,0.09,0.15,0.15
1999-12-13,25.3,20.14,22.57,17.18,72.57,3.54,4.25,13.62,0.0,0.09,0.15,0.15
1999-12-14,24.81,19.46,21.63,15.64,69.65,2.39,2.88,13.63,0.0,0.09,0.15,0.15
1999-12-15,24.74,18.82,21.52,15.49,69.99,2.2,2.63,14.71,0.0,0.09,0.15,0.15
1999-12-16,26.24,20.9,23.13,17.8,72.75,4.65,5.66,13.27,0.0,0.09,0.15,0.15
1999-12-17,24.4,20.03,22.24,13.69,58.83,5.56,6.74,14.55,0.0,0.09,0.15,0.15
1999-12-18,26.02,19.99,22.53,12.04,52.12,2.63,3.16,13.76,1.17,0.13,0.15,0.15
1999-12-19,25.68,18.32,21.72,9.77,48.04,2.96,3.72,15.03,0.0,0.12,0.15,0.15
1999-12-20,25.45,18.56,21.58,8.46,44.27,1.95,2.37,15.52,0.0,0.11,0.15,0.15
1999-12-21,25.46,18.71,21.6,6.74,39.42,1.52,1.81,15.2,0.0,0.11,0.15,0.15
1999-12-22,26.6,16.77,21.53,6.87,41.82,1.94,2.33,15.51,0.0,0.1,0.15,0.15
1999-12-23,26.95,17.54,21.87,6.3,39.04,1.74,2.06,15.67,0.0,0.1,0.15,0.15
1999-12-24,27.11,17.51,21.99,6.93,40.56,1.6,1.92,14.78,0.0,0.1,0.15,0.15
1999-12-25,26.33,19.09,22.22,8.21,42.2,1.81,2.19,14.69,0.0,0.09,0.15,0.15
1999-12-26,25.69,19.42,22.02,11.77,53.38,2.48,3.04,15.47,0.0,0.09,0.15,0.15
1999-12-27,25.0,18.95,21.64,14.43,64.38,2.55,3.13,15.05,0.0,0.09,0.15,0.15
1999-12-28,25.05,20.14,21.9,13.37,58.96,1.51,1.79,14.2,0.0,0.09,0.15,0.15
1999-12-29,25.59,19.47,22.1,13.99,60.88,1.81,2.21,13.63,0.0,0.09,0.15,0.15
1999-12-30,24.45,19.24,21.23,14.69,67.33,2.67,3.31,14.39,0.0,0.09,0.15,0.15
1999-12-31,25.64,18.85,21.64,12.26,57.16,1.55,1.87,15.26,0.0,0.09,0.15,0.15
2000-01-01,26.42,19.79,22.49,11.55,51.67,1.41,1.7,15.53,0.0,0.09,0.15,0.15
2000-01-02,26.66,18.5,22.27,12.62,55.63,1.67,2.05,14.09,0.0,0.09,0.15,0.15
2000-01-03,24.47,18.72,21.29,13.43,62.27,1.45,1.77,12.16,0.08,0.09,0.15,0.15
2000-01-04,25.44,19.53,21.97,12.59,56.58,0.99,1.23,14.98,0.0,0.09,0.15,0.15
2000-01-05,25.84,18.3,21.71,15.03,67.46,2.21,2.69,14.83,0.0,0.09,0.15,0.15
2000-01-06,26.37,19.26,22.31,13.55,60.78,2.11,2.64,14.1,0.0,0.09,0.15,0.15
2000-01-07,25.8,19.59,22.21,13.21,58.15,1.94,2.35,13.99,0.0,0.09,0.15,0.15
2000-01-08,26.67,20.3,22.9,14.65,61.34,2.86,3.48,13.44,0.0,0.09,0.15,0.15
2000-01-09,26.13,20.99,22.84,13.4,56.54,1.72,2.07,15.02,0.0,0.09,0.15,0.15
2000-01-10,23.84,19.54,21.52,16.52,73.63,4.79,5.75,12.08,0.12,0.1,0.15,0.15
2000-01-11,21.12,18.06,19.57,11.75,61.06,6.98,8.36,11.88,0.0,0.1,0.15,0.15
2000-01-12,22.48,17.5,19.67,12.29,63.19,2.71,3.38,14.37,0.0,0.1,0.15,0.15
2000-01-13,23.06,18.12,20.31,11.16,56.24,1.54,1.88,14.84,0.0,0.1,0.15,0.15
2000-01-14,23.54,18.81,20.55,11.61,57.02,1.76,2.11,14.59,0.0,0.1,0.15,0.15
2000-01-15,23.4,18.66,20.57,10.89,54.4,1.51,1.79,14.92,0.0,0.1,0.15,0.15
2000-01-16,25.29,16.76,20.98,12.69,61.18,2.61,3.18,14.19,0.12,0.1,0.15,0.15
2000-01-17,25.23,19.05,21.64,14.46,65.17,5.84,7.06,8.41,2.8,0.15,0.15,0.15
2000-01-18,22.83,18.19,20.56,15.52,73.31,4.58,5.5,4.14,2.25,0.18,0.16,0.16
2000-01-19,27.38,19.27,22.84,15.82,66.95,3.56,4.42,14.97,0.04,0.17,0.16,0.16
2000-01-20,23.92,19.11,21.18,16.48,75.36,3.27,3.97,14.4,0.11,0.15,0.16,0.16
2000-01-21,24.93,18.82,21.19,14.71,68.12,3.42,4.15,15.59,0.0,0.15,0.16,0.16
2000-01-22,23.99,18.83,20.89,13.17,63.02,3.68,4.5,16.03,0.0,0.14,0.16,0.16
2000-01-23,25.29,18.89,21.54,12.1,56.18,3.11,3.86,16.06,0.0,0.14,0.16,0.16
2000-01-24,24.63,18.07,21.01,11.97,57.82,4.53,5.57,16.17,0.0,0.13,0.16,0.16
2000-01-25,23.13,17.36,19.76,10.29,55.15,2.11,2.62,15.65,0.0,0.13,0.16,0.16
2000-01-26,23.1,17.46,19.68,10.4,55.74,2.12,2.56,17.09,0.0,0.13,0.16,0.16
2000-01-27,27.29,16.84,21.5,11.9,56.96,3.65,4.43,17.16,0.0,0.13,0.16,0.16
2000-01-28,27.03,18.53,22.34,14.86,64.66,5.81,7.03,16.76,0.0,0.12,0.15,0.16
2000-01-29,27.13,19.63,22.94,14.92,63.55,3.59,4.41,15.56,0.0,0.12,0.15,0.16
2000-01-30,22.45,17.55,20.18,13.01,64.85,5.55,6.66,14.21,0.0,0.12,0.15,0.16
2000-01-31,23.58,16.77,19.79,11.56,60.32,2.36,2.92,17.14,0.0,0.12,0.15,0.16
2000-02-01,22.18,16.89,19.26,12.75,67.01,3.95,4.77,16.54,0.0,0.12,0.15,0.16
2000-02-02,24.04,18.1,20.35,13.62,66.64,6.2,7.51,16.81,0.0,0.12,0.15,0.16
2000-02-03,20.82,17.36,18.72,9.65,56.6,8.56,10.33,17.07,0.0,0.11,0.15,0.16
2000-02-04,24.25,16.31,19.93,7.48,45.82,3.01,3.72,17.42,0.0,0.11,0.15,0.15
2000-02-05,22.54,16.54,19.17,10.54,58.27,4.09,4.88,17.63,0.0,0.11,0.15,0.15
2000-02-06,23.09,16.67,19.46,13.43,69.98,3.36,4.12,17.99,0.0,0.11,0.15,0.15
2000-02-07,25.12,17.16,20.33,13.1,67.1,3.59,4.25,17.24,0.0,0.11,0.15,0.15
2000-02-08,19.13,15.68,17.59,11.11,66.17,6.51,7.78,12.89,0.0,0.11,0.15,0.15
2000-02-09,20.1,15.2,17.43,11.29,67.75,3.18,3.86,15.57,0.0,0.11,0.15,0.15
2000-02-10,21.82,15.61,18.48,9.57,57.62,2.18,2.7,17.78,0.0,0.11,0.15,0.15
2000-02-11,23.99,15.9,19.85,5.99,42.42,2.61,3.16,18.9,0.0,0.1,0.15,0.15
2000-02-12,23.41,17.12,19.56,7.23,46.5,1.96,2.32,18.97,0.0,0.1,0.15,0.15
2000-02-13,26.28,16.53,20.86,9.54,52.2,2.5,3.06,19.04,0.0,0.1,0.15,0.15
2000-02-14,26.11,17.37,21.25,12.2,59.24,3.69,4.5,18.72,0.0,0.1,0.15,0.15
2000-02-15,25.95,18.32,21.31,11.77,57.74,1.9,2.36,19.03,0.0,0.1,0.15,0.15
2000-02-16,26.21,17.82,21.13,13.83,66.44,1.91,2.27,18.8,0.0,0.09,0.15,0.15
2000-02-17,24.13,17.57,20.53,14.26,70.32,2.99,3.53,18.47,0.0,0.09,0.15,0.15
2000-02-18,24.3,18.73,21.07,13.69,64.94,6.19,7.5,18.88,0.0,0.09,0.15,0.15
2000-02-19,23.67,17.99,20.54,11.42,57.96,4.82,5.87,19.28,0.0,0.09,0.15,0.15
2000-02-20,24.59,17.57,20.13,13.12,66.71,2.24,2.71,19.72,0.0,0.09,0.15,0.15
2000-02-21,23.42,17.15,19.99,11.04,57.82,3.93,4.84,20.82,0.0,0.09,0.15,0.15
2000-02-22,26.2,16.69,21.06,11.45,57.73,2.11,2.61,21.13,0.0,0.09,0.15,0.15
2000-02-23,27.14,17.48,22.07,14.72,67.0,2.71,3.33,20.32,0.0,0.09,0.15,0.15
2000-02-24,27.83,18.71,23.11,15.25,64.81,2.44,3.03,19.49,0.0,0.09,0.15,0.15
2000-02-25,29.17,19.34,23.76,14.61,59.9,3.14,3.86,20.1,0.0,0.09,0.15,0.15
2000-02-26,28.79,20.88,24.05,13.46,54.32,3.23,3.96,20.35,0.0,0.09,0.15,0.15
2000-02-27,29.45,19.12,23.55,15.9,66.81,2.75,3.36,20.25,0.0,0.09,0.15,0.15
2000-02-28,28.09,20.65,23.7,15.79,63.41,2.73,3.22,20.69,0.0,0.09,0.15,0.15
2000-02-29,27.73,19.71,22.88,15.89,68.64,4.01,4.83,21.18,0.0,0.09,0.15,0.15
2000-03-01,27.32,19.52,22.66,13.97,61.92,4.28,5.17,19.61,0.0,0.09,0.15,0.15
2000-03-02,27.0,18.61,22.19,14.45,65.6,4.81,5.81,20.3,0.0,0.09,0.15,0.15
2000-03-03,21.89,17.97,19.72,10.33,55.53,9.12,10.95,20.14,0.0,0.08,0.15,0.15
2000-03-04,25.14,16.71,20.37,11.53,58.66,2.7,3.27,21.21,0.0,0.08,0.15,0.15
2000-03-05,22.8,16.71,19.69,12.55,64.87,4.47,5.36,19.77,0.0,0.08,0.15,0.15
2000-03-06,23.65,18.4,20.67,9.41,50.25,4.88,5.91,21.24,0.0,0.08,0.15,0.15
2000-03-07,26.71,18.59,22.04,10.28,49.87,1.65,2.04,21.21,0.0,0.08,0.15,0.15
2000-03-08,27.79,17.37,22.27,10.79,51.39,2.71,3.32,21.3,0.0,0.08,0.15,0.15
2000-03-09,27.99,19.53,22.79,12.66,56.06,3.34,4.08,20.98,0.0,0.08,0.15,0.15
2000-03-10,24.24,18.67,20.8,13.94,66.86,5.08,6.06,21.3,0.0,0.08,0.15,0.15
2000-03-11,23.42,18.27,20.39,10.99,56.18,7.93,9.55,21.46,0.0,0.08,0.15,0.15
2000-03-12,22.6,18.04,19.9,10.23,55.18,7.57,9.1,22.1,0.0,0.08,0.15,0.15
2000-03-13,24.43,17.3,20.53,12.12,60.87,4.73,5.71,21.94,0.0,0.08,0.15,0.15
2000-03-14,26.13,17.2,21.18,14.45,69.59,3.94,4.79,22.11,0.0,0.08,0.15,0.15
2000-03-15,27.26,18.33,22.0,13.29,64.7,3.44,4.1,21.96,0.0,0.08,0.15,0.15
2000-03-16,26.56,18.36,21.75,14.53,69.28,4.0,4.82,21.97,0.0,0.08,0.15,0.15
2000-03-17,27.57,18.06,22.24,15.9,72.12,2.43,2.98,22.17,0.0,0.08,0.15,0.15
2000-03-18,30.13,19.55,24.51,12.07,55.35,1.62,2.0,23.33,0.0,0.08,0.15,0.15
2000-03-19,32.41,22.51,26.64,7.98,33.71,2.88,3.7,23.37,0.0,0.07,0.15,0.15
2000-03-20,28.5,20.33,23.71,14.78,64.8,5.65,6.83,23.26,0.0,0.07,0.15,0.15
2000-03-21,30.67,19.47,24.66,13.86,59.64,2.16,2.7,23.75,0.0,0.07,0.15,0.15
2000-03-22,33.82,19.29,26.2,9.69,45.76,1.62,2.13,23.57,0.0,0.07,0.15,0.15
2000-03-23,32.72,21.44,26.85,7.92,34.7,3.09,3.93,22.67,0.0,0.07,0.15,0.15
2000-03-24,34.29,22.0,27.46,13.39,47.32,3.55,4.41,21.97,0.0,0.06,0.15,0.15
2000-03-25,31.66,22.7,26.6,16.61,57.34,3.46,4.25,22.17,0.0,0.06,0.15,0.15
2000-03-26,30.37,22.7,25.9,15.19,54.93,3.25,3.87,13.16,0.0,0.06,0.15,0.15
2000-03-27,26.82,20.59,23.17,16.39,67.93,3.12,3.72,17.11,0.02,0.06,0.15,0.15
2000-03-28,24.24,19.66,21.71,14.22,63.41,3.49,4.19,17.07,0.03,0.07,0.15,0.15
2000-03-29,25.07,19.12,21.81,12.58,58.95,3.85,4.62,24.82,0.0,0.07,0.15,0.15
2000-03-30,25.47,17.99,21.4,12.59,60.47,3.75,4.53,23.45,0.0,0.07,0.15,0.15
2000-03-31,27.54,17.05,22.0,13.11,61.02,2.8,3.39,24.88,0.0,0.07,0.15,0.15
2000-04-01,29.85,18.7,23.56,13.54,60.43,2.34,2.8,22.8,0.0,0.07,0.15,0.15
2000-04-02,29.89,19.87,24.47,15.28,63.54,3.16,3.8,24.8,0.0,0.07,0.15,0.15
2000-04-03,33.48,20.87,26.05,16.09,63.3,2.0,2.41,24.95,0.0,0.07,0.15,0.15
2000-04-04,32.6,21.87,26.6,16.5,61.38,1.95,2.33,24.56,0.0,0.06,0.15,0.15
2000-04-05,31.52,21.95,26.05,16.21,61.93,4.2,5.06,23.19,0.0,0.06,0.15,0.15
2000-04-06,31.47,21.05,25.65,16.94,63.91,5.29,6.32,24.64,0.0,0.06,0.15,0.15
2000-04-07,30.67,21.55,25.7,16.53,61.78,4.23,5.13,25.14,0.0,0.06,0.15,0.15
2000-04-08,31.31,21.13,25.94,14.26,53.23,2.64,3.21,22.66,0.0,0.06,0.15,0.15
2000-04-09,33.15,23.0,27.15,11.25,40.29,1.87,2.22,25.48,0.0,0.06,0.15,0.15
2000-04-10,33.17,23.09,27.48,11.35,40.08,2.53,3.05,24.3,0.0,0.06,0.15,0.15
2000-04-11,33.47,22.92,27.4,17.72,60.71,4.66,5.62,25.63,0.0,0.06,0.15,0.15
2000-04-12,32.9,22.95,26.82,18.33,65.5,5.65,6.76,26.42,0.0,0.06,0.15,0.15
2000-04-13,38.29,21.21,27.96,15.85,58.39,2.46,2.98,26.83,0.0,0.06,0.15,0.15
2000-04-14,39.73,22.98,30.18,13.07,49.04,1.39,1.71,26.58,0.0,0.06,0.15,0.15
2000-04-15,36.59,24.49,29.47,11.96,41.92,1.87,2.26,25.87,0.0,0.05,0.15,0.15
2000-04-16,36.61,24.75,30.13,9.95,34.48,1.9,2.39,25.46,0.0,0.05,0.15,0.15
2000-04-17,35.96,27.33,31.14,7.33,26.45,1.97,2.55,24.87,0.0,0.05,0.15,0.15
2000-04-18,36.18,28.8,31.9,8.33,25.03,1.86,2.33,22.17,0.0,0.05,0.15,0.15
2000-04-19,33.63,26.77,30.21,11.72,35.48,1.48,1.79,21.18,0.0,0.05,0.15,0.15
2000-04-20,35.38,25.57,30.01,16.91,49.66,3.25,3.89,25.68,0.0,0.05,0.15,0.15
2000-04-21,35.82,25.66,30.61,14.65,41.83,2.8,3.43,26.71,0.0,0.05,0.15,0.15
2000-04-22,36.45,26.89,31.06,15.89,44.01,2.79,3.39,26.54,0.0,0.05,0.15,0.15
2000-04-23,37.25,25.81,30.75,19.3,57.34,3.36,4.07,25.69,0.0,0.05,0.15,0.15
2000-04-24,37.05,27.35,31.7,17.48,47.41,2.27,2.74,25.67,0.0,0.05,0.15,0.15
2000-04-25,38.06,28.1,32.38,16.2,41.61,2.76,3.43,25.65,0.0,0.05,0.15,0.15
2000-04-26,36.29,28.14,31.62,17.38,45.79,2.49,2.91,26.44,0.0,0.05,0.15,0.15
2000-04-27,36.79,27.8,32.04,16.9,44.87,3.33,4.05,26.17,0.0,0.05,0.15,0.15
2000-04-28,36.02,26.54,31.15,18.69,53.3,2.77,3.35,27.35,0.0,0.05,0.15,0.15
2000-04-29,35.55,26.43,30.61,19.43,55.63,3.3,3.95,27.09,0.0,0.05,0.15,0.15
2000-04-30,36.86,26.4,31.42,18.63,53.98,3.7,4.48,27.87,0.0,0.05,0.15,0.15
2000-05-01,36.63,27.7,31.72,17.54,46.77,3.27,3.97,25.99,0.0,0.05,0.15,0.15
2000-05-02,36.27,27.36,31.23,20.28,55.6,3.55,4.21,16.69,0.0,0.05,0.15,0.15
2000-05-03,36.98,27.15,31.32,20.35,56.73,4.51,5.31,25.74,0.0,0.05,0.15,0.15
2000-05-04,34.1,25.83,29.76,18.23,55.25,4.38,5.22,26.84,0.0,0.05,0.15,0.15
2000-05-05,34.85,24.88,29.9,16.09,48.38,2.9,3.47,26.06,0.0,0.05,0.15,0.15
2000-05-06,36.05,27.01,30.78,11.69,35.47,2.58,3.06,27.84,0.0,0.05,0.15,0.15
2000-05-07,36.19,25.5,30.4,19.71,57.81,3.99,4.79,27.45,0.0,0.05,0.15,0.15
2000-05-08,37.22,26.38,31.21,21.9,64.94,4.46,5.31,27.55,0.0,0.05,0.15,0.15
2000-05-09,37.31,25.95,31.08,19.9,59.16,3.69,4.43,27.61,0.0,0.05,0.15,0.15
2000-05-10,35.26,26.31,30.24,22.23,65.76,4.14,4.89,26.61,0.0,0.05,0.15,0.15
2000-05-11,35.11,26.25,30.26,22.74,67.96,4.48,5.27,27.36,0.0,0.05,0.15,0.15
2000-05-12,36.51,26.34,31.0,21.49,63.91,4.33,5.17,27.39,0.0,0.05,0.15,0.15
2000-05-13,34.32,25.99,29.81,19.22,58.71,5.11,6.05,27.35,0.0,0.05,0.15,0.15
2000-05-14,38.31,24.31,30.37,18.81,58.24,2.54,2.98,27.42,0.0,0.05,0.15,0.15
2000-05-15,37.02,25.66,30.72,19.34,55.87,2.48,2.87,26.79,0.0,0.05,0.15,0.15
2000-05-16,34.95,25.84,30.22,21.29,64.07,4.87,5.71,27.51,0.0,0.05,0.15,0.15
2000-05-17,33.52,26.22,29.84,22.07,67.36,4.45,5.23,27.08,0.0,0.05,0.15,0.15
2000-05-18,37.06,25.44,30.41,20.66,65.19,3.42,4.03,27.85,0.0,0.05,0.15,0.15
2000-05-19,36.96,26.11,30.87,20.72,63.85,3.82,4.52,28.02,0.0,0.05,0.15,0.15
2000-05-20,36.68,25.71,30.94,21.35,63.33,3.54,4.16,28.34,0.0,0.05,0.15,0.15
2000-05-21,38.18,26.92,31.62,21.64,62.88,3.21,3.79,27.73,0.0,0.05,0.14,0.15
2000-05-22,39.44,26.5,31.77,21.48,61.89,3.0,3.53,27.46,0.0,0.05,0.14,0.15
2000-05-23,38.48,25.66,31.11,20.48,60.59,3.59,4.2,29.0,0.0,0.05,0.14,0.15
2000-05-24,36.08,25.94,30.46,19.75,60.97,3.91,4.56,28.69,0.01,0.05,0.14,0.15
2000-05-25,38.87,24.82,32.22,14.59,42.05,1.64,2.12,28.15,0.0,0.05,0.14,0.15
2000-05-26,38.58,28.41,32.91,20.35,51.69,2.41,2.86,28.64,0.0,0.05,0.14,0.15
2000-05-27,37.82,26.53,31.62,20.74,59.03,3.07,3.54,27.86,0.0,0.05,0.14,0.15
2000-05-28,38.67,25.43,31.77,19.62,56.36,2.76,3.21,28.61,0.0,0.05,0.14,0.15
2000-05-29,40.41,28.07,33.95,19.23,48.21,1.32,1.52,27.39,0.0,0.05,0.14,0.15
2000-05-30,39.51,28.44,33.54,20.7,52.35,2.16,2.49,27.54,0.0,0.05,0.14,0.15
2000-05-31,38.83,29.2,33.7,19.64,46.39,2.24,2.6,27.25,0.0,0.05,0.14,0.15
2000-06-01,38.41,27.95,32.44,18.43,48.52,3.01,3.45,28.17,0.0,0.05,0.14,0.15
2000-06-02,39.3,27.57,33.26,13.53,34.79,2.32,2.75,28.69,0.0,0.04,0.14,0.15
2000-06-03,42.49,27.67,34.96,18.55,43.25,1.34,1.6,28.65,0.0,0.04,0.14,0.15
2000-06-04,42.1,29.93,35.44,20.6,48.02,2.13,2.52,27.72,0.0,0.04,0.14,0.15
2000-06-05,37.7,29.29,33.27,21.05,53.96,3.1,3.61,26.94,0.0,0.04,0.14,0.15
2000-06-06,38.29,27.68,32.37,22.13,61.63,3.02,3.5,26.2,0.0,0.04,0.14,0.15
2000-06-07,40.17,27.67,33.33,21.66,56.12,2.35,2.72,25.74,0.0,0.04,0.14,0.15
2000-06-08,37.7,28.17,32.29,22.2,60.56,3.85,4.46,27.02,0.0,0.04,0.14,0.15
2000-06-09,36.08,27.08,31.18,21.57,62.41,4.38,5.09,27.63,0.0,0.04,0.14,0.15
2000-06-10,36.2,26.28,30.8,21.06,62.47,4.51,5.26,27.58,0.0,0.04,0.14,0.15
2000-06-11,35.38,25.92,30.71,17.87,52.2,3.75,4.47,26.58,0.0,0.04,0.14,0.15
2000-06-12,36.58,26.37,31.35,18.71,53.27,2.6,3.07,26.11,0.0,0.04,0.14,0.15
2000-06-13,37.09,26.81,31.66,16.88,47.29,2.94,3.44,26.23,0.0,0.04,0.14,0.15
2000-06-14,36.96,26.72,31.29,15.73,44.95,2.96,3.47,25.02,0.0,0.04,0.14,0.15
2000-06-15,36.65,26.49,31.53,8.64,31.19,2.47,2.89,27.11,0.0,0.04,0.14,0.15
2000-06-16,37.06,27.69,31.92,14.25,40.89,2.5,2.91,25.11,0.0,0.04,0.14,0.15
2000-06-17,36.6,25.91,31.16,20.46,59.44,2.66,3.1,27.41,0.0,0.04,0.14,0.15
2000-06-18,37.37,26.42,31.74,21.32,61.2,2.51,2.93,25.59,0.0,0.04,0.14,0.15
2000-06-19,37.47,27.86,32.4,20.55,55.11,2.56,2.96,27.35,0.0,0.04,0.14,0.15
2000-06-20,38.79,28.05,33.24,21.87,58.73,2.15,2.49,27.49,0.0,0.04,0.14,0.15
2000-06-21,40.94,28.56,33.9,22.2,58.54,1.66,1.95,27.34,0.0,0.04,0.14,0.15
2000-06-22,41.39,29.02,34.36,22.05,56.83,1.94,2.28,25.31,0.0,0.04,0.14,0.15
2000-06-23,40.9,29.23,34.42,21.41,51.83,1.97,2.28,27.46,0.0,0.04,0.14,0.15
2000-06-24,39.43,29.62,33.99,21.84,53.91,2.32,2.69,26.49,0.0,0.04,0.14,0.15
2000-06-25,36.86,28.63,32.28,22.95,62.04,3.92,4.58,25.4,0.0,0.04,0.14,0.15
2000-06-26,37.57,27.53,32.15,20.38,57.43,4.0,4.68,24.53,0.0,0.04,0.14,0.15
2000-06-27,37.97,26.18,32.12,18.03,50.9,2.49,2.9,25.4,0.0,0.04,0.14,0.15
2000-06-28,39.53,29.01,34.22,20.97,48.55,1.68,1.98,26.25,0.0,0.04,0.14,0.15
2000-06-29,38.94,29.92,34.03,21.61,52.84,2.27,2.63,24.33,0.0,0.04,0.14,0.15
2000-06-30,38.27,29.68,33.63,23.14,58.83,2.7,3.1,24.73,0.0,0.04,0.14,0.15
2000-07-01,41.3,30.42,35.56,19.54,43.97,3.85,4.66,25.12,0.0,0.04,0.14,0.15
2000-07-02,39.71,30.52,34.85,22.05,50.79,5.2,6.26,25.91,0.0,0.04,0.14,0.15
2000-07-03,39.23,29.92,34.45,22.87,53.8,3.21,3.82,24.88,0.0,0.04,0.14,0.15
2000-07-04,39.51,29.4,34.65,22.92,53.36,2.76,3.19,26.12,0.0,0.04,0.14,0.15
2000-07-05,40.31,31.0,35.56,22.4,49.06,2.76,3.21,25.72,0.0,0.04,0.14,0.15
2000-07-06,40.24,31.1,35.13,20.59,45.91,2.48,2.91,26.5,0.0,0.04,0.14,0.15
2000-07-07,41.29,30.41,35.28,19.75,43.72,1.82,2.09,26.16,0.0,0.04,0.14,0.15
2000-07-08,40.59,30.92,35.34,20.93,46.97,2.03,2.34,25.54,0.0,0.04,0.14,0.15
2000-07-09,39.98,30.89,34.83,23.16,54.8,2.33,2.72,26.48,0.0,0.04,0.14,0.15
2000-07-10,42.66,31.79,37.11,17.68,35.82,1.73,2.19,25.98,0.0,0.04,0.14,0.15
2000-07-11,43.51,32.42,37.7,20.67,41.39,2.09,2.63,23.97,0.02,0.04,0.14,0.15
2000-07-12,43.09,33.02,36.94,22.08,45.65,1.37,1.6,23.18,0.0,0.04,0.14,0.15
2000-07-13,41.6,31.98,36.91,22.56,47.27,1.68,1.99,23.2,0.0,0.04,0.14,0.15
2000-07-14,41.8,32.74,37.32,23.34,47.12,3.11,3.66,25.26,0.01,0.04,0.14,0.15
2000-07-15,40.22,33.53,36.59,23.26,48.48,1.79,2.06,24.33,0.01,0.04,0.14,0.15
2000-07-16,42.14,33.14,36.95,21.94,45.6,1.7,1.99,25.27,0.04,0.04,0.14,0.15
2000-07-17,43.31,33.95,38.59,20.96,39.12,2.6,3.25,25.07,0.0,0.04,0.14,0.15
2000-07-18,40.94,32.77,36.97,20.48,40.46,5.13,6.1,25.54,0.0,0.04,0.14,0.15
2000-07-19,41.52,31.74,36.51,18.63,39.93,5.26,6.35,27.58,0.0,0.04,0.14,0.15
2000-07-20,41.86,30.84,36.46,16.53,34.93,3.31,4.1,26.93,0.0,0.04,0.14,0.15
2000-07-21,41.71,30.36,36.36,15.37,32.6,2.42,3.0,27.52,0.0,0.04,0.14,0.15
2000-07-22,41.82,32.24,36.71,14.95,30.46,2.31,2.83,26.35,0.0,0.04,0.14,0.15
2000-07-23,40.8,32.11,36.44,19.53,39.66,2.95,3.62,25.85,0.0,0.04,0.14,0.15
2000-07-24,40.27,31.79,35.75,19.34,41.33,2.78,3.34,26.59,0.0,0.04,0.14,0.15
2000-07-25,39.97,32.04,35.65,17.6,37.88,3.27,3.85,27.23,0.0,0.04,0.14,0.15
2000-07-26,39.87,31.88,35.45,17.3,36.57,2.68,3.22,26.03,0.0,0.04,0.14,0.15
2000-07-27,40.38,31.88,35.69,17.18,35.48,2.23,2.63,27.37,0.0,0.04,0.14,0.15
2000-07-28,41.32,31.81,35.94,17.14,36.77,2.37,2.85,26.15,0.0,0.04,0.14,0.15
2000-07-29,42.35,30.59,36.36,19.75,44.8,1.84,2.25,26.37,0.0,0.04,0.14,0.15
2000-07-30,42.14,31.17,36.29,21.55,49.01,1.88,2.2,25.87,0.0,0.04,0.14,0.15
2000-07-31,41.79,33.04,36.71,20.27,42.44,1.87,2.17,27.43,0.0,0.04,0.14,0.15
2000-08-01,41.89,31.04,35.88,21.93,50.28,1.86,2.17,25.8,0.0,0.04,0.14,0.15
2000-08-02,41.04,30.83,35.63,20.11,44.76,2.82,3.27,25.94,0.0,0.04,0.14,0.15
2000-08-03,40.99,31.27,36.0,18.39,37.88,2.92,3.5,25.81,0.0,0.04,0.14,0.15
2000-08-04,40.84,31.65,36.02,20.64,43.63,3.63,4.34,25.51,0.01,0.04,0.14,0.15
2000-08-05,39.52,31.69,35.38,21.37,46.64,3.95,4.62,24.15,0.18,0.04,0.14,0.15
2000-08-06,39.15,32.97,35.53,20.57,43.46,3.35,3.9,24.6,0.08,0.05,0.14,0.15
2000-08-07,39.77,32.43,35.9,18.65,38.2,2.0,2.34,24.81,0.0,0.05,0.14,0.15
2000-08-08,40.66,32.19,36.17,20.75,43.65,2.13,2.49,24.73,0.0,0.05,0.14,0.15
2000-08-09,40.46,32.08,35.65,22.36,49.9,2.5,2.91,24.9,0.0,0.05,0.14,0.15
2000-08-10,41.78,30.79,35.46,22.91,52.81,1.81,2.1,23.02,0.0,0.05,0.14,0.15
2000-08-11,42.5,32.46,36.89,22.6,47.13,3.86,4.61,22.64,0.0,0.05,0.14,0.15
2000-08-12,39.98,30.86,34.68,23.24,54.27,6.85,8.1,23.61,0.01,0.05,0.14,0.15
2000-08-13,39.47,29.26,34.26,22.5,54.73,5.23,6.2,24.77,0.0,0.05,0.14,0.15
2000-08-14,37.96,29.29,33.76,22.63,54.54,2.82,3.26,24.87,0.01,0.05,0.14,0.15
2000-08-15,38.5,31.09,34.7,19.93,43.62,2.66,3.09,24.58,0.0,0.05,0.14,0.15
2000-08-16,40.28,31.36,35.74,20.02,41.43,2.66,3.11,24.14,0.0,0.05,0.14,0.15
2000-08-17,41.0,32.86,36.73,21.35,42.94,3.71,4.38,22.87,0.0,0.05,0.14,0.15
2000-08-18,41.39,33.63,36.91,21.27,43.13,2.59,3.06,24.73,0.0,0.05,0.14,0.15
2000-08-19,39.98,32.25,36.03,22.38,48.53,1.75,2.03,23.71,0.0,0.05,0.14,0.15
2000-08-20,41.06,32.02,36.27,20.98,44.73,4.29,5.14,23.57,0.0,0.05,0.14,0.15
2000-08-21,41.16,30.02,35.69,18.27,40.4,3.35,4.04,25.17,0.0,0.05,0.14,0.15
2000-08-22,42.13,31.03,36.69,14.96,31.12,2.27,2.9,24.92,0.0,0.05,0.14,0.15
2000-08-23,41.62,31.99,36.58,12.85,27.9,2.26,2.75,24.52,0.0,0.04,0.14,0.15
2000-08-24,40.73,29.89,34.81,20.05,45.94,2.55,3.05,24.51,0.0,0.04,0.14,0.15
2000-08-25,40.66,31.23,35.29,19.64,44.02,2.22,2.68,24.71,0.0,0.04,0.14,0.15
2000-08-26,42.11,31.38,36.27,18.43,39.84,2.34,2.88,25.3,0.0,0.04,0.14,0.15
2000-08-27,42.42,29.48,36.51,17.05,39.15,1.99,2.46,24.95,0.0,0.04,0.14,0.15
2000-08-28,40.63,32.65,35.93,14.28,31.84,2.19,2.6,24.46,0.0,0.04,0.14,0.15
2000-08-29,39.76,32.02,35.41,18.4,39.29,1.7,2.03,23.51,0.02,0.04,0.14,0.15
2000-08-30,40.18,30.17,34.25,23.05,55.11,2.44,2.85,23.12,0.49,0.05,0.14,0.15
2000-08-31,37.69,29.77,33.15,23.14,57.37,1.68,1.87,22.44,3.43,0.14,0.15,0.15
2000-09-01,37.3,29.76,32.97,24.16,62.53,4.47,5.18,23.33,0.07,0.15,0.15,0.15
2000-09-02,35.21,30.12,32.25,23.57,61.21,3.85,4.48,21.8,0.0,0.13,0.15,0.15
2000-09-03,36.76,29.58,32.91,22.76,56.88,1.76,2.08,21.4,1.74,0.15,0.15,0.15
2000-09-04,36.51,30.04,33.0,22.65,56.04,2.67,3.07,22.27,0.16,0.16,0.15,0.15
2000-09-05,37.33,28.44,32.56,20.92,52.84,3.69,4.26,19.28,0.16,0.14,0.15,0.15
2000-09-06,37.55,27.5,32.85,22.07,55.38,2.66,3.06,22.37,0.33,0.13,0.15,0.15
2000-09-07,38.29,30.69,34.18,21.22,48.81,2.23,2.58,22.36,0.0,0.11,0.15,0.15
2000-09-08,38.21,30.79,34.06,22.49,54.5,2.87,3.32,22.75,0.0,0.1,0.15,0.15
2000-09-09,37.39,30.64,33.44,24.93,63.77,4.22,4.92,21.72,0.0,0.1,0.15,0.15
2000-09-10,38.22,29.27,33.38,23.77,60.71,2.62,3.06,21.94,0.0,0.1,0.15,0.15
2000-09-11,38.96,29.95,34.1,21.78,51.08,1.65,1.95,21.85,0.0,0.09,0.15,0.15
2000-09-12,38.81,28.6,33.48,21.87,53.35,3.22,3.76,21.7,0.0,0.09,0.15,0.15
2000-09-13,39.07,28.68,33.34,22.36,56.11,3.84,4.46,22.32,0.0,0.08,0.15,0.15
2000-09-14,37.9,28.85,33.11,22.43,56.14,2.73,3.1,21.72,0.0,0.08,0.15,0.15
2000-09-15,36.47,29.57,32.64,23.05,58.95,1.91,2.11,20.86,0.0,0.08,0.15,0.15
2000-09-16,36.91,29.98,32.9,23.63,59.84,3.14,3.62,21.45,0.0,0.08,0.15,0.15
2000-09-17,36.54,28.98,32.59,22.18,56.16,3.66,4.19,21.29,0.0,0.08,0.15,0.15
2000-09-18,35.6,29.64,32.15,21.88,56.04,3.9,4.52,21.36,0.0,0.08,0.15,0.15
2000-09-19,35.9,27.82,31.36,22.26,62.07,2.94,3.44,21.41,0.0,0.08,0.15,0.15
2000-09-20,38.22,27.89,32.86,19.49,49.12,2.11,2.51,20.99,0.0,0.08,0.15,0.15
2000-09-21,38.01,28.04,32.79,20.6,51.88,2.76,3.23,19.21,0.0,0.07,0.15,0.15
2000-09-22,37.22,28.0,31.98,21.08,55.9,3.16,3.65,21.03,0.0,0.07,0.15,0.15
2000-09-23,36.34,27.89,31.79,20.54,54.46,2.67,3.1,21.01,0.05,0.07,0.15,0.15
2000-09-24,35.07,28.08,31.47,20.17,52.7,1.75,2.06,21.2,0.0,0.07,0.15,0.15
2000-09-25,36.24,28.84,32.15,19.88,50.56,1.94,2.23,21.22,0.0,0.07,0.15,0.15
2000-09-26,35.97,29.3,32.09,21.61,56.74,2.43,2.81,21.2,0.0,0.07,0.15,0.15
2000-09-27,36.82,28.96,32.71,20.26,50.13,2.0,2.32,21.08,0.0,0.07,0.15,0.15
2000-09-28,37.54,29.92,33.43,18.5,43.88,1.98,2.37,21.09,0.0,0.07,0.15,0.15
2000-09-29,37.25,29.5,32.76,21.81,56.13,2.99,3.53,21.02,0.0,0.07,0.15,0.15
2000-09-30,36.96,29.37,32.5,23.0,61.8,3.58,4.28,20.86,0.0,0.07,0.15,0.15
2000-10-01,36.54,28.23,32.08,22.78,63.08,1.75,2.06,20.9,0.0,0.07,0.15,0.15
2000-10-02,38.06,28.34,32.8,21.85,55.19,2.38,2.84,19.03,0.0,0.07,0.15,0.15
2000-10-03,36.07,29.39,32.31,20.55,51.28,3.77,4.42,19.08,0.38,0.08,0.15,0.15
2000-10-04,33.8,27.62,30.32,21.22,59.46,3.14,3.63,18.63,0.08,0.09,0.15,0.15
2000-10-05,34.28,27.49,30.36,19.52,54.46,1.99,2.28,18.83,0.03,0.09,0.15,0.15
2000-10-06,33.55,27.73,30.18,20.88,58.88,2.11,2.44,18.84,0.07,0.09,0.15,0.15
2000-10-07,36.06,28.43,32.0,17.12,44.24,2.21,2.66,19.55,0.03,0.09,0.15,0.15
2000-10-08,36.03,27.48,31.69,13.08,34.2,2.18,2.72,20.39,0.0,0.08,0.15,0.15
2000-10-09,35.25,26.63,30.74,13.19,36.98,2.13,2.59,20.77,0.0,0.08,0.15,0.15
2000-10-10,34.15,26.98,30.1,19.1,56.77,2.14,2.56,20.56,0.0,0.08,0.15,0.15
2000-10-11,35.44,26.4,30.59,17.36,51.04,1.56,1.85,20.06,0.0,0.07,0.15,0.15
2000-10-12,36.09,26.97,30.86,18.38,52.34,2.15,2.55,19.82,0.0,0.07,0.15,0.15
2000-10-13,35.09,26.67,30.5,21.95,63.92,3.6,4.28,19.36,0.0,0.07,0.15,0.15
2000-10-14,34.37,26.81,30.12,21.5,62.69,2.78,3.32,19.03,0.0,0.07,0.15,0.15
2000-10-15,36.11,25.83,30.5,18.1,52.19,2.78,3.35,19.25,0.0,0.07,0.15,0.15
2000-10-16,35.61,26.7,30.61,18.77,53.49,2.25,2.75,18.98,0.0,0.07,0.15,0.15
2000-10-17,34.38,26.78,29.84,18.93,56.3,2.45,2.87,19.46,0.0,0.07,0.15,0.15
2000-10-18,32.79,26.11,29.25,22.2,67.72,2.46,2.88,18.84,0.0,0.07,0.15,0.15
2000-10-19,34.81,27.36,30.28,20.66,58.88,2.16,2.62,18.8,0.0,0.07,0.15,0.15
2000-10-20,35.23,26.66,30.06,18.13,52.04,1.33,1.62,18.85,0.0,0.07,0.15,0.15
2000-10-21,33.85,25.61,29.44,19.06,56.17,2.26,2.68,18.53,0.0,0.07,0.15,0.15
2000-10-22,34.41,27.15,30.3,18.48,52.64,3.79,4.64,18.67,0.0,0.07,0.15,0.15
2000-10-23,33.59,27.42,30.16,19.98,56.56,3.69,4.47,18.58,0.0,0.07,0.15,0.15
2000-10-24,32.51,27.24,29.38,19.6,57.39,2.34,2.72,18.33,0.0,0.07,0.15,0.15
2000-10-25,34.27,25.45,29.58,18.32,54.39,1.84,2.16,17.91,0.11,0.07,0.15,0.15
2000-10-26,35.41,27.97,31.03,17.8,48.24,2.36,2.84,18.11,0.0,0.07,0.15,0.15
2000-10-27,34.15,27.31,30.05,18.84,55.32,2.56,3.09,18.26,0.0,0.07,0.15,0.15
2000-10-28,35.03,26.48,30.11,19.61,57.64,1.44,1.78,18.2,0.0,0.07,0.15,0.15
2000-10-29,35.58,25.41,30.06,17.07,50.02,2.06,2.54,17.22,0.0,0.07,0.15,0.15
2000-10-30,34.34,24.83,29.31,18.99,57.99,1.67,2.03,17.83,0.03,0.07,0.15,0.15
2000-10-31,33.11,26.32,29.14,18.78,57.13,2.19,2.57,17.73,0.0,0.07,0.15,0.15
2000-11-01,32.27,26.27,28.96,19.85,59.96,2.34,2.75,17.8,0.0,0.07,0.15,0.15
2000-11-02,34.58,26.63,29.92,18.98,55.38,2.27,2.68,17.76,0.01,0.07,0.15,0.15
2000-11-03,33.68,25.46,29.09,19.8,60.77,4.06,4.77,17.13,0.2,0.07,0.15,0.15
2000-11-04,32.15,24.95,28.46,18.5,56.91,2.9,3.36,16.71,0.31,0.09,0.15,0.15
2000-11-05,30.91,26.32,28.32,18.45,56.4,1.92,2.3,14.57,0.05,0.09,0.15,0.15
2000-11-06,30.0,25.11,26.99,19.11,62.84,2.94,3.44,8.84,1.21,0.12,0.15,0.15
2000-11-07,28.49,24.49,26.1,16.9,57.41,4.09,4.9,14.75,0.47,0.15,0.15,0.15
2000-11-08,28.33,23.73,26.01,14.78,50.56,1.63,1.9,16.42,0.0,0.14,0.15,0.15
2000-11-09,27.46,23.8,25.49,18.36,65.09,2.18,2.59,10.79,0.48,0.13,0.15,0.15
2000-11-10,27.01,23.63,25.06,18.58,67.55,2.58,3.05,13.55,2.36,0.19,0.15,0.15
2000-11-11,27.75,23.12,24.97,16.3,59.45,1.98,2.41,16.59,0.32,0.19,0.16,0.16
2000-11-12,29.27,23.33,25.71,15.04,52.57,2.35,2.74,16.7,0.0,0.17,0.16,0.15
2000-11-13,29.26,21.87,25.47,13.21,49.44,3.48,4.16,16.81,0.0,0.15,0.15,0.15
2000-11-14,30.04,22.81,26.22,15.84,54.82,3.41,4.06,14.71,0.0,0.14,0.15,0.15
2000-11-15,29.36,22.88,25.95,16.09,55.93,2.23,2.71,16.08,0.0,0.13,0.15,0.15
2000-11-16,30.34,23.55,26.75,17.19,56.83,1.91,2.3,16.18,0.0,0.13,0.15,0.15
2000-11-17,30.3,24.62,26.69,13.72,47.85,5.77,6.91,15.98,0.0,0.12,0.15,0.15
2000-11-18,29.76,22.24,25.61,10.95,41.01,4.9,5.85,15.95,0.0,0.12,0.15,0.15
2000-11-19,29.62,22.06,25.64,12.02,44.09,2.12,2.59,15.99,0.0,0.11,0.15,0.15
2000-11-20,29.06,22.57,25.6,15.57,54.79,2.09,2.45,15.98,0.0,0.11,0.15,0.15
2000-11-21,28.57,24.38,26.09,18.08,61.9,5.12,6.14,10.8,0.0,0.11,0.15,0.15
2000-11-22,26.36,23.41,24.83,17.4,63.72,7.33,8.73,12.36,0.0,0.11,0.15,0.15
2000-11-23,25.47,22.04,23.74,17.47,68.17,5.12,6.04,13.63,0.0,0.11,0.15,0.15
2000-11-24,26.94,21.92,23.86,15.78,61.46,2.91,3.47,12.44,0.01,0.11,0.15,0.15
2000-11-25,26.38,22.48,24.22,16.13,60.9,3.61,4.29,10.25,0.03,0.11,0.15,0.15
2000-11-26,26.76,22.38,24.2,14.63,55.72,3.91,4.81,15.62,0.0,0.11,0.15,0.15
2000-11-27,28.79,22.23,24.77,12.71,49.16,1.56,1.9,15.64,0.0,0.1,0.15,0.15
2000-11-28,26.85,21.77,23.88,15.53,60.39,2.22,2.67,15.57,0.0,0.1,0.15,0.15
2000-11-29,27.99,22.67,24.85,17.35,63.88,1.97,2.44,15.45,0.0,0.1,0.15,0.15
2000-11-30,29.37,20.59,24.25,11.08,48.77,3.04,3.78,15.42,0.0,0.1,0.15,0.15
2000-12-01,29.05,20.55,23.95,10.22,45.12,1.84,2.39,14.51,0.0,0.1,0.15,0.15
2000-12-02,28.11,19.23,23.42,12.44,53.25,1.83,2.28,14.88,0.0,0.1,0.15,0.15
2000-12-03,28.73,20.59,24.22,12.44,50.12,1.53,1.83,14.81,0.0,0.1,0.15,0.15
2000-12-04,28.81,21.21,24.38,14.81,57.26,1.26,1.49,14.75,0.0,0.09,0.15,0.15
2000-12-05,28.98,21.96,24.63,17.07,65.02,1.9,2.24,14.49,0.0,0.09,0.15,0.15
2000-12-06,26.77,21.8,23.71,17.98,71.25,3.41,4.14,13.58,0.0,0.09,0.15,0.15
2000-12-07,25.53,20.55,22.99,13.12,55.14,3.05,3.77,14.8,0.0,0.09,0.15,0.15
2000-12-08,25.59,20.41,22.47,14.16,59.91,1.4,1.66,14.15,0.0,0.09,0.15,0.15
2000-12-09,29.69,19.29,24.01,13.52,54.37,1.91,2.39,11.67,0.0,0.09,0.15,0.15
2000-12-10,29.73,20.65,24.7,16.42,62.74,3.73,4.59,12.79,0.0,0.09,0.15,0.15
2000-12-11,25.75,21.39,23.25,18.08,74.05,5.11,6.07,8.78,0.18,0.1,0.15,0.15
2000-12-12,23.9,19.89,21.92,14.89,65.34,4.33,5.15,13.12,0.27,0.11,0.15,0.15
2000-12-13,23.59,19.45,21.11,14.14,64.92,3.09,3.77,9.52,0.06,0.12,0.15,0.15
2000-12-14,23.65,18.82,20.84,14.24,66.44,2.39,2.76,10.38,0.27,0.11,0.15,0.15
2000-12-15,20.94,17.02,19.25,14.77,75.57,5.55,6.53,2.32,19.84,0.26,0.17,0.16
2000-12-16,21.29,17.55,19.63,11.92,62.25,6.54,7.81,13.96,0.98,0.28,0.2,0.19
2000-12-17,23.37,18.07,20.24,10.69,55.19,3.29,3.99,14.56,0.0,0.22,0.19,0.19
2000-12-18,22.94,16.55,19.39,9.74,54.59,2.81,3.43,14.99,0.0,0.2,0.19,0.19
2000-12-19,23.34,16.63,19.84,8.5,49.4,1.72,2.07,14.68,0.0,0.19,0.19,0.19
2000-12-20,23.11,16.48,19.7,11.29,59.09,1.57,1.93,14.87,0.0,0.19,0.19,0.19
2000-12-21,22.4,18.6,19.94,12.69,63.82,0.91,1.1,12.14,0.0,0.19,0.18,0.19
2000-12-22,23.15,17.92,20.07,13.76,67.81,1.23,1.51,14.21,0.0,0.19,0.18,0.19
2000-12-23,25.67,19.33,21.9,14.93,65.74,1.79,2.16,14.23,0.0,0.19,0.18,0.19
2000-12-24,26.6,18.35,21.58,14.53,66.71,1.27,1.56,13.71,0.0,0.18,0.18,0.19
2000-12-25,26.01,18.28,21.6,14.83,67.82,1.18,1.42,14.21,0.0,0.18,0.18,0.19
2000-12-26,25.03,19.07,21.58,15.52,69.54,3.42,4.05,13.95,0.0,0.18,0.18,0.19
2000-12-27,21.75,18.45,20.08,12.47,62.1,5.38,6.46,12.79,0.0,0.18,0.18,0.18
2000-12-28,23.24,17.39,20.11,11.01,56.12,1.77,2.14,14.36,0.0,0.18,0.18,0.18
2000-12-29,23.32,18.65,20.47,10.91,54.63,2.49,3.01,14.12,0.0,0.18,0.18,0.18
2000-12-30,24.13,16.96,20.1,6.9,44.72,3.28,4.12,14.56,0.0,0.17,0.18,0.18
2000-12-31,23.76,18.05,20.27,10.09,53.18,2.35,2.9,14.61,0.0,0.17,0.18,0.18
2001-01-01,23.67,17.74,20.18,12.69,62.96,3.4,4.23,15.2,0.0,0.16,0.18,0.18
2001-01-02,24.74,18.11,20.95,12.17,58.56,1.4,1.79,14.64,0.0,0.16,0.18,0.18
2001-01-03,26.01,16.09,20.88,11.51,58.48,2.13,2.66,15.25,0.0,0.16,0.18,0.18
2001-01-04,24.65,17.21,20.43,11.86,60.62,2.8,3.44,14.6,0.0,0.16,0.18,0.18
2001-01-05,23.91,18.26,20.88,12.02,57.5,2.89,3.45,14.19,0.0,0.15,0.18,0.18
2001-01-06,21.88,17.95,19.59,11.37,59.62,5.59,6.78,14.23,0.0,0.15,0.18,0.18
2001-01-07,23.85,17.67,20.39,9.45,50.73,2.21,2.77,14.5,0.0,0.15,0.17,0.18
2001-01-08,24.17,16.29,20.52,9.85,52.04,1.36,1.63,14.35,0.35,0.15,0.17,0.18
2001-01-09,22.96,18.36,20.17,13.77,67.99,2.34,2.88,8.72,32.14,0.38,0.21,0.21
2001-01-10,20.99,17.31,19.06,13.36,70.0,2.15,2.62,11.21,13.79,0.42,0.26,0.25
2001-01-11,22.28,17.27,19.22,10.67,58.54,2.78,3.47,15.57,0.01,0.32,0.26,0.25
2001-01-12,22.62,17.44,19.4,10.34,56.4,1.78,2.15,15.78,0.0,0.29,0.25,0.25
2001-01-13,22.85,17.34,19.43,11.65,61.63,1.98,2.4,16.17,0.0,0.28,0.25,0.25
2001-01-14,22.63,17.09,19.21,12.29,65.06,2.43,2.96,16.0,0.0,0.27,0.24,0.25
2001-01-15,23.27,16.58,19.33,12.86,67.65,2.61,3.23,16.65,0.0,0.27,0.24,0.25
2001-01-16,22.58,16.1,18.77,13.43,72.49,2.54,3.08,16.18,0.0,0.27,0.24,0.25
2001-01-17,21.98,15.92,18.39,13.49,74.36,1.93,2.33,16.15,0.0,0.27,0.24,0.25
2001-01-18,21.69,15.93,18.19,12.48,70.62,1.87,2.2,15.8,0.0,0.26,0.24,0.25
2001-01-19,22.73,14.86,18.36,8.39,55.7,1.69,2.0,15.97,0.0,0.26,0.24,0.24
2001-01-20,23.52,15.89,19.12,9.76,56.79,2.92,3.52,15.65,0.0,0.25,0.24,0.24
2001-01-21,22.69,17.36,19.49,11.89,62.55,3.94,4.87,15.91,0.0,0.25,0.23,0.24
2001-01-22,23.6,17.58,19.97,10.58,55.69,1.72,2.06,16.78,0.0,0.25,0.23,0.24
2001-01-23,22.59,16.69,18.99,10.77,60.42,1.91,2.28,16.09,0.0,0.25,0.23,0.24
2001-01-24,22.16,16.36,18.89,12.36,66.7,1.82,2.13,15.53,0.0,0.25,0.23,0.24
2001-01-25,22.69,17.23,19.44,14.26,72.63,3.37,4.17,15.42,0.0,0.25,0.23,0.24
2001-01-26,21.57,16.01,18.38,10.9,62.56,2.87,3.54,17.09,0.0,0.24,0.23,0.24
2001-01-27,23.64,16.36,19.28,12.56,67.0,3.4,4.02,15.78,0.31,0.25,0.23,0.24
2001-01-28,18.96,16.09,17.31,8.81,58.19,6.83,8.18,16.21,0.4,0.25,0.23,0.23
2001-01-29,19.44,12.65,15.9,5.22,50.55,4.6,5.62,17.63,0.0,0.24,0.23,0.23
2001-01-30,19.64,12.15,15.56,4.45,49.24,2.97,3.64,17.0,0.0,0.23,0.22,0.23
2001-01-31,19.97,14.26,16.92,9.12,60.45,2.38,2.85,16.4,0.0,0.24,0.22,0.23
2001-02-01,21.88,15.47,18.25,8.27,53.55,1.58,1.87,18.08,0.0,0.23,0.22,0.23
2001-02-02,22.37,16.22,18.57,8.89,54.38,1.59,1.91,18.49,0.0,0.23,0.22,0.23
2001-02-03,20.91,14.93,17.4,12.22,72.72,3.32,4.08,16.97,0.0,0.23,0.22,0.23
2001-02-04,21.69,14.83,17.73,9.95,62.05,3.52,4.33,18.75,0.0,0.23,0.22,0.23
2001-02-05,22.88,15.41,18.55,11.19,63.13,4.74,5.8,18.17,0.0,0.23,0.22,0.23
2001-02-06,20.86,16.35,18.32,10.41,60.72,6.49,7.9,18.04,0.0,0.22,0.22,0.22
2001-02-07,22.18,15.82,18.62,10.77,61.63,1.94,2.49,17.54,0.0,0.22,0.22,0.22
2001-02-08,23.53,15.58,19.36,9.62,56.27,1.24,1.45,17.96,0.0,0.22,0.22,0.22
2001-02-09,25.7,17.24,21.27,12.07,58.03,1.97,2.44,17.28,0.0,0.22,0.21,0.22
2001-02-10,27.08,18.89,22.34,13.65,60.19,2.56,3.25,15.12,0.01,0.22,0.21,0.22
2001-02-11,26.45,18.88,21.84,13.43,60.46,2.64,3.24,17.53,0.09,0.22,0.21,0.22
2001-02-12,20.11,17.04,18.61,11.34,63.04,7.49,9.02,17.46,0.0,0.21,0.21,0.22
2001-02-13,22.9,16.74,19.6,10.63,57.12,2.99,3.66,19.19,0.0,0.21,0.21,0.22
2001-02-14,24.37,14.99,19.37,8.72,53.32,2.52,3.1,18.9,0.0,0.21,0.21,0.22
2001-02-15,23.48,15.8,19.48,9.53,54.14,2.78,3.43,16.59,0.0,0.21,0.21,0.21
2001-02-16,24.28,17.29,20.23,12.59,63.69,1.57,1.9,16.72,0.0,0.21,0.21,0.21
2001-02-17,24.27,18.45,20.82,13.71,65.51,1.84,2.2,17.93,0.0,0.21,0.21,0.21
2001-02-18,27.5,18.23,22.4,12.61,56.96,1.76,2.19,17.41,0.0,0.21,0.21,0.21
2001-02-19,26.21,18.92,22.05,14.67,64.57,2.83,3.47,17.3,0.0,0.2,0.2,0.21
2001-02-20,24.32,17.59,20.42,12.36,61.12,1.63,1.95,20.27,0.0,0.2,0.2,0.21
2001-02-21,27.6,18.03,22.68,13.24,56.84,2.3,2.89,18.68,0.0,0.2,0.2,0.21
2001-02-22,24.36,19.03,21.5,15.38,69.35,2.95,3.6,17.46,0.0,0.2,0.2,0.21
2001-02-23,27.05,18.78,22.26,13.14,57.58,1.93,2.35,16.92,0.0,0.2,0.2,0.21
2001-02-24,24.73,18.52,21.32,12.98,61.81,4.55,5.51,18.88,0.0,0.2,0.2,0.21
2001-02-25,25.56,17.26,20.78,12.44,61.82,2.92,3.68,21.04,0.0,0.2,0.2,0.2
2001-02-26,23.37,16.71,19.79,12.61,64.53,4.89,5.99,21.54,0.0,0.19,0.2,0.2
2001-02-27,24.91,16.98,20.48,13.91,67.76,3.06,3.81,21.66,0.0,0.19,0.2,0.2
2001-02-28,27.84,17.52,21.71,10.94,55.25,1.32,1.61,21.34,0.0,0.19,0.19,0.2
2001-03-01,28.24,18.51,22.62,10.29,50.55,1.45,1.85,20.38,0.0,0.18,0.19,0.2
2001-03-02,28.89,18.55,23.56,13.0,55.78,1.87,2.41,19.66,0.0,0.18,0.19,0.2
2001-03-03,28.93,19.92,23.98,11.19,47.95,1.82,2.32,20.85,0.0,0.17,0.19,0.2
2001-03-04,28.52,20.43,23.85,10.6,47.21,2.01,2.42,21.21,0.0,0.17,0.19,0.2
2001-03-05,26.77,18.46,22.29,16.59,72.9,3.61,4.31,15.21,0.0,0.16,0.19,0.2
2001-03-06,26.38,19.44,22.29,16.29,72.19,4.1,4.96,21.92,0.0,0.16,0.19,0.19
2001-03-07,26.26,18.71,22.0,15.58,69.42,3.07,3.72,21.97,0.0,0.16,0.19,0.19
2001-03-08,27.78,17.24,22.24,13.84,64.86,1.52,1.78,21.51,0.0,0.16,0.19,0.19
2001-03-09,30.01,19.65,25.11,10.83,46.5,1.4,1.72,21.08,0.0,0.15,0.19,0.19
2001-03-10,34.68,22.4,28.04,10.54,36.82,2.69,3.6,21.59,0.0,0.14,0.19,0.19
2001-03-11,27.42,19.94,23.96,15.07,59.66,4.95,5.93,21.64,0.0,0.13,0.18,0.19
2001-03-12,28.67,19.32,23.84,13.82,56.23,1.83,2.2,22.01,0.0,0.13,0.18,0.19
2001-03-13,28.43,21.15,24.53,14.07,53.42,1.17,1.37,22.76,0.0,0.13,0.18,0.19
2001-03-14,28.26,21.64,24.49,13.9,54.24,1.95,2.46,21.03,0.0,0.13,0.18,0.19
2001-03-15,30.28,20.66,25.42,18.3,67.89,4.44,5.37,20.27,0.0,0.14,0.18,0.19
2001-03-16,32.46,22.2,26.85,17.1,57.77,3.73,4.55,19.8,0.03,0.13,0.18,0.19
2001-03-17,26.94,21.66,23.9,17.45,69.15,4.71,5.57,21.75,0.01,0.13,0.18,0.19
2001-03-18,23.64,20.18,22.25,15.72,67.15,5.98,7.17,7.68,0.0,0.13,0.18,0.19
2001-03-19,27.26,19.37,22.7,15.84,67.69,2.41,2.89,22.98,0.0,0.13,0.18,0.19
2001-03-20,26.12,20.53,22.71,17.07,72.52,4.19,4.99,10.14,0.0,0.13,0.18,0.19
2001-03-21,26.66,19.7,22.72,16.1,68.8,4.29,5.15,22.63,0.0,0.13,0.18,0.18
2001-03-22,27.22,18.69,22.69,15.3,65.97,3.42,4.07,22.71,0.0,0.13,0.18,0.18
2001-03-23,28.37,20.88,23.96,16.12,63.29,3.36,3.98,19.63,1.45,0.14,0.18,0.18
2001-03-24,29.85,21.95,25.13,13.8,51.19,2.04,2.47,24.31,0.25,0.18,0.18,0.19
2001-03-25,33.56,20.84,26.64,14.6,50.63,3.07,3.85,17.9,0.51,0.16,0.18,0.18
2001-03-26,26.02,21.22,23.41,13.2,54.63,6.74,8.06,24.36,0.05,0.16,0.18,0.18
2001-03-27,24.46,20.38,22.09,13.46,58.6,8.17,9.8,23.9,0.0,0.15,0.18,0.18
2001-03-28,26.4,19.29,22.5,15.55,66.42,3.95,4.71,24.24,0.0,0.14,0.18,0.18
2001-03-29,30.12,19.12,23.96,14.07,60.0,1.75,2.07,24.43,0.0,0.13,0.18,0.18
2001-03-30,29.46,19.47,24.13,14.15,60.1,1.91,2.23,24.98,0.0,0.13,0.18,0.18
2001-03-31,30.81,21.5,25.37,12.36,48.86,1.85,2.21,24.98,0.0,0.12,0.18,0.18
2001-04-01,32.21,20.73,26.05,13.18,52.01,2.03,2.44,25.12,0.0,0.11,0.17,0.18
2001-04-02,31.88,21.66,25.82,15.93,61.53,2.34,2.76,25.96,0.0,0.11,0.17,0.18
2001-04-03,31.83,22.01,26.21,15.25,57.63,1.93,2.28,25.55,0.0,0.11,0.17,0.18
2001-04-04,32.86,22.86,26.88,13.45,49.33,1.78,2.12,25.97,0.0,0.11,0.17,0.18
2001-04-05,34.41,22.99,27.88,12.89,46.32,1.66,2.01,26.59,0.0,0.1,0.17,0.18
2001-04-06,33.86,23.48,27.95,10.43,39.85,2.26,2.72,26.03,0.0,0.1,0.17,0.18
2001-04-07,34.94,23.86,28.88,7.56,32.35,1.99,2.51,26.69,0.0,0.1,0.17,0.18
2001-04-08,35.23,24.31,29.41,6.84,28.25,2.74,3.56,26.43,0.0,0.09,0.17,0.18
2001-04-09,34.35,24.19,28.52,8.66,33.58,3.14,3.85,25.93,0.0,0.09,0.17,0.17
2001-04-10,29.92,21.7,25.34,16.94,63.35,5.99,7.11,25.97,0.0,0.09,0.17,0.17
2001-04-11,29.05,20.94,24.44,16.51,63.36,4.42,5.23,27.29,0.0,0.09,0.17,0.17
2001-04-12,29.09,19.43,23.92,16.27,65.62,3.08,3.65,27.63,0.0,0.09,0.17,0.17
2001-04-13,30.62,20.22,24.93,16.26,63.23,3.79,4.52,25.58,0.0,0.09,0.17,0.17
2001-04-14,28.85,20.7,24.29,15.6,62.55,4.57,5.45,27.99,0.0,0.09,0.17,0.17
2001-04-15,29.62,20.25,24.3,15.18,60.5,2.27,2.69,26.41,0.0,0.09,0.17,0.17
2001-04-16,31.6,20.11,25.37,15.8,61.52,2.77,3.32,27.73,0.0,0.09,0.17,0.17
2001-04-17,30.22,20.41,25.37,18.07,68.13,3.94,4.68,25.51,0.0,0.09,0.17,0.17
2001-04-18,29.15,22.47,25.4,17.4,64.19,6.83,8.17,27.84,0.0,0.09,0.17,0.17
2001-04-19,30.39,21.13,25.11,16.72,63.27,4.3,5.11,26.53,0.0,0.09,0.17,0.17
2001-04-20,29.84,20.28,25.06,15.91,60.49,2.3,2.69,26.22,0.0,0.09,0.17,0.17
2001-04-21,33.2,22.09,27.38,16.74,56.89,1.62,1.94,26.3,0.0,0.09,0.16,0.17
2001-04-22,31.94,24.26,27.5,17.78,59.82,2.79,3.23,24.85,0.0,0.09,0.16,0.17
2001-04-23,31.71,24.2,27.19,18.37,62.62,4.64,5.55,19.83,0.0,0.09,0.16,0.17
2001-04-24,30.61,22.41,26.32,17.16,62.02,4.16,4.98,27.56,0.0,0.09,0.16,0.17
2001-04-25,31.84,22.77,26.96,16.65,58.42,3.2,3.85,26.89,0.0,0.09,0.16,0.17
2001-04-26,32.99,23.7,28.12,15.23,49.09,3.18,3.85,26.4,0.0,0.09,0.16,0.17
2001-04-27,32.92,23.73,27.94,20.77,68.44,3.24,3.87,26.4,0.0,0.09,0.16,0.17
2001-04-28,36.45,23.5,28.95,19.67,63.77,2.96,3.58,27.27,0.0,0.09,0.16,0.17
2001-04-29,35.77,24.34,29.64,19.48,60.7,3.33,4.02,26.05,0.0,0.09,0.16,0.17
2001-04-30,34.77,25.31,29.52,19.98,62.55,4.25,5.07,26.68,0.0,0.09,0.16,0.17
2001-05-01,35.6,24.96,30.19,17.86,54.93,3.96,4.82,26.3,0.0,0.08,0.16,0.17
2001-05-02,37.59,27.36,32.39,14.68,37.76,2.1,2.59,25.79,0.0,0.08,0.16,0.16
2001-05-03,39.24,29.86,34.21,12.87,30.04,2.33,3.05,27.05,0.0,0.08,0.16,0.16
2001-05-04,38.01,29.87,33.77,14.54,33.65,2.91,3.75,25.49,0.0,0.08,0.16,0.16
2001-05-05,38.43,29.57,33.91,12.98,30.84,2.09,2.77,24.59,0.0,0.08,0.16,0.16
2001-05-06,37.72,28.83,32.46,17.11,42.99,3.79,4.47,23.17,0.0,0.07,0.16,0.16
2001-05-07,33.26,26.28,29.53,19.12,57.42,5.3,6.28,28.1,0.0,0.08,0.16,0.16
2001-05-08,35.41,24.72,29.8,21.06,64.73,3.64,4.31,27.06,0.0,0.08,0.16,0.16
2001-05-09,38.64,26.7,32.12,12.5,36.33,2.04,2.47,26.92,0.0,0.08,0.16,0.16
2001-05-10,38.15,26.21,31.95,14.91,41.53,2.09,2.49,26.87,0.0,0.07,0.16,0.16
2001-05-11,38.42,27.06,32.86,13.29,35.98,2.04,2.53,26.89,0.0,0.07,0.16,0.16
2001-05-12,38.31,29.04,33.85,12.72,31.4,2.23,2.68,27.06,0.0,0.07,0.16,0.16
2001-05-13,39.14,28.12,32.87,18.12,47.84,2.74,3.3,27.42,0.0,0.07,0.16,0.16
2001-05-14,38.37,27.0,32.01,21.4,61.02,3.33,3.99,27.95,0.0,0.07,0.16,0.16
2001-05-15,38.81,26.03,31.66,18.91,56.44,2.86,3.42,27.08,0.0,0.07,0.16,0.16
2001-05-16,39.46,26.66,32.16,15.18,43.63,2.56,3.0,27.33,0.0,0.07,0.16,0.16
2001-05-17,39.01,26.99,31.85,20.63,57.01,3.18,3.77,26.83,0.0,0.07,0.16,0.16
2001-05-18,36.86,27.22,31.41,23.62,68.02,3.6,4.27,26.5,0.0,0.07,0.16,0.16
2001-05-19,40.87,26.73,33.14,21.46,56.84,2.18,2.64,26.48,0.0,0.07,0.16,0.16
2001-05-20,40.33,27.87,33.2,21.15,54.97,2.32,2.74,27.46,0.01,0.07,0.16,0.16
2001-05-21,38.18,27.35,31.8,22.38,63.68,3.86,4.53,27.31,0.0,0.07,0.16,0.16
2001-05-22,35.35,27.15,30.85,20.82,60.83,5.27,6.21,28.32,0.0,0.07,0.15,0.16
2001-05-23,39.47,25.91,31.56,20.22,57.79,2.86,3.38,28.0,0.0,0.07,0.15,0.16
2001-05-24,36.4,26.35,30.7,21.66,63.74,2.84,3.26,28.28,0.0,0.07,0.15,0.16
2001-05-25,36.34,25.79,30.85,21.34,63.61,4.69,5.53,28.0,0.0,0.07,0.15,0.16
2001-05-26,35.56,26.85,30.84,20.74,59.49,5.68,6.73,27.73,0.0,0.07,0.15,0.16
2001-05-27,34.09,26.49,30.01,19.44,55.85,5.26,6.21,28.31,0.0,0.07,0.15,0.16
2001-05-28,38.56,24.45,31.5,14.62,44.42,1.96,2.34,28.55,0.0,0.07,0.15,0.16
2001-05-29,39.55,27.07,32.74,20.0,53.39,2.51,2.96,25.9,0.0,0.06,0.15,0.16
2001-05-30,38.11,28.74,32.97,18.29,46.98,2.33,2.72,24.72,0.0,0.06,0.15,0.16
2001-05-31,38.4,28.85,33.3,18.45,46.79,2.5,2.92,25.53,0.0,0.06,0.15,0.16
2001-06-01,38.75,28.24,32.86,20.34,54.56,3.06,3.59,27.09,0.0,0.06,0.15,0.15
2001-06-02,36.86,27.47,31.69,21.74,61.57,3.78,4.4,27.39,0.0,0.06,0.15,0.15
2001-06-03,38.32,27.09,32.19,20.76,56.71,2.73,3.19,26.66,0.0,0.06,0.15,0.15
2001-06-04,38.77,28.56,33.38,18.28,47.01,2.01,2.34,27.04,0.0,0.06,0.15,0.15
2001-06-05,39.77,28.94,34.15,14.89,36.94,1.72,2.03,27.49,0.0,0.06,0.15,0.15
2001-06-06,38.77,29.31,34.18,15.91,38.27,2.08,2.41,27.54,0.0,0.06,0.15,0.15
2001-06-07,37.44,28.25,32.42,21.16,56.05,2.06,2.35,27.06,0.0,0.06,0.15,0.15
2001-06-08,40.46,27.05,33.06,20.27,55.16,2.08,2.4,27.89,0.0,0.06,0.15,0.15
2001-06-09,40.85,28.3,34.0,19.25,50.26,2.13,2.47,27.2,0.0,0.06,0.15,0.15
2001-06-10,37.71,27.82,32.37,22.46,60.72,3.52,4.1,27.4,0.0,0.06,0.15,0.15
2001-06-11,36.91,27.4,31.69,22.0,60.79,4.05,4.67,26.92,0.0,0.06,0.15,0.15
2001-06-12,36.27,27.52,31.67,19.35,55.03,3.53,4.09,27.08,0.0,0.06,0.15,0.15
2001-06-13,36.31,27.14,31.83,20.1,54.34,2.68,3.06,25.9,0.0,0.06,0.15,0.15
2001-06-14,37.47,28.76,32.75,20.74,53.6,3.37,3.9,23.84,0.0,0.06,0.15,0.15
2001-06-15,38.33,29.18,33.42,18.72,46.96,3.59,4.15,20.52,0.04,0.06,0.15,0.15
2001-06-16,39.44,29.58,34.15,15.23,38.5,2.03,2.36,22.79,0.0,0.06,0.15,0.15
2001-06-17,39.41,31.25,34.78,13.1,30.66,2.63,3.06,26.44,0.0,0.06,0.15,0.15
2001-06-18,38.31,29.79,33.62,19.36,47.15,2.86,3.26,27.13,0.0,0.06,0.15,0.15
2001-06-19,37.97,28.91,32.99,22.95,60.05,3.22,3.72,26.5,0.0,0.06,0.15,0.15
2001-06-20,38.51,27.89,32.61,23.52,63.66,3.55,4.06,26.7,0.0,0.06,0.15,0.15
2001-06-21,39.17,28.72,33.37,23.09,58.77,3.18,3.63,25.11,0.0,0.06,0.15,0.15
2001-06-22,40.71,29.83,34.62,21.68,51.12,2.52,2.9,24.44,0.0,0.06,0.15,0.15
2001-06-23,42.38,31.66,36.29,19.48,41.07,1.86,2.22,23.89,0.0,0.06,0.15,0.15
2001-06-24,40.36,31.51,35.89,19.98,42.23,1.91,2.27,25.57,0.0,0.06,0.15,0.15
2001-06-25,41.49,31.13,35.61,21.66,49.03,1.96,2.3,23.41,0.0,0.05,0.15,0.15
2001-06-26,39.38,31.01,34.43,23.67,56.11,2.63,3.08,23.74,0.0,0.05,0.15,0.15
2001-06-27,39.33,29.45,34.27,22.81,55.42,2.98,3.43,24.55,0.07,0.06,0.15,0.15
2001-06-28,38.84,28.74,33.82,22.66,58.61,3.11,3.62,25.0,0.0,0.06,0.15,0.15
2001-06-29,40.57,28.93,34.57,23.0,57.43,2.65,3.04,25.85,0.0,0.06,0.15,0.15
2001-06-30,40.07,31.25,35.22,23.54,55.69,2.5,2.87,24.43,0.0,0.06,0.15,0.15
2001-07-01,39.72,29.98,34.13,23.46,59.16,3.62,4.15,24.99,0.0,0.06,0.15,0.15
2001-07-02,37.56,28.66,32.75,22.21,58.71,3.83,4.43,25.0,0.0,0.06,0.15,0.15
2001-07-03,37.87,28.66,32.88,22.95,61.95,4.87,5.69,25.3,0.0,0.06,0.15,0.15
2001-07-04,37.81,29.1,32.93,24.64,66.55,4.72,5.46,25.33,0.0,0.06,0.15,0.15
2001-07-05,38.08,29.24,33.26,23.93,61.85,2.89,3.3,23.96,0.0,0.06,0.15,0.15
2001-07-06,36.42,29.8,32.72,25.77,68.89,3.05,3.47,22.16,0.0,0.06,0.15,0.15
2001-07-07,38.13,29.92,33.79,25.35,63.76,3.37,3.86,24.57,0.0,0.06,0.15,0.15
2001-07-08,39.4,30.83,34.53,25.09,61.99,3.93,4.53,24.76,0.0,0.06,0.15,0.15
2001-07-09,41.62,30.02,35.47,25.34,60.3,2.31,2.69,24.1,0.12,0.07,0.15,0.15
2001-07-10,38.15,30.87,34.17,25.66,62.57,2.33,2.67,23.21,0.02,0.07,0.15,0.15
2001-07-11,37.13,30.04,32.89,24.57,64.24,2.9,3.25,23.54,0.0,0.07,0.15,0.15
2001-07-12,38.11,29.32,33.56,22.32,54.81,1.63,1.84,23.84,0.0,0.07,0.15,0.15
2001-07-13,38.38,31.37,34.75,21.91,50.28,2.6,3.08,23.32,0.03,0.07,0.15,0.15
2001-07-14,38.25,30.24,34.72,22.47,51.37,4.05,4.79,17.69,0.04,0.07,0.15,0.15
2001-07-15,39.36,29.5,34.65,23.0,53.89,2.45,2.81,22.63,0.05,0.07,0.15,0.15
2001-07-16,38.46,32.61,35.22,23.79,53.2,1.94,2.22,23.17,0.01,0.07,0.15,0.15
2001-07-17,40.47,32.21,35.86,22.8,49.94,2.82,3.28,23.4,0.0,0.07,0.15,0.15
2001-07-18,40.86,32.38,36.14,22.51,48.05,3.31,3.88,24.22,0.0,0.07,0.15,0.15
2001-07-19,41.79,32.43,37.01,21.77,43.18,3.12,3.76,23.61,0.01,0.07,0.15,0.15
2001-07-20,40.61,33.31,36.9,22.23,45.14,3.47,4.07,24.32,0.0,0.07,0.15,0.15
2001-07-21,39.92,31.28,35.36,24.17,58.56,3.16,3.64,25.11,0.0,0.07,0.15,0.15
2001-07-22,40.23,31.56,35.83,23.68,54.17,2.81,3.23,24.84,0.0,0.07,0.15,0.15
2001-07-23,41.46,32.13,36.85,21.7,44.67,1.32,1.56,23.84,0.0,0.07,0.15,0.15
2001-07-24,40.15,32.95,36.09,23.61,50.28,4.18,4.95,15.83,0.0,0.07,0.15,0.15
2001-07-25,40.44,33.24,36.5,22.07,44.9,5.06,6.01,22.23,0.0,0.07,0.15,0.15
2001-07-26,40.81,31.85,36.35,20.98,42.73,4.55,5.45,23.25,0.0,0.06,0.15,0.15
2001-07-27,41.25,29.8,35.74,21.68,47.9,4.13,4.93,24.77,0.0,0.06,0.15,0.15
2001-07-28,41.78,31.55,36.8,20.58,41.72,3.0,3.55,24.19,0.0,0.06,0.15,0.15
2001-07-29,42.15,32.82,37.73,19.69,38.28,4.08,4.94,23.5,0.0,0.06,0.15,0.15
2001-07-30,41.93,32.97,37.35,18.72,35.48,4.86,5.85,24.18,0.0,0.06,0.15,0.15
2001-07-31,41.37,31.35,35.91,20.17,42.01,6.26,7.47,23.18,0.0,0.06,0.15,0.15
2001-08-01,39.74,28.71,34.17,21.13,50.58,4.5,5.37,24.75,0.0,0.06,0.15,0.15
2001-08-02,38.77,28.65,33.89,20.02,48.43,3.67,4.29,25.83,0.0,0.05,0.15,0.15
2001-08-03,38.4,29.82,34.11,24.3,60.21,2.5,2.93,26.21,0.0,0.05,0.15,0.15
2001-08-04,39.04,30.38,34.16,24.34,59.5,5.75,6.84,24.72,0.02,0.06,0.15,0.15
2001-08-05,37.8,29.39,33.27,22.16,54.74,5.7,6.76,23.77,0.0,0.06,0.15,0.15
2001-08-06,38.28,28.9,33.68,20.96,49.8,3.35,3.9,23.92,0.0,0.06,0.15,0.15
2001-08-07,39.71,30.57,34.85,21.19,47.01,2.5,2.91,24.23,0.0,0.06,0.15,0.15
2001-08-08,39.64,31.83,35.06,22.36,49.71,2.84,3.3,24.52,0.0,0.06,0.15,0.15
2001-08-09,40.32,32.07,35.7,22.0,47.26,2.38,2.79,25.24,0.0,0.06,0.15,0.15
2001-08-10,38.79,33.2,35.64,20.52,43.53,2.35,2.72,24.58,0.0,0.06,0.15,0.15
2001-08-11,41.78,32.76,37.15,20.91,41.67,1.93,2.36,24.12,0.0,0.06,0.15,0.15
2001-08-12,38.27,31.24,35.0,22.88,51.23,4.49,5.3,23.15,0.0,0.05,0.15,0.15
2001-08-13,40.14,30.96,35.55,21.62,47.45,3.27,3.83,23.07,0.0,0.05,0.15,0.15
2001-08-14,43.09,33.5,38.06,17.29,32.46,2.59,3.26,23.65,0.0,0.05,0.15,0.15
2001-08-15,42.22,32.65,37.41,14.98,29.15,2.7,3.45,26.04,0.0,0.05,0.15,0.15
2001-08-16,40.88,32.5,36.17,16.67,34.06,1.83,2.22,26.27,0.0,0.05,0.15,0.15
2001-08-17,40.39,32.12,36.13,20.71,43.04,1.51,1.86,25.92,0.0,0.05,0.15,0.15
2001-08-18,42.18,31.07,36.78,18.94,39.55,2.22,2.83,26.03,0.0,0.05,0.15,0.15
2001-08-19,42.88,31.37,37.21,16.54,33.73,2.01,2.58,25.27,0.01,0.05,0.15,0.15
2001-08-20,43.12,32.91,37.62,15.16,29.21,1.83,2.29,25.69,0.0,0.05,0.15,0.15
2001-08-21,42.75,32.2,37.33,18.12,35.17,2.26,2.81,25.06,0.0,0.05,0.14,0.15
2001-08-22,41.29,30.77,35.91,20.5,44.08,2.48,2.93,25.45,0.0,0.05,0.14,0.15
2001-08-23,42.53,30.68,36.75,18.34,42.63,2.33,2.89,25.4,0.0,0.04,0.14,0.15
2001-08-24,40.9,29.83,35.3,22.11,49.63,3.56,4.28,24.78,0.0,0.04,0.14,0.15
2001-08-25,40.56,29.2,34.27,22.54,55.01,4.78,5.64,24.67,0.0,0.04,0.14,0.15
2001-08-26,39.49,28.84,33.9,21.88,53.1,4.16,4.83,23.95,0.0,0.04,0.14,0.15
2001-08-27,38.39,29.43,33.74,20.07,48.83,2.9,3.35,24.24,0.0,0.04,0.14,0.15
2001-08-28,37.91,29.82,33.66,20.25,48.18,2.18,2.57,24.21,0.0,0.04,0.14,0.15
2001-08-29,39.98,29.64,34.43,21.64,51.14,1.89,2.25,24.78,0.0,0.04,0.14,0.15
2001-08-30,38.68,30.01,34.02,23.8,59.47,2.7,3.14,23.6,0.0,0.04,0.14,0.15
2001-08-31,37.45,30.16,33.46,26.7,70.61,4.4,5.21,22.97,0.0,0.05,0.14,0.15
2001-09-01,36.92,31.18,33.49,27.12,71.15,2.7,3.29,22.85,0.0,0.05,0.14,0.15
2001-09-02,39.51,30.07,34.43,24.62,59.71,3.31,3.95,22.11,0.0,0.05,0.14,0.15
2001-09-03,39.29,30.66,34.66,24.38,57.64,3.39,3.93,22.6,0.0,0.05,0.14,0.15
2001-09-04,38.63,31.51,34.56,22.91,52.73,3.05,3.53,22.46,0.0,0.05,0.14,0.15
2001-09-05,37.66,29.24,33.14,23.16,59.93,4.38,5.16,23.98,0.0,0.05,0.14,0.15
2001-09-06,36.98,30.08,33.09,25.41,66.93,4.33,5.1,23.33,0.0,0.05,0.14,0.15
2001-09-07,38.06,29.66,33.36,24.99,64.18,2.04,2.37,22.65,0.0,0.05,0.14,0.15
2001-09-08,40.01,29.99,34.57,21.61,50.19,1.72,2.04,22.61,0.0,0.05,0.14,0.15
2001-09-09,39.07,28.98,33.66,21.42,51.57,1.87,2.14,22.66,0.0,0.05,0.14,0.15
2001-09-10,39.27,29.69,34.01,22.49,53.49,2.4,2.72,22.06,0.0,0.05,0.14,0.15
2001-09-11,37.39,30.88,33.61,23.9,59.47,2.63,3.0,21.67,0.0,0.05,0.14,0.15
2001-09-12,37.36,29.41,32.95,25.06,66.68,2.49,2.84,20.94,0.0,0.05,0.14,0.15
2001-09-13,35.69,29.37,32.35,24.97,66.71,2.19,2.51,21.32,0.0,0.05,0.14,0.15
2001-09-14,34.56,29.03,31.34,24.09,66.76,3.92,4.51,21.44,0.0,0.05,0.14,0.15
2001-09-15,37.53,28.37,32.48,22.36,59.25,2.72,3.19,21.7,0.0,0.05,0.14,0.15
2001-09-16,38.72,28.01,33.2,21.02,53.41,2.81,3.28,22.14,0.08,0.05,0.14,0.15
2001-09-17,37.62,27.98,32.43,21.15,54.8,3.16,3.63,22.31,0.0,0.05,0.14,0.15
2001-09-18,36.36,28.99,32.33,23.96,63.34,3.17,3.65,21.64,0.0,0.05,0.14,0.15
2001-09-19,35.31,29.41,31.83,24.09,65.29,2.02,2.33,21.08,0.0,0.05,0.14,0.15
2001-09-20,37.86,29.4,33.04,21.6,53.72,2.22,2.63,20.85,0.0,0.05,0.14,0.15
2001-09-21,37.64,29.0,33.15,20.98,51.99,3.46,4.08,20.93,0.0,0.05,0.14,0.15
2001-09-22,37.73,28.82,32.79,19.96,49.31,3.18,3.73,21.42,0.0,0.05,0.14,0.15
2001-09-23,38.85,29.78,33.87,18.82,46.57,2.64,3.24,21.45,0.0,0.05,0.14,0.15
2001-09-24,37.34,29.08,32.78,21.68,56.12,2.38,2.8,22.07,0.0,0.05,0.14,0.15
2001-09-25,36.98,29.4,32.85,21.86,55.8,2.1,2.41,21.67,0.0,0.05,0.14,0.15
2001-09-26,38.56,28.71,33.05,21.05,54.09,1.72,1.99,22.37,0.0,0.05,0.14,0.15
2001-09-27,39.03,28.73,33.45,19.35,49.05,1.68,1.99,22.44,0.0,0.05,0.14,0.15
2001-09-28,38.72,27.73,32.81,19.11,50.51,2.86,3.41,22.21,0.0,0.05,0.14,0.15
2001-09-29,37.5,29.56,32.62,21.97,57.81,3.2,3.74,21.4,0.0,0.05,0.14,0.15
2001-09-30,36.76,28.11,31.71,24.53,69.4,2.9,3.39,20.85,0.0,0.05,0.14,0.15
2001-10-01,37.79,27.57,31.75,23.47,65.89,2.1,2.43,20.42,0.0,0.05,0.14,0.15
2001-10-02,36.38,27.88,31.71,22.78,61.84,2.68,3.08,20.44,0.0,0.05,0.14,0.15
2001-10-03,34.51,28.76,30.93,22.01,60.35,3.5,4.06,20.3,0.0,0.05,0.14,0.15
2001-10-04,35.76,28.38,31.33,20.22,53.08,2.36,2.77,20.34,0.0,0.05,0.14,0.15
2001-10-05,35.87,28.83,31.82,20.21,52.65,2.02,2.36,19.65,0.13,0.05,0.14,0.15
2001-10-06,35.8,29.21,31.66,21.34,56.48,2.25,2.66,19.6,0.0,0.06,0.14,0.15
2001-10-07,36.42,28.71,31.77,21.36,57.62,2.15,2.53,20.57,0.0,0.06,0.14,0.15
2001-10-08,36.13,28.61,31.72,21.28,58.48,2.14,2.48,20.34,0.0,0.06,0.14,0.15
2001-10-09,36.6,28.49,31.71,21.61,59.89,2.17,2.53,20.46,0.0,0.06,0.14,0.15
2001-10-10,38.09,28.12,32.61,16.36,45.11,2.82,3.52,19.52,0.0,0.06,0.14,0.15
2001-10-11,35.75,27.41,31.31,12.82,34.85,3.27,4.12,18.65,0.0,0.05,0.14,0.15
2001-10-12,35.32,26.06,30.33,12.83,36.91,2.74,3.41,19.81,0.0,0.05,0.14,0.15
2001-10-13,35.33,25.22,30.01,11.78,36.13,2.73,3.41,20.72,0.0,0.05,0.14,0.15
2001-10-14,35.03,24.16,29.22,10.81,36.08,2.27,2.79,19.84,0.0,0.05,0.14,0.15
2001-10-15,34.58,25.38,29.53,11.86,37.85,1.36,1.64,19.81,0.0,0.05,0.14,0.15
2001-10-16,35.15,25.45,29.92,16.03,47.45,1.91,2.26,19.0,0.0,0.05,0.14,0.15
2001-10-17,34.58,26.3,30.31,18.3,52.96,2.22,2.65,18.74,0.0,0.05,0.14,0.15
2001-10-18,34.85,28.1,30.97,16.22,43.6,2.66,3.21,18.98,0.0,0.05,0.14,0.15
2001-10-19,34.08,27.85,30.59,15.37,40.83,2.35,2.82,19.04,0.0,0.05,0.14,0.15
2001-10-20,33.7,27.72,30.2,17.14,47.69,3.01,3.56,18.84,0.0,0.05,0.14,0.15
2001-10-21,33.01,26.33,29.41,21.97,65.41,3.3,3.91,18.45,0.0,0.05,0.14,0.15
2001-10-22,34.09,25.96,29.57,20.9,63.1,1.88,2.19,18.24,0.0,0.05,0.14,0.15
2001-10-23,34.17,27.13,30.22,19.32,55.08,1.36,1.59,17.98,0.0,0.05,0.14,0.15
2001-10-24,34.33,27.01,30.32,17.97,50.51,1.47,1.74,18.35,0.0,0.05,0.14,0.15
2001-10-25,33.93,26.64,29.85,17.29,49.51,1.96,2.29,18.69,0.0,0.05,0.14,0.15
2001-10-26,34.01,26.31,29.66,18.93,55.77,2.19,2.58,18.44,0.0,0.05,0.14,0.15
2001-10-27,33.93,27.01,29.67,19.98,59.36,2.85,3.4,18.89,0.0,0.05,0.14,0.15
2001-10-28,33.83,25.79,29.29,21.76,66.42,1.83,2.14,18.07,0.02,0.05,0.14,0.15
2001-10-29,34.59,25.55,29.29,20.14,62.47,1.91,2.27,18.06,0.0,0.05,0.14,0.15
2001-10-30,32.65,24.71,28.23,21.73,70.2,2.54,2.99,17.74,0.0,0.05,0.14,0.15
2001-10-31,32.69,25.47,28.7,22.59,71.69,3.94,4.78,17.71,0.01,0.05,0.14,0.15
2001-11-01,32.53,25.78,28.87,21.2,65.58,4.33,5.29,18.04,0.21,0.06,0.15,0.15
2001-11-02,31.95,26.45,28.85,17.32,51.49,3.92,4.83,18.18,0.0,0.06,0.15,0.15
2001-11-03,32.54,24.48,28.29,14.94,46.35,1.7,2.01,17.62,0.0,0.06,0.15,0.15
2001-11-04,33.15,25.18,28.65,12.92,39.81,2.52,3.09,18.12,0.0,0.06,0.14,0.15
2001-11-05,33.98,23.03,28.26,9.55,35.06,3.06,3.79,18.59,0.0,0.06,0.14,0.15
2001-11-06,33.35,25.39,28.51,14.52,45.42,1.97,2.38,17.92,0.0,0.06,0.14,0.15
2001-11-07,32.02,25.35,27.96,18.07,57.35,2.02,2.41,17.58,0.0,0.06,0.14,0.15
2001-11-08,30.97,24.92,27.18,16.37,54.34,2.09,2.42,17.62,0.0,0.06,0.14,0.15
2001-11-09,30.93,25.01,27.26,18.51,59.77,2.23,2.62,16.76,0.0,0.06,0.14,0.15
2001-11-10,30.75,24.66,27.12,16.21,53.24,2.75,3.34,17.44,0.0,0.06,0.14,0.15
2001-11-11,30.87,22.98,26.35,14.48,49.92,3.08,3.72,17.3,0.0,0.06,0.14,0.15
2001-11-12,28.99,22.63,25.84,14.28,50.41,2.32,2.75,16.65,0.0,0.06,0.14,0.15
2001-11-13,31.37,23.33,26.93,17.02,57.29,3.43,4.16,15.92,0.39,0.07,0.15,0.15
2001-11-14,29.52,22.33,25.82,17.64,63.31,2.69,3.26,16.09,0.03,0.08,0.15,0.15
2001-11-15,30.14,24.03,26.65,15.93,53.42,2.78,3.45,16.74,0.0,0.08,0.15,0.15
2001-11-16,29.97,24.62,26.83,15.73,51.84,2.91,3.55,16.2,0.0,0.08,0.15,0.15
2001-11-17,29.5,23.75,26.41,14.5,49.77,2.77,3.37,15.87,0.02,0.08,0.15,0.15
2001-11-18,29.98,21.94,26.07,10.01,38.69,2.92,3.54,16.31,0.52,0.1,0.15,0.15
2001-11-19,29.93,22.02,25.58,13.21,49.06,3.53,4.37,15.6,0.06,0.1,0.15,0.15
2001-11-20,27.66,22.88,24.93,15.37,56.92,4.46,5.43,15.89,0.0,0.1,0.15,0.15
2001-11-21,25.38,20.91,22.97,14.83,60.75,3.8,4.59,16.56,0.0,0.1,0.15,0.15
2001-11-22,26.68,20.66,23.37,13.69,55.42,2.43,2.96,16.61,0.0,0.1,0.15,0.15
2001-11-23,27.42,21.97,24.29,16.93,64.28,2.92,3.54,15.77,0.0,0.1,0.15,0.15
2001-11-24,27.59,22.39,24.67,19.01,71.42,4.92,5.94,14.57,0.0,0.1,0.15,0.15
2001-11-25,26.23,21.99,23.9,14.74,57.19,4.43,5.39,15.95,0.0,0.1,0.15,0.15
2001-11-26,28.31,21.79,24.44,14.29,54.43,1.89,2.3,15.51,0.0,0.1,0.15,0.15
2001-11-27,27.83,21.1,24.13,14.05,55.16,1.45,1.68,15.51,0.0,0.1,0.15,0.15
2001-11-28,26.99,21.58,24.0,17.5,67.85,2.28,2.69,13.73,0.0,0.1,0.15,0.15
2001-11-29,24.93,21.71,23.27,19.84,81.32,2.18,2.67,12.48,0.0,0.1,0.15,0.15
2001-11-30,28.74,21.15,24.41,16.45,64.28,1.56,1.91,14.47,0.0,0.1,0.15,0.15
2001-12-01,29.19,20.94,24.81,16.42,63.32,1.75,2.25,13.97,0.0,0.1,0.15,0.15
2001-12-02,28.93,21.5,24.84,17.74,67.29,2.06,2.51,14.25,0.0,0.1,0.15,0.15
2001-12-03,28.76,22.61,25.21,17.47,63.11,1.98,2.31,14.2,0.0,0.1,0.15,0.15
2001-12-04,30.17,22.1,25.81,16.39,57.71,1.78,2.21,14.15,0.0,0.09,0.15,0.15
2001-12-05,29.67,21.89,25.41,14.39,52.9,2.66,3.3,13.77,0.0,0.09,0.15,0.15
2001-12-06,30.26,21.78,25.62,16.6,60.82,3.04,3.71,13.66,0.0,0.09,0.15,0.15
2001-12-07,30.47,22.94,26.21,16.33,56.37,1.94,2.42,13.88,0.0,0.09,0.15,0.15
2001-12-08,30.33,23.57,26.35,16.2,55.11,1.6,1.9,14.49,0.0,0.09,0.15,0.15
2001-12-09,29.24,23.34,25.72,18.83,66.67,2.77,3.41,13.56,0.0,0.09,0.15,0.15
2001-12-10,29.74,21.7,25.14,18.35,68.84,1.93,2.34,13.52,0.0,0.09,0.15,0.15
2001-12-11,27.87,22.53,24.87,18.33,68.69,1.74,2.08,13.8,0.0,0.09,0.15,0.15
2001-12-12,30.07,22.28,25.42,16.54,60.66,1.27,1.53,13.65,0.24,0.1,0.15,0.15
2001-12-13,30.35,21.86,25.82,16.56,61.1,2.51,3.06,12.55,0.98,0.12,0.15,0.15
2001-12-14,27.77,23.28,24.99,16.99,62.4,1.53,1.87,12.51,0.81,0.16,0.15,0.15
2001-12-15,27.64,22.85,24.8,16.23,60.07,1.93,2.3,9.76,0.0,0.15,0.15,0.15
2001-12-16,29.37,21.84,24.8,14.04,53.27,3.17,3.91,13.59,0.06,0.15,0.15,0.15
2001-12-17,27.08,21.35,23.9,16.36,63.95,2.18,2.67,13.74,0.29,0.15,0.15,0.15
2001-12-18,28.79,21.47,24.72,17.42,66.02,1.87,2.27,14.13,0.06,0.15,0.15,0.15
2001-12-19,28.47,21.06,24.37,16.66,65.33,1.56,1.95,14.07,0.0,0.14,0.15,0.15
2001-12-20,28.98,21.45,24.8,16.08,60.63,2.01,2.44,13.54,0.0,0.13,0.15,0.15
2001-12-21,28.43,21.68,24.49,16.63,63.64,2.24,2.76,12.71,0.0,0.13,0.15,0.15
2001-12-22,26.6,22.36,23.92,18.47,72.1,2.91,3.42,13.38,0.0,0.12,0.15,0.15
2001-12-23,27.32,21.9,24.0,16.26,63.76,3.52,4.38,14.09,0.0,0.12,0.15,0.15
2001-12-24,26.61,21.8,23.71,14.43,57.2,2.5,3.14,12.93,0.0,0.12,0.15,0.15
2001-12-25,26.06,21.61,23.41,18.04,72.6,3.94,4.85,14.15,0.0,0.12,0.15,0.15
2001-12-26,25.97,20.93,23.01,16.95,69.81,3.54,4.36,14.53,0.0,0.11,0.15,0.15
2001-12-27,26.41,20.25,22.84,14.17,59.84,1.74,2.11,14.52,0.0,0.11,0.15,0.15
2001-12-28,26.31,21.97,23.54,16.05,63.6,1.13,1.34,13.28,0.0,0.11,0.15,0.15
2001-12-29,26.62,20.89,23.3,16.12,65.64,1.89,2.28,14.16,0.0,0.11,0.15,0.15
2001-12-30,26.32,21.06,23.22,15.29,62.18,1.83,2.19,14.53,0.0,0.11,0.15,0.15
2001-12-31,27.0,21.4,23.62,13.17,53.69,1.64,1.99,14.7,0.0,0.11,0.15,0.15
2002-01-01,26.38,20.92,23.72,13.79,54.61,1.32,1.62,14.13,0.0,0.1,0.15,0.15
2002-01-02,27.32,21.42,23.96,13.1,52.08,2.25,2.74,13.24,0.02,0.1,0.15,0.15
2002-01-03,26.89,20.12,23.11,15.22,63.5,2.16,2.67,14.34,0.02,0.1,0.15,0.15
2002-01-04,26.57,19.94,22.87,15.07,62.62,2.28,2.76,14.2,0.0,0.1,0.15,0.15
2002-01-05,25.64,20.65,22.66,15.93,67.0,2.86,3.52,14.97,0.0,0.1,0.15,0.15
2002-01-06,26.15,20.47,22.85,13.37,56.94,1.38,1.67,14.99,0.0,0.1,0.15,0.15
2002-01-07,25.71,20.22,22.83,14.6,60.63,1.41,1.76,12.68,0.0,0.1,0.15,0.15
2002-01-08,26.89,20.16,23.7,15.68,62.82,2.66,3.27,9.68,0.12,0.1,0.15,0.15
2002-01-09,27.6,20.88,23.65,15.8,62.95,2.47,2.99,12.06,0.96,0.12,0.15,0.15
2002-01-10,27.01,20.98,23.68,17.73,70.33,3.94,4.71,9.44,1.1,0.17,0.15,0.15
2002-01-11,28.23,21.89,24.43,17.36,66.77,3.62,4.39,12.26,0.12,0.16,0.15,0.15
2002-01-12,24.35,20.61,22.19,16.67,71.36,5.03,5.92,5.27,1.07,0.17,0.15,0.15
2002-01-13,21.22,17.48,19.67,13.6,68.37,6.21,7.34,9.82,2.79,0.23,0.16,0.16
2002-01-14,20.64,17.32,18.87,12.2,65.51,4.5,5.31,9.66,0.01,0.19,0.16,0.16
2002-01-15,23.07,17.02,19.77,8.05,47.9,3.36,4.07,14.6,0.5,0.18,0.16,0.16
2002-01-16,22.04,16.66,19.29,9.64,54.38,2.66,3.15,14.48,0.06,0.16,0.16,0.16
2002-01-17,22.7,17.93,19.9,10.84,56.73,3.44,4.23,15.5,0.03,0.16,0.16,0.16
2002-01-18,22.88,17.93,20.07,9.44,50.9,1.94,2.38,13.69,0.34,0.16,0.16,0.16
2002-01-19,23.08,18.01,20.21,9.82,51.97,1.78,2.14,16.11,0.0,0.15,0.16,0.16
2002-01-20,22.53,17.67,19.76,10.87,57.22,2.33,2.77,14.6,0.17,0.15,0.16,0.16
2002-01-21,22.8,16.89,19.65,11.78,61.47,3.23,3.87,15.41,0.0,0.14,0.16,0.16
2002-01-22,23.29,15.8,19.4,10.22,57.18,4.85,5.83,15.37,0.0,0.14,0.16,0.16
2002-01-23,21.85,17.17,19.25,11.37,61.07,4.81,5.82,15.53,0.0,0.13,0.16,0.16
2002-01-24,23.07,17.77,19.97,8.88,50.49,6.31,7.7,16.14,0.0,0.13,0.16,0.16
2002-01-25,22.83,16.33,19.24,7.04,46.44,3.21,3.99,16.98,0.0,0.12,0.16,0.16
2002-01-26,23.37,17.0,19.39,5.72,42.08,2.71,3.31,17.14,0.0,0.12,0.16,0.16
2002-01-27,23.16,16.85,19.42,5.42,41.19,1.81,2.22,17.59,0.0,0.11,0.16,0.16
2002-01-28,24.64,16.68,20.18,7.46,45.53,2.19,2.64,17.24,0.0,0.11,0.16,0.16
2002-01-29,24.62,15.84,19.82,8.33,49.55,2.31,2.81,17.09,0.0,0.11,0.16,0.16
2002-01-30,24.87,18.39,20.93,11.45,56.29,2.55,3.0,15.8,0.0,0.11,0.16,0.16
2002-01-31,20.73,17.47,19.08,10.89,59.78,7.29,8.76,17.03,0.0,0.11,0.16,0.16
2002-02-01,22.22,16.25,18.91,8.83,53.48,4.38,5.32,18.47,0.0,0.11,0.16,0.16
2002-02-02,24.05,16.75,19.69,10.4,56.9,1.93,2.38,18.39,0.0,0.11,0.16,0.16
2002-02-03,23.17,16.0,19.07,11.03,62.14,2.78,3.3,15.12,0.0,0.1,0.16,0.16
2002-02-04,22.87,17.26,19.82,13.08,66.46,5.6,6.78,17.29,0.0,0.1,0.15,0.16
2002-02-05,24.17,17.28,20.5,9.58,51.0,3.47,4.25,17.07,0.0,0.1,0.15,0.16
2002-02-06,24.1,16.64,19.97,4.37,38.53,2.69,3.3,19.05,0.0,0.1,0.15,0.16
2002-02-07,24.1,15.84,19.59,5.01,40.72,1.65,2.01,18.96,0.0,0.1,0.15,0.16
2002-02-08,23.63,17.08,19.71,11.86,61.8,3.25,3.93,17.91,0.0,0.1,0.15,0.16
2002-02-09,23.32,15.37,19.04,10.67,60.62,3.43,4.15,17.52,0.0,0.1,0.15,0.16
2002-02-10,25.62,16.21,20.61,10.02,53.26,2.23,2.66,18.54,0.0,0.1,0.15,0.16
2002-02-11,25.97,17.38,21.29,13.01,62.42,2.72,3.34,18.17,0.0,0.1,0.15,0.16
2002-02-12,26.26,19.09,22.19,12.66,57.19,2.63,3.25,18.46,0.0,0.1,0.15,0.16
2002-02-13,26.96,19.3,22.78,14.09,60.13,2.94,3.64,17.95,0.04,0.1,0.15,0.16
2002-02-14,26.21,19.08,22.43,14.89,64.96,2.99,3.6,15.53,0.1,0.1,0.15,0.16
2002-02-15,26.07,19.59,22.11,15.58,68.16,3.65,4.35,15.34,0.06,0.1,0.15,0.16
2002-02-16,23.0,17.74,20.11,12.38,61.84,5.33,6.37,19.0,0.0,0.1,0.15,0.16
2002-02-17,23.42,17.48,20.03,12.63,63.63,3.91,4.76,19.85,0.0,0.1,0.15,0.16
2002-02-18,26.2,16.97,20.75,11.96,60.82,2.08,2.48,19.72,0.0,0.1,0.15,0.16
2002-02-19,27.35,19.41,23.05,13.55,58.19,2.45,2.95,18.36,0.05,0.1,0.15,0.16
2002-02-20,25.71,18.73,21.86,15.69,68.71,5.67,6.73,17.22,2.25,0.15,0.16,0.16
2002-02-21,20.99,16.4,18.56,11.5,64.01,6.71,7.97,17.26,0.0,0.16,0.16,0.16
2002-02-22,22.23,16.42,19.02,11.37,62.12,4.04,4.85,20.52,0.0,0.14,0.16,0.16
2002-02-23,23.69,16.58,19.57,11.78,62.43,2.14,2.54,21.09,0.0,0.13,0.16,0.16
2002-02-24,26.59,17.38,21.44,9.81,51.86,1.39,1.64,19.89,0.0,0.12,0.16,0.16
2002-02-25,30.51,19.98,24.92,9.13,38.96,2.61,3.33,18.6,0.0,0.11,0.16,0.16
2002-02-26,30.67,22.43,25.81,11.67,43.86,4.24,5.24,16.38,0.0,0.1,0.16,0.16
2002-02-27,30.62,21.98,25.5,14.74,56.14,3.05,3.84,18.31,0.0,0.1,0.16,0.16
2002-02-28,28.15,20.87,24.02,14.28,57.89,3.76,4.56,20.32,0.0,0.1,0.16,0.16
2002-03-01,27.21,20.41,23.01,15.59,67.4,3.52,4.2,14.48,0.01,0.1,0.15,0.16
2002-03-02,26.72,19.39,22.79,15.31,65.14,2.41,2.85,12.59,0.03,0.1,0.15,0.16
2002-03-03,25.43,20.07,22.79,14.87,62.64,2.72,3.19,10.56,0.21,0.1,0.16,0.16
2002-03-04,25.54,19.12,21.55,14.31,65.2,3.37,3.99,20.83,0.0,0.11,0.16,0.16
2002-03-05,26.2,18.54,21.95,14.28,64.03,3.22,3.84,21.44,0.0,0.11,0.16,0.16
2002-03-06,25.83,19.32,22.09,16.16,71.25,4.4,5.24,17.91,0.0,0.1,0.15,0.16
2002-03-07,26.76,19.82,22.81,17.23,72.61,3.93,4.69,21.14,0.0,0.1,0.15,0.16
2002-03-08,26.2,19.9,22.5,16.87,72.52,3.21,3.83,20.9,0.0,0.1,0.15,0.16
2002-03-09,26.82,18.92,22.17,15.58,69.39,3.68,4.38,20.38,0.77,0.1,0.15,0.16
2002-03-10,25.21,20.03,21.88,14.04,61.99,2.58,3.08,6.22,0.26,0.14,0.16,0.16
2002-03-11,25.66,19.62,22.5,14.23,60.7,3.03,3.71,18.78,0.26,0.14,0.16,0.16
2002-03-12,28.57,19.65,23.75,8.73,42.09,2.73,3.39,20.93,0.04,0.13,0.16,0.16
2002-03-13,29.24,18.43,23.07,10.88,55.12,2.37,2.84,23.6,0.0,0.11,0.16,0.16
2002-03-14,28.51,18.12,22.8,13.35,62.52,2.05,2.39,23.45,0.0,0.1,0.16,0.16
2002-03-15,28.91,19.36,23.45,11.1,51.23,2.18,2.55,23.65,0.0,0.1,0.15,0.16
2002-03-16,30.08,19.76,24.5,6.88,36.94,1.9,2.34,22.71,0.02,0.1,0.15,0.16
2002-03-17,33.22,21.47,26.63,9.66,38.58,3.02,3.85,22.33,0.0,0.09,0.15,0.16
2002-03-18,30.29,21.7,25.36,15.76,59.76,5.36,6.51,16.56,0.18,0.09,0.15,0.16
2002-03-19,28.45,20.99,24.16,18.0,69.83,3.42,4.01,20.32,4.2,0.18,0.16,0.16
2002-03-20,30.59,22.11,25.86,17.76,63.24,1.84,2.25,22.96,0.0,0.17,0.16,0.16
2002-03-21,33.44,22.59,28.0,16.69,54.14,3.29,4.2,22.0,0.0,0.14,0.16,0.16
2002-03-22,27.7,21.63,25.24,15.56,56.66,4.52,5.39,12.05,0.05,0.13,0.16,0.16
2002-03-23,28.85,19.74,23.92,14.42,60.28,4.06,4.91,24.59,0.0,0.12,0.16,0.16
2002-03-24,27.87,19.99,23.63,15.91,66.01,4.2,5.1,19.48,0.0,0.12,0.16,0.16
2002-03-25,29.93,20.24,24.84,14.72,60.11,2.28,2.8,24.93,0.0,0.11,0.16,0.16
2002-03-26,32.82,21.67,26.78,11.62,44.04,1.67,2.01,23.68,0.0,0.1,0.16,0.16
2002-03-27,29.66,23.77,26.63,16.24,55.55,2.43,2.98,21.51,0.11,0.1,0.16,0.16
2002-03-28,33.16,24.19,28.91,13.75,42.44,1.93,2.57,19.22,0.1,0.1,0.16,0.16
2002-03-29,34.92,25.77,29.78,15.06,44.27,3.58,4.46,13.98,0.14,0.1,0.16,0.16
2002-03-30,33.38,24.67,28.16,17.03,54.09,3.51,4.28,19.47,0.08,0.1,0.16,0.16
2002-03-31,29.64,23.86,26.64,13.57,46.77,3.02,3.57,23.44,0.54,0.11,0.16,0.16
2002-04-01,31.87,21.85,27.71,15.22,52.11,2.62,3.3,18.39,0.0,0.12,0.16,0.16
2002-04-02,34.99,26.01,30.5,12.32,34.55,1.76,2.29,24.12,0.0,0.11,0.16,0.16
2002-04-03,37.13,25.15,30.21,13.66,41.19,6.18,7.56,21.31,0.0,0.1,0.16,0.16
2002-04-04,26.52,22.25,24.38,12.23,48.27,8.43,10.07,20.88,0.01,0.09,0.16,0.16
2002-04-05,26.56,22.28,23.82,13.23,52.51,8.2,9.8,24.78,0.0,0.09,0.16,0.16
2002-04-06,27.53,21.49,24.08,15.05,58.67,5.92,7.05,25.54,0.0,0.09,0.16,0.16
2002-04-07,30.18,19.84,24.72,15.95,63.14,2.67,3.2,25.46,0.0,0.09,0.16,0.16
2002-04-08,33.18,21.6,26.65,14.09,52.47,1.61,1.96,25.6,0.0,0.09,0.15,0.16
2002-04-09,32.89,22.44,27.39,14.95,50.52,2.83,3.51,24.73,0.0,0.08,0.15,0.16
2002-04-10,32.6,23.38,27.98,16.86,55.38,3.04,3.68,22.66,0.0,0.08,0.15,0.16
2002-04-11,32.58,24.75,28.79,17.4,52.43,4.01,4.99,20.21,0.06,0.08,0.15,0.16
2002-04-12,29.89,23.16,26.09,16.64,57.15,3.08,3.7,19.16,0.24,0.09,0.15,0.16
2002-04-13,27.05,22.44,24.48,18.29,69.3,3.66,4.33,16.79,2.92,0.16,0.16,0.16
2002-04-14,27.67,21.17,24.3,14.74,57.9,6.1,7.36,25.32,0.01,0.17,0.16,0.16
2002-04-15,27.65,21.02,24.04,15.11,59.25,4.95,5.93,24.55,0.0,0.15,0.16,0.16
2002-04-16,28.96,21.6,24.88,17.17,64.28,4.09,4.88,25.51,0.0,0.13,0.16,0.16
2002-04-17,33.28,20.53,26.5,16.07,58.89,1.87,2.27,25.28,0.0,0.12,0.16,0.16
2002-04-18,36.2,23.17,28.92,14.38,48.33,1.64,2.01,25.77,0.0,0.1,0.16,0.16
2002-04-19,35.37,24.38,29.76,13.93,42.26,2.75,3.49,26.68,0.0,0.1,0.16,0.16
2002-04-20,36.41,25.81,31.24,13.41,36.42,3.69,4.72,26.11,0.0,0.09,0.16,0.16
2002-04-21,32.55,25.77,28.91,16.45,48.71,5.77,6.92,17.84,0.0,0.09,0.16,0.16
2002-04-22,32.44,24.6,28.09,16.0,52.03,4.39,5.25,25.04,0.0,0.09,0.16,0.16
2002-04-23,30.18,23.18,26.12,14.97,54.14,5.7,6.8,28.27,0.0,0.08,0.15,0.16
2002-04-24,29.53,22.13,25.48,14.7,53.6,4.42,5.24,28.18,0.0,0.08,0.15,0.16
2002-04-25,32.86,21.05,26.52,16.99,61.62,2.1,2.49,26.77,0.0,0.08,0.15,0.16
2002-04-26,33.66,23.76,28.07,13.65,46.6,2.3,2.71,25.67,0.0,0.08,0.15,0.16
2002-04-27,35.92,23.45,28.69,16.49,52.68,2.16,2.65,26.23,0.0,0.08,0.15,0.16
2002-04-28,36.61,24.16,29.41,16.49,52.66,1.93,2.34,26.94,0.0,0.08,0.15,0.16
2002-04-29,36.0,24.61,29.9,13.09,41.65,2.54,3.04,27.92,0.0,0.08,0.15,0.16
2002-04-30,35.52,25.1,29.46,13.69,42.84,3.33,4.02,28.12,0.0,0.07,0.15,0.16
2002-05-01,36.21,23.9,29.67,16.47,51.47,3.33,4.11,27.41,0.0,0.07,0.15,0.16
2002-05-02,37.14,27.14,31.52,12.01,35.51,1.82,2.31,27.3,0.0,0.07,0.15,0.15
2002-05-03,39.32,28.18,32.94,7.94,24.88,2.85,3.77,28.17,0.0,0.07,0.15,0.15
2002-05-04,39.28,28.32,32.87,11.64,32.14,3.72,4.71,27.27,0.0,0.06,0.15,0.15
2002-05-05,35.29,26.38,30.48,16.38,46.6,3.82,4.59,27.64,0.0,0.06,0.15,0.15
2002-05-06,35.43,24.79,29.46,18.41,57.96,4.17,4.98,26.08,0.0,0.06,0.15,0.15
2002-05-07,36.27,24.91,30.43,18.15,56.11,3.46,4.18,27.42,0.0,0.06,0.15,0.15
2002-05-08,37.97,26.28,31.78,15.39,44.7,2.17,2.72,27.0,0.0,0.06,0.15,0.15
2002-05-09,38.43,27.62,32.67,17.02,44.45,2.03,2.51,27.14,0.0,0.06,0.15,0.15
2002-05-10,36.79,28.23,32.64,20.72,51.87,3.38,4.14,25.2,0.0,0.06,0.15,0.15
2002-05-11,37.42,29.16,32.61,21.74,54.1,3.03,3.53,22.57,0.26,0.07,0.15,0.15
2002-05-12,37.33,29.93,32.91,21.27,51.69,2.66,3.07,22.24,0.02,0.08,0.15,0.15
2002-05-13,34.68,27.12,31.02,21.74,60.23,4.9,5.76,25.92,0.0,0.08,0.15,0.15
2002-05-14,33.58,25.95,29.26,18.58,58.21,5.8,6.89,28.37,0.0,0.07,0.15,0.15
2002-05-15,34.86,24.51,29.18,18.91,57.83,3.27,3.89,28.25,0.0,0.07,0.15,0.15
2002-05-16,37.52,25.12,30.7,18.54,54.22,2.47,2.92,26.03,0.0,0.07,0.15,0.15
2002-05-17,37.57,25.7,31.04,19.5,57.04,2.42,2.9,26.98,0.0,0.07,0.15,0.15
2002-05-18,41.81,25.37,32.2,17.61,52.29,2.2,2.66,27.68,0.0,0.07,0.15,0.15
2002-05-19,38.73,26.76,32.6,15.6,42.41,1.82,2.13,27.76,0.0,0.06,0.15,0.15
2002-05-20,37.55,28.38,32.78,15.26,38.93,2.85,3.33,28.23,0.0,0.06,0.15,0.15
2002-05-21,38.07,27.14,32.37,19.43,52.64,3.91,4.67,26.59,0.0,0.06,0.15,0.15
2002-05-22,37.97,27.83,32.26,20.92,55.83,4.68,5.61,26.65,0.0,0.06,0.15,0.15
2002-05-23,38.51,26.73,31.97,20.03,58.78,3.63,4.3,27.82,0.0,0.06,0.15,0.15
2002-05-24,42.8,27.1,35.08,15.58,40.69,1.76,2.25,27.6,0.0,0.06,0.15,0.15
2002-05-25,41.72,30.52,35.36,14.85,32.57,1.89,2.32,26.82,0.0,0.06,0.15,0.15
2002-05-26,38.04,28.77,33.05,18.09,46.11,3.82,4.48,27.58,0.0,0.06,0.15,0.15
2002-05-27,38.44,28.5,33.04,22.81,61.95,3.96,4.7,26.92,0.0,0.06,0.15,0.15
2002-05-28,37.23,28.21,32.03,23.13,64.51,4.07,4.74,27.27,0.0,0.06,0.15,0.15
2002-05-29,41.93,27.29,33.94,19.94,51.32,2.05,2.4,26.82,0.0,0.06,0.15,0.15
2002-05-30,40.02,30.19,34.51,18.75,43.46,3.21,3.82,26.29,0.0,0.06,0.15,0.15
2002-05-31,37.23,28.07,32.18,20.5,55.64,4.76,5.64,27.64,0.0,0.06,0.15,0.15
2002-06-01,36.79,26.46,31.16,20.4,59.38,3.8,4.43,28.36,0.0,0.06,0.15,0.15
2002-06-02,39.31,25.88,32.54,17.39,47.62,2.72,3.22,28.45,0.0,0.06,0.15,0.15
2002-06-03,39.2,29.33,33.9,18.96,44.65,3.5,4.16,26.89,0.0,0.06,0.15,0.15
2002-06-04,38.2,28.7,33.01,20.59,52.66,4.38,5.21,27.3,0.0,0.06,0.15,0.15
2002-06-05,38.67,28.12,32.97,20.32,52.59,3.92,4.68,27.72,0.0,0.06,0.15,0.15
2002-06-06,37.81,28.51,32.83,24.18,65.94,3.19,3.76,27.24,0.0,0.06,0.15,0.15
2002-06-07,39.81,29.25,33.43,23.73,63.74,4.57,5.44,27.88,0.0,0.06,0.15,0.15
2002-06-08,37.58,28.03,32.03,22.36,60.55,4.5,5.26,28.34,0.0,0.06,0.15,0.15
2002-06-09,40.44,26.44,33.59,22.04,55.43,2.12,2.51,26.74,0.0,0.06,0.15,0.15
2002-06-10,41.14,30.28,35.42,21.98,49.0,2.09,2.49,26.11,0.47,0.07,0.15,0.15
2002-06-11,40.5,30.29,34.76,22.19,50.95,2.51,2.97,25.31,0.01,0.07,0.15,0.15
2002-06-12,39.95,29.91,34.3,21.16,49.89,2.38,2.77,25.7,0.0,0.07,0.15,0.15
2002-06-13,39.28,30.22,34.28,19.97,47.91,2.83,3.31,26.99,0.0,0.07,0.15,0.15
2002-06-14,39.26,29.64,33.86,21.77,54.98,2.83,3.31,26.79,0.0,0.06,0.15,0.15
2002-06-15,38.51,29.31,33.59,20.18,51.11,2.67,3.13,26.84,0.0,0.06,0.15,0.15
2002-06-16,38.17,28.86,33.3,22.44,59.07,2.62,3.02,27.27,0.0,0.06,0.15,0.15
2002-06-17,41.88,28.42,34.9,22.25,53.96,1.71,2.03,26.57,0.0,0.06,0.15,0.15
2002-06-18,41.88,31.29,36.3,22.37,47.79,1.9,2.24,24.22,0.11,0.06,0.15,0.15
2002-06-19,39.72,31.11,34.68,22.27,52.71,2.63,3.03,26.78,0.0,0.06,0.15,0.15
2002-06-20,38.68,29.48,33.6,21.47,54.39,4.2,4.91,27.45,0.0,0.06,0.15,0.15
2002-06-21,38.06,28.46,33.1,21.82,59.72,6.29,7.48,27.79,0.0,0.06,0.15,0.15
2002-06-22,35.44,29.35,32.09,21.92,58.28,6.71,7.98,28.24,0.0,0.06,0.15,0.15
2002-06-23,41.07,28.74,33.44,22.69,58.17,2.61,3.1,26.62,0.0,0.06,0.15,0.15
2002-06-24,39.18,29.2,33.86,22.93,56.07,2.17,2.5,27.39,0.0,0.06,0.15,0.15
2002-06-25,40.25,30.08,34.62,21.76,51.09,1.95,2.27,24.89,0.0,0.06,0.15,0.15
2002-06-26,39.11,29.53,34.11,22.02,54.51,2.04,2.33,25.53,0.0,0.06,0.15,0.15
2002-06-27,40.7,31.62,36.27,18.68,38.85,2.14,2.65,24.07,0.03,0.06,0.15,0.15
2002-06-28,41.6,34.73,37.79,13.64,26.19,1.76,2.17,25.26,0.01,0.06,0.15,0.15
2002-06-29,40.95,33.86,37.3,16.81,31.97,3.2,3.93,25.96,0.0,0.06,0.15,0.15
2002-06-30,40.42,31.79,35.7,19.46,42.33,3.95,4.66,27.32,0.0,0.05,0.15,0.15
2002-07-01,39.44,30.78,34.55,22.56,55.06,4.84,5.71,27.56,0.0,0.05,0.15,0.15
2002-07-02,38.77,28.43,33.64,22.6,57.46,3.69,4.29,27.34,0.0,0.05,0.15,0.15
2002-07-03,41.68,29.18,34.59,21.08,54.31,2.55,2.98,25.94,0.0,0.05,0.15,0.15
2002-07-04,41.79,30.69,35.44,19.18,45.59,2.25,2.63,25.68,0.0,0.05,0.15,0.15
2002-07-05,40.21,31.06,35.27,17.6,40.27,2.73,3.19,26.63,0.0,0.05,0.15,0.15
2002-07-06,38.0,29.88,33.64,24.21,60.45,3.37,3.97,26.01,0.0,0.05,0.15,0.15
2002-07-07,36.44,29.96,32.88,25.91,68.99,4.7,5.43,27.72,0.0,0.05,0.15,0.15
2002-07-08,39.83,29.37,34.46,22.89,55.13,2.32,2.65,26.95,0.0,0.05,0.15,0.15
2002-07-09,40.55,31.64,36.04,21.55,45.67,2.78,3.3,26.28,0.31,0.06,0.15,0.15
2002-07-10,41.26,30.13,35.86,22.15,48.17,3.46,4.06,25.94,0.0,0.06,0.15,0.15
2002-07-11,41.25,30.84,35.81,22.26,48.16,2.63,3.0,25.83,0.0,0.06,0.15,0.15
2002-07-12,40.19,32.56,35.79,21.19,45.3,2.94,3.41,25.28,0.0,0.06,0.15,0.15
2002-07-13,40.11,30.52,35.09,21.48,49.87,3.36,3.91,26.57,0.0,0.06,0.15,0.15
2002-07-14,40.47,31.09,35.5,21.09,49.32,3.09,3.62,26.5,0.0,0.06,0.15,0.15
2002-07-15,40.9,32.08,36.36,17.58,37.02,2.2,2.54,26.27,0.0,0.06,0.15,0.15
2002-07-16,41.1,32.2,36.43,20.02,41.31,2.08,2.41,26.16,0.0,0.06,0.15,0.15
2002-07-17,41.26,30.83,35.76,22.75,50.64,1.64,1.86,26.98,0.0,0.06,0.15,0.15
2002-07-18,42.14,32.0,36.52,24.06,51.68,1.44,1.64,26.38,0.0,0.06,0.15,0.15
2002-07-19,41.8,32.62,36.9,24.53,52.15,2.27,2.64,26.41,0.0,0.06,0.15,0.15
2002-07-20,41.82,32.43,36.87,23.47,49.65,1.88,2.19,26.08,0.0,0.06,0.15,0.15
2002-07-21,42.22,32.41,36.79,24.26,51.52,2.58,2.97,24.69,0.0,0.05,0.15,0.15
2002-07-22,40.04,33.07,36.11,25.07,54.45,1.65,1.86,24.41,0.0,0.05,0.15,0.15
2002-07-23,41.49,32.93,37.26,23.11,47.28,1.56,1.84,25.88,0.0,0.05,0.15,0.15
2002-07-24,41.27,33.23,37.1,24.58,51.81,4.06,4.84,25.0,0.02,0.06,0.15,0.15
2002-07-25,41.13,32.75,36.73,22.56,46.83,4.14,4.86,23.45,0.0,0.06,0.15,0.15
2002-07-26,39.64,31.33,35.19,24.62,60.41,5.9,6.96,27.19,0.0,0.06,0.15,0.15
2002-07-27,39.19,32.06,35.01,26.38,63.4,2.79,3.24,25.97,0.0,0.06,0.15,0.15
2002-07-28,40.9,31.47,35.94,23.9,52.93,1.84,2.1,24.94,0.0,0.06,0.15,0.15
2002-07-29,41.1,32.46,36.67,22.2,45.41,2.56,2.94,25.05,0.0,0.06,0.15,0.15
2002-07-30,42.28,32.32,37.65,19.06,37.45,2.45,2.98,24.66,0.0,0.05,0.15,0.15
2002-07-31,42.58,33.02,38.05,16.7,32.65,2.5,3.14,24.93,0.0,0.05,0.15,0.15
2002-08-01,42.69,32.72,38.01,15.94,29.96,2.18,2.8,25.54,0.0,0.05,0.14,0.15
2002-08-02,42.37,33.48,37.51,15.39,32.76,2.14,2.51,26.86,0.0,0.05,0.14,0.15
2002-08-03,42.26,32.8,36.73,21.29,44.76,2.72,3.24,26.44,0.0,0.05,0.14,0.15
2002-08-04,40.42,31.43,35.63,23.87,54.29,2.42,2.79,26.83,0.0,0.05,0.14,0.15
2002-08-05,40.39,31.65,35.82,22.23,49.3,2.19,2.52,22.76,0.0,0.05,0.14,0.15
2002-08-06,41.88,32.3,37.01,23.6,49.87,1.78,2.14,26.09,0.0,0.05,0.14,0.15
2002-08-07,42.19,32.41,36.71,23.26,49.3,3.0,3.47,24.9,0.0,0.05,0.14,0.15
2002-08-08,41.44,30.86,36.05,24.2,53.13,2.97,3.4,23.87,0.0,0.05,0.14,0.15
2002-08-09,39.49,32.77,35.57,23.71,53.09,2.81,3.15,24.43,0.0,0.05,0.14,0.15
2002-08-10,38.23,30.8,34.43,24.07,57.59,2.72,3.09,22.97,0.0,0.05,0.14,0.15
2002-08-11,39.19,30.72,34.59,22.67,52.89,2.42,2.74,25.43,0.0,0.05,0.14,0.15
2002-08-12,39.73,30.97,34.82,24.32,56.53,2.37,2.7,24.4,0.0,0.05,0.14,0.15
2002-08-13,43.14,32.22,37.02,22.33,47.4,1.9,2.2,23.7,0.0,0.05,0.14,0.15
2002-08-14,42.95,32.61,37.73,23.24,48.45,2.27,2.69,23.4,0.0,0.05,0.14,0.15
2002-08-15,43.74,33.4,38.1,22.98,44.96,3.19,3.75,23.4,0.0,0.05,0.14,0.15
2002-08-16,40.59,32.61,36.03,23.53,50.19,3.05,3.46,24.18,0.0,0.05,0.14,0.15
2002-08-17,39.43,31.71,35.07,23.0,52.81,2.91,3.3,24.32,0.0,0.05,0.14,0.15
2002-08-18,40.03,30.4,34.99,23.58,56.84,3.98,4.58,25.01,0.0,0.05,0.14,0.15
2002-08-19,39.39,30.82,34.95,23.5,54.58,2.73,3.12,24.11,0.0,0.05,0.14,0.15
2002-08-20,40.27,32.89,35.92,23.27,50.56,3.24,3.75,24.79,0.0,0.05,0.14,0.15
2002-08-21,39.54,31.79,34.87,24.48,58.11,3.65,4.26,24.91,0.0,0.05,0.14,0.15
2002-08-22,39.96,30.1,34.58,23.48,57.35,2.27,2.62,24.33,0.0,0.05,0.14,0.15
2002-08-23,39.33,30.74,34.66,23.27,54.08,2.42,2.81,23.27,0.0,0.05,0.14,0.15
2002-08-24,36.83,30.81,33.42,24.14,59.36,3.41,3.88,22.55,0.05,0.05,0.14,0.15
2002-08-25,38.54,29.4,34.0,23.75,57.2,3.56,4.08,23.17,0.02,0.05,0.14,0.15
2002-08-26,39.65,31.71,35.27,24.01,53.47,2.51,2.83,22.4,0.04,0.05,0.14,0.15
2002-08-27,40.65,32.41,35.98,24.62,54.29,2.38,2.75,21.13,0.01,0.05,0.14,0.15
2002-08-28,39.84,30.54,34.56,23.3,54.26,6.39,7.61,22.44,0.01,0.05,0.14,0.15
2002-08-29,37.7,29.42,32.89,23.85,60.86,6.14,7.22,22.33,0.03,0.05,0.14,0.15
2002-08-30,37.56,28.76,32.74,23.05,58.28,4.92,5.7,22.94,0.01,0.06,0.14,0.15
2002-08-31,38.17,29.14,33.43,21.98,52.53,3.09,3.53,22.67,0.0,0.06,0.14,0.15
2002-09-01,38.68,30.9,34.24,23.31,54.3,2.86,3.25,22.19,0.01,0.06,0.14,0.15
2002-09-02,37.98,31.96,34.69,24.07,55.11,2.64,3.02,21.12,0.02,0.06,0.14,0.15
2002-09-03,41.23,31.37,36.03,20.92,45.09,1.98,2.38,23.02,0.0,0.06,0.14,0.15
2002-09-04,41.02,31.81,35.56,19.52,43.22,2.23,2.63,23.38,0.0,0.05,0.14,0.15
2002-09-05,38.77,31.24,34.43,23.37,55.25,2.49,2.85,24.05,0.0,0.05,0.14,0.15
2002-09-06,38.41,30.48,33.66,24.18,60.55,1.99,2.29,23.61,0.0,0.05,0.14,0.15
2002-09-07,38.44,30.26,33.48,22.48,55.88,1.87,2.13,23.41,0.0,0.05,0.14,0.15
2002-09-08,39.42,29.79,34.25,20.1,46.68,1.91,2.28,23.11,0.0,0.05,0.14,0.15
2002-09-09,38.26,29.65,33.37,21.62,53.49,1.99,2.34,22.64,0.0,0.05,0.14,0.15
2002-09-10,36.01,28.95,32.15,22.85,59.12,1.77,2.05,22.24,0.0,0.05,0.14,0.15
2002-09-11,38.53,29.11,33.34,22.56,55.92,3.13,3.61,23.14,0.0,0.05,0.14,0.15
2002-09-12,38.33,28.91,32.99,20.85,52.12,3.25,3.74,22.85,0.0,0.05,0.14,0.15
2002-09-13,38.14,28.3,33.0,20.34,50.16,3.1,3.67,23.68,0.0,0.05,0.14,0.15
2002-09-14,37.98,29.45,33.23,19.46,48.0,3.44,4.07,22.45,0.0,0.05,0.14,0.15
2002-09-15,36.85,29.48,32.56,22.24,57.11,3.04,3.52,22.52,0.0,0.05,0.14,0.15
2002-09-16,35.01,28.78,31.44,24.3,67.45,3.44,3.97,21.54,0.0,0.05,0.14,0.15
2002-09-17,35.86,28.62,31.5,24.37,67.53,3.68,4.31,21.91,0.0,0.05,0.14,0.15
2002-09-18,35.51,28.01,31.19,24.07,69.07,3.35,4.0,22.17,0.05,0.06,0.14,0.15
2002-09-19,38.16,28.11,32.49,21.13,57.39,1.92,2.26,22.05,0.0,0.06,0.14,0.15
2002-09-20,38.08,28.4,32.62,20.83,54.39,2.85,3.37,21.77,0.0,0.06,0.14,0.15
2002-09-21,36.96,28.74,32.48,20.55,52.79,3.0,3.62,21.77,0.0,0.06,0.14,0.15
2002-09-22,37.27,29.45,32.93,23.46,61.55,3.34,4.03,22.32,0.0,0.06,0.14,0.15
2002-09-23,38.56,28.63,33.29,22.75,57.87,1.38,1.66,21.06,0.0,0.06,0.14,0.15
2002-09-24,38.84,29.21,33.51,21.45,53.83,1.45,1.73,20.97,0.0,0.06,0.14,0.15
2002-09-25,39.23,29.58,33.55,19.72,49.36,2.28,2.7,21.34,0.0,0.06,0.14,0.15
2002-09-26,38.68,29.28,33.42,21.95,53.51,1.93,2.32,21.04,0.0,0.05,0.14,0.15
2002-09-27,37.89,27.81,32.35,20.37,53.94,2.72,3.24,21.2,0.0,0.05,0.14,0.15
2002-09-28,38.09,27.31,32.44,18.85,49.42,2.51,2.99,22.18,0.0,0.05,0.14,0.15
2002-09-29,36.49,29.06,32.09,19.23,50.23,2.04,2.35,21.56,0.0,0.05,0.14,0.15
2002-09-30,35.55,27.84,31.17,20.83,57.42,1.89,2.21,21.42,0.0,0.05,0.14,0.15
2002-10-01,37.57,27.33,32.15,20.49,54.08,2.72,3.26,20.86,0.05,0.06,0.14,0.15
2002-10-02,36.26,28.5,31.72,19.99,52.8,3.46,4.05,20.25,0.0,0.06,0.14,0.15
2002-10-03,34.59,27.81,31.1,21.83,60.18,3.05,3.56,20.33,0.0,0.06,0.14,0.15
2002-10-04,34.59,28.1,30.82,23.75,67.84,2.32,2.68,20.36,0.02,0.06,0.14,0.15
2002-10-05,36.02,27.94,31.34,24.11,68.9,2.84,3.39,19.55,0.0,0.06,0.14,0.15
2002-10-06,36.95,27.51,31.79,23.2,65.42,1.83,2.23,19.88,0.0,0.06,0.14,0.15
2002-10-07,37.51,27.5,32.04,18.07,48.41,2.79,3.32,20.18,0.01,0.06,0.14,0.15
2002-10-08,36.04,27.73,31.69,20.62,57.17,2.2,2.56,20.0,0.0,0.06,0.14,0.15
2002-10-09,37.25,28.22,32.08,21.88,59.48,1.46,1.69,19.76,0.0,0.06,0.14,0.15
2002-10-10,36.59,27.69,31.6,20.14,55.31,2.25,2.65,19.43,0.0,0.06,0.14,0.15
2002-10-11,36.56,28.06,31.6,23.71,67.28,2.25,2.67,19.4,0.0,0.06,0.14,0.15
2002-10-12,36.86,27.88,31.62,22.28,63.18,1.94,2.3,19.52,0.0,0.06,0.14,0.15
2002-10-13,35.69,27.37,31.06,22.82,66.9,2.34,2.82,19.66,0.0,0.06,0.14,0.15
2002-10-14,37.21,27.53,31.39,20.51,58.01,1.45,1.69,18.53,0.0,0.06,0.14,0.15
2002-10-15,36.4,27.36,31.31,15.81,43.88,1.92,2.32,19.23,0.0,0.06,0.14,0.15
2002-10-16,36.63,26.72,31.46,17.85,49.29,2.38,2.92,19.38,0.0,0.06,0.14,0.15
2002-10-17,36.83,27.74,31.87,17.74,47.22,2.07,2.57,19.13,0.0,0.05,0.14,0.15
2002-10-18,36.13,28.25,31.5,19.19,53.45,2.46,2.92,18.69,0.0,0.05,0.14,0.15
2002-10-19,34.83,27.65,30.54,21.16,61.3,3.01,3.58,18.62,0.0,0.05,0.14,0.15
2002-10-20,34.13,27.32,29.97,21.6,63.91,2.48,2.92,18.17,0.59,0.08,0.15,0.15
2002-10-21,34.6,26.59,29.98,20.76,62.09,2.11,2.43,18.58,0.0,0.08,0.15,0.15
2002-10-22,33.93,24.99,29.36,19.26,59.75,2.3,2.71,18.33,0.0,0.08,0.15,0.15
2002-10-23,33.32,25.98,29.06,19.47,59.3,2.24,2.64,18.33,0.0,0.08,0.15,0.15
2002-10-24,33.35,26.29,29.35,19.76,60.48,2.03,2.45,18.25,0.0,0.08,0.15,0.15
2002-10-25,33.03,26.38,29.23,20.44,60.97,2.47,2.9,18.01,0.0,0.08,0.15,0.15
2002-10-26,32.78,26.45,28.98,17.13,50.57,1.71,1.99,18.41,0.0,0.08,0.15,0.15
2002-10-27,33.81,26.69,29.65,17.66,50.51,1.46,1.67,18.34,0.0,0.07,0.15,0.15
2002-10-28,33.94,26.43,29.71,17.33,51.63,1.54,1.81,17.54,0.01,0.07,0.15,0.15
2002-10-29,33.33,26.86,29.72,18.66,54.43,2.05,2.43,17.4,0.2,0.08,0.15,0.15
2002-10-30,34.21,26.64,30.29,17.48,48.73,1.94,2.35,17.64,0.0,0.08,0.15,0.15
2002-10-31,34.63,27.37,30.64,16.0,43.26,2.25,2.72,17.2,0.0,0.08,0.15,0.15
2002-11-01,31.35,25.54,28.45,14.93,46.24,2.18,2.66,16.87,0.01,0.07,0.15,0.15
2002-11-02,32.57,27.51,29.11,17.42,50.9,1.57,1.83,12.89,0.0,0.07,0.15,0.15
2002-11-03,31.75,26.19,28.71,18.82,56.13,1.92,2.24,16.76,0.0,0.07,0.15,0.15
2002-11-04,31.3,27.0,28.8,19.3,57.42,4.54,5.46,16.17,0.05,0.08,0.15,0.15
2002-11-05,32.21,26.09,28.94,16.08,46.92,1.97,2.47,17.1,0.0,0.08,0.15,0.15
2002-11-06,32.26,25.76,28.74,15.88,47.33,2.11,2.52,17.22,0.0,0.08,0.15,0.15
2002-11-07,31.19,24.63,27.84,17.18,53.65,3.51,4.13,14.05,2.87,0.1,0.15,0.15
2002-11-08,29.28,24.88,26.66,17.66,58.8,2.88,3.36,14.71,3.18,0.22,0.16,0.16
2002-11-09,29.62,24.2,26.5,17.97,60.69,3.87,4.56,16.95,0.34,0.19,0.16,0.16
2002-11-10,30.14,23.44,26.53,16.43,55.29,1.69,2.02,16.84,0.0,0.17,0.16,0.16
2002-11-11,29.63,24.52,26.52,17.8,59.61,2.74,3.26,16.31,0.0,0.16,0.16,0.16
2002-11-12,29.93,24.0,26.25,17.29,59.37,2.01,2.32,16.07,0.0,0.16,0.15,0.15
2002-11-13,31.22,23.61,26.73,15.69,53.6,1.71,2.04,14.9,0.0,0.15,0.15,0.15
2002-11-14,31.05,22.98,26.73,15.12,51.71,2.01,2.43,15.85,0.0,0.14,0.15,0.15
2002-11-15,28.85,24.08,26.25,19.32,66.16,3.32,3.98,15.24,0.62,0.16,0.15,0.15
2002-11-16,28.58,23.69,25.64,17.03,59.59,3.2,3.93,16.25,0.31,0.17,0.15,0.15
2002-11-17,28.36,23.12,25.37,14.1,50.75,1.99,2.53,16.63,0.0,0.16,0.15,0.15
2002-11-18,30.1,24.22,26.7,15.38,50.89,2.52,3.05,15.63,0.0,0.15,0.15,0.15
2002-11-19,30.08,23.12,26.29,11.55,41.35,2.71,3.33,15.61,0.0,0.14,0.15,0.15
2002-11-20,28.79,23.55,25.74,14.35,50.1,2.8,3.34,15.84,0.0,0.13,0.15,0.15
2002-11-21,26.57,22.22,24.12,14.86,56.74,5.03,6.09,15.83,0.0,0.13,0.15,0.15
2002-11-22,27.97,22.28,24.65,12.64,48.38,2.47,3.05,16.03,0.0,0.13,0.15,0.15
2002-11-23,28.85,20.68,24.7,9.32,39.94,3.23,3.99,16.29,0.0,0.12,0.15,0.15
2002-11-24,28.68,22.66,25.14,11.76,44.76,1.86,2.28,15.81,0.0,0.11,0.15,0.15
2002-11-25,27.62,22.77,24.63,14.46,54.02,2.43,2.91,15.92,0.0,0.11,0.15,0.15
2002-11-26,27.34,21.94,24.26,15.06,57.79,2.83,3.37,14.69,0.06,0.11,0.15,0.15
2002-11-27,26.83,21.59,23.89,16.36,63.27,3.58,4.35,13.96,0.0,0.11,0.15,0.15
2002-11-28,26.29,20.95,23.21,14.32,58.29,2.4,2.98,15.24,0.0,0.11,0.15,0.15
2002-11-29,26.11,20.71,22.93,15.2,62.38,2.47,2.97,15.11,0.0,0.11,0.15,0.15
2002-11-30,28.12,19.52,23.62,13.67,56.24,2.32,2.81,15.29,0.0,0.11,0.15,0.15
2002-12-01,28.22,20.01,23.75,11.74,48.44,2.5,3.06,14.94,0.0,0.11,0.15,0.15
2002-12-02,27.28,21.3,23.86,14.43,56.75,1.62,1.96,14.26,0.0,0.11,0.15,0.15
2002-12-03,28.09,21.89,24.56,15.2,57.04,1.71,2.07,12.18,0.0,0.1,0.15,0.15
2002-12-04,27.44,20.87,23.73,11.51,48.06,3.97,4.72,13.66,0.0,0.1,0.15,0.15
2002-12-05,26.45,20.16,23.01,10.68,46.69,3.3,3.99,14.03,0.0,0.1,0.15,0.15
2002-12-06,26.27,19.23,22.34,8.79,42.78,2.42,2.98,14.7,0.0,0.1,0.15,0.15
2002-12-07,26.84,19.07,22.7,10.32,46.65,1.54,1.95,13.85,0.0,0.1,0.15,0.15
2002-12-08,27.03,19.79,23.21,13.56,55.59,1.53,1.92,13.8,0.0,0.1,0.15,0.15
2002-12-09,28.84,21.12,24.52,14.84,56.85,2.2,2.72,14.04,0.0,0.1,0.15,0.15
2002-12-10,28.22,20.79,24.29,16.14,63.28,2.64,3.2,13.15,0.0,0.1,0.15,0.15
2002-12-11,27.48,21.34,24.29,14.87,57.26,2.51,3.02,12.01,0.0,0.1,0.15,0.15
2002-12-12,27.98,21.4,24.35,15.66,60.18,2.57,3.03,10.7,0.0,0.1,0.15,0.15
2002-12-13,29.29,22.34,25.41,17.74,64.19,1.89,2.28,11.57,0.04,0.1,0.15,0.15
2002-12-14,26.3,22.13,23.97,18.33,71.34,1.99,2.36,13.46,0.13,0.11,0.15,0.15
2002-12-15,26.56,22.04,23.88,16.03,62.19,2.47,2.99,12.81,0.0,0.11,0.15,0.15
2002-12-16,26.59,21.13,23.39,14.76,59.51,3.16,3.88,13.75,0.0,0.1,0.15,0.15
2002-12-17,26.88,22.03,23.94,16.85,65.6,3.37,4.09,14.1,0.0,0.1,0.15,0.15
2002-12-18,25.67,21.08,22.94,17.15,70.69,3.34,3.99,11.43,0.55,0.12,0.15,0.15
2002-12-19,24.45,20.46,22.07,17.64,76.36,4.18,4.95,11.2,0.73,0.15,0.15,0.15
2002-12-20,23.64,19.39,21.12,14.88,68.02,5.14,6.2,13.33,0.0,0.14,0.15,0.15
2002-12-21,26.07,19.04,21.78,14.64,65.44,1.89,2.33,14.39,0.0,0.13,0.15,0.15
2002-12-22,27.33,20.89,23.5,13.9,57.47,5.76,6.97,9.87,0.15,0.13,0.15,0.15
2002-12-23,22.33,18.24,20.42,10.98,55.38,5.22,6.28,13.64,0.0,0.13,0.15,0.15
2002-12-24,22.28,17.48,19.59,12.17,63.01,3.26,3.97,12.86,0.0,0.13,0.15,0.15
2002-12-25,22.04,18.94,20.18,14.67,71.1,5.63,6.71,8.64,0.83,0.14,0.15,0.15
2002-12-26,21.58,18.07,19.43,12.93,66.58,5.36,6.43,13.07,0.0,0.15,0.15,0.15
2002-12-27,22.87,17.46,19.71,11.92,61.72,4.0,4.94,14.49,0.0,0.14,0.15,0.15
2002-12-28,22.79,17.72,19.75,11.29,58.76,3.92,4.84,12.33,0.0,0.13,0.15,0.15
2002-12-29,23.28,18.28,20.65,11.75,57.48,7.0,8.56,14.29,0.0,0.13,0.15,0.15
2002-12-30,25.01,17.67,21.04,8.87,46.95,3.98,4.89,14.52,0.0,0.13,0.15,0.15
2002-12-31,23.64,15.89,19.37,5.31,41.23,2.08,2.63,14.64,0.0,0.12,0.15,0.15
2003-01-01,21.84,16.05,19.04,10.77,59.44,4.49,5.46,8.37,0.88,0.14,0.15,0.16
2003-01-02,22.25,17.72,19.46,10.11,55.65,2.6,3.17,14.86,0.0,0.15,0.15,0.16
2003-01-03,22.72,17.02,19.51,8.96,51.38,1.13,1.39,15.04,0.0,0.14,0.15,0.16
2003-01-04,23.71,16.97,20.1,11.68,60.52,3.03,3.69,10.69,0.01,0.13,0.15,0.16
2003-01-05,23.22,18.48,20.54,11.46,56.48,2.57,3.07,14.14,0.01,0.13,0.15,0.16
2003-01-06,22.98,17.85,19.81,13.6,68.15,3.05,3.74,14.76,0.0,0.12,0.15,0.15
2003-01-07,24.23,17.65,20.21,13.58,67.21,2.06,2.55,14.95,0.0,0.12,0.15,0.15
2003-01-08,24.73,16.35,20.16,12.21,62.99,1.35,1.64,14.9,0.0,0.12,0.15,0.15
2003-01-09,25.41,18.17,20.98,11.79,58.51,1.06,1.28,14.71,0.0,0.12,0.15,0.15
2003-01-10,24.59,17.83,20.45,13.12,64.8,1.55,1.8,14.64,0.0,0.11,0.15,0.15
2003-01-11,24.63,17.85,20.26,12.28,63.05,1.61,1.95,15.51,0.0,0.11,0.15,0.15
2003-01-12,24.28,17.76,20.15,12.82,65.03,1.75,2.11,15.85,0.01,0.11,0.15,0.15
2003-01-13,24.48,17.86,20.46,11.44,58.3,1.8,2.19,16.07,0.01,0.11,0.15,0.15
2003-01-14,23.41,16.9,19.49,12.76,66.76,3.04,3.68,16.27,0.0,0.11,0.15,0.15
2003-01-15,23.01,16.37,19.16,10.15,58.24,2.82,3.39,15.47,0.0,0.11,0.15,0.15
2003-01-16,25.27,15.28,20.29,9.09,50.33,1.92,2.33,14.16,0.05,0.11,0.15,0.15
2003-01-17,25.37,17.35,20.55,12.69,62.81,5.42,6.6,13.47,1.2,0.14,0.16,0.16
2003-01-18,19.16,16.63,18.03,9.89,59.47,5.99,7.08,11.49,0.33,0.15,0.16,0.16
2003-01-19,20.19,15.91,18.06,9.72,58.82,3.59,4.37,11.41,0.13,0.16,0.16,0.16
2003-01-20,20.9,15.5,18.01,8.89,56.04,2.49,3.06,14.25,0.0,0.15,0.16,0.16
2003-01-21,24.31,16.66,20.19,7.79,46.37,2.04,2.43,14.26,0.0,0.14,0.16,0.16
2003-01-22,26.11,18.79,22.01,11.93,53.98,2.39,2.97,14.36,0.07,0.13,0.16,0.16
2003-01-23,27.39,19.77,22.8,14.0,59.39,2.2,2.75,9.65,0.03,0.13,0.15,0.16
2003-01-24,24.69,18.88,21.1,14.7,68.03,3.98,4.76,14.06,0.07,0.13,0.15,0.16
2003-01-25,21.66,17.94,19.43,13.84,70.51,4.58,5.42,13.63,0.19,0.14,0.16,0.16
2003-01-26,22.17,17.53,19.41,13.03,67.29,2.67,3.27,14.95,0.13,0.13,0.16,0.16
2003-01-27,22.61,16.68,19.14,12.87,68.44,2.78,3.38,15.81,0.07,0.14,0.16,0.16
2003-01-28,27.18,15.86,21.39,11.37,56.96,2.26,2.73,15.96,1.21,0.17,0.16,0.16
2003-01-29,26.61,19.54,22.28,16.11,69.36,5.29,6.39,9.76,0.0,0.15,0.16,0.16
2003-01-30,24.02,18.25,20.64,16.36,77.36,3.78,4.43,7.9,0.83,0.15,0.16,0.16
2003-01-31,25.2,17.9,21.05,11.64,57.25,2.85,3.48,18.09,0.03,0.16,0.16,0.16
2003-02-01,24.63,16.32,20.26,10.59,56.13,1.94,2.38,18.16,0.0,0.15,0.16,0.16
2003-02-02,23.66,17.58,20.18,11.23,58.13,1.64,2.02,17.62,0.01,0.13,0.16,0.16
2003-02-03,25.49,17.45,21.41,14.77,67.25,2.6,3.23,15.21,0.66,0.14,0.16,0.16
2003-02-04,26.78,17.94,22.0,15.26,68.58,2.84,3.5,17.32,0.0,0.15,0.16,0.16
2003-02-05,25.8,18.9,22.11,16.09,70.88,3.36,4.04,13.89,0.0,0.14,0.16,0.16
2003-02-06,24.01,17.76,20.91,16.97,78.77,3.01,3.55,15.5,0.03,0.14,0.16,0.16
2003-02-07,24.72,17.64,20.32,10.99,56.9,2.0,2.41,18.36,0.0,0.13,0.16,0.16
2003-02-08,23.11,16.21,19.22,13.76,72.67,2.77,3.36,18.58,0.0,0.13,0.16,0.16
2003-02-09,24.08,16.74,19.91,12.48,64.51,2.06,2.41,17.61,0.0,0.13,0.16,0.16
2003-02-10,26.25,18.87,21.66,10.9,52.53,2.15,2.51,15.62,0.0,0.12,0.16,0.16
2003-02-11,28.04,18.53,22.34,12.36,56.57,1.99,2.38,16.47,0.0,0.12,0.16,0.16
2003-02-12,28.17,20.06,23.03,12.72,55.33,1.58,1.92,17.29,0.0,0.11,0.16,0.16
2003-02-13,29.49,19.64,24.15,13.01,52.55,2.0,2.62,18.0,0.0,0.11,0.16,0.16
2003-02-14,29.39,20.32,24.66,12.4,49.07,3.47,4.4,13.57,0.0,0.11,0.16,0.16
2003-02-15,28.8,20.44,24.29,13.18,51.03,3.97,4.89,15.98,0.01,0.11,0.15,0.16
2003-02-16,26.65,20.89,23.0,14.69,62.52,4.6,5.53,14.96,0.05,0.11,0.15,0.16
2003-02-17,22.34,18.68,20.45,9.5,50.14,10.76,13.01,19.32,0.0,0.11,0.15,0.16
2003-02-18,21.95,17.64,19.45,8.65,51.08,7.36,8.79,19.17,0.0,0.1,0.15,0.16
2003-02-19,23.29,16.54,19.65,11.98,62.44,2.99,3.63,18.42,0.0,0.1,0.15,0.16
2003-02-20,30.16,18.03,23.37,11.31,52.18,3.33,4.19,12.97,0.02,0.1,0.15,0.16
2003-02-21,28.01,21.26,23.69,17.64,70.65,5.81,7.09,13.02,0.03,0.1,0.15,0.16
2003-02-22,27.93,21.32,23.97,18.5,72.73,4.06,5.03,14.11,0.59,0.12,0.15,0.16
2003-02-23,28.0,21.69,24.16,17.0,66.03,3.2,3.96,8.12,1.88,0.16,0.16,0.16
2003-02-24,28.99,21.59,25.1,15.46,56.91,2.5,3.22,10.89,0.36,0.17,0.16,0.16
2003-02-25,29.28,21.41,25.03,16.7,61.86,4.1,4.97,12.11,0.08,0.15,0.16,0.16
2003-02-26,24.24,20.92,22.54,17.23,72.19,2.67,3.2,10.85,0.2,0.15,0.16,0.16
2003-02-27,25.6,18.04,21.43,14.65,67.06,4.27,5.0,10.83,0.45,0.15,0.16,0.16
2003-02-28,22.97,18.64,20.44,10.45,53.86,7.04,8.42,21.0,0.04,0.15,0.16,0.16
2003-03-01,21.47,18.11,19.44,7.71,47.74,9.52,11.48,21.38,0.0,0.14,0.16,0.16
2003-03-02,23.9,16.68,20.08,6.83,43.76,3.97,4.82,21.71,0.0,0.13,0.16,0.16
2003-03-03,23.5,15.85,19.39,4.63,39.75,4.9,5.93,21.44,0.0,0.12,0.16,0.16
2003-03-04,24.89,16.38,20.35,8.71,48.36,2.51,3.07,21.31,0.0,0.12,0.16,0.16
2003-03-05,25.92,18.39,21.68,10.57,51.24,1.68,2.02,19.62,0.0,0.11,0.16,0.16
2003-03-06,29.9,18.3,23.71,11.32,50.63,1.85,2.37,21.42,0.0,0.11,0.16,0.16
2003-03-07,30.59,18.94,24.45,13.25,55.22,1.95,2.55,19.58,0.0,0.1,0.16,0.16
2003-03-08,28.62,20.96,24.66,13.35,53.26,2.84,3.43,17.5,0.0,0.1,0.16,0.16
2003-03-09,28.77,20.11,23.57,16.72,69.47,2.26,2.72,20.23,0.0,0.1,0.16,0.16
2003-03-10,28.89,20.02,24.64,12.85,53.2,1.93,2.38,19.29,0.0,0.1,0.16,0.16
2003-03-11,31.96,21.82,27.11,10.56,39.2,1.87,2.37,21.04,0.0,0.1,0.15,0.16
2003-03-12,34.7,24.18,29.24,8.53,30.48,3.37,4.53,18.0,0.0,0.09,0.15,0.16
2003-03-13,34.43,20.53,26.64,10.97,42.69,8.0,9.81,15.8,0.0,0.09,0.15,0.16
2003-03-14,24.38,19.09,21.54,9.1,47.35,6.75,8.0,23.29,0.0,0.09,0.15,0.16
2003-03-15,24.44,18.16,20.85,12.08,58.77,5.5,6.56,24.0,0.0,0.09,0.15,0.16
2003-03-16,24.99,17.54,20.75,13.88,66.58,3.5,4.19,23.26,0.0,0.09,0.15,0.16
2003-03-17,27.05,16.48,21.97,10.17,52.77,2.14,2.52,21.8,0.0,0.09,0.15,0.16
2003-03-18,28.43,21.17,24.37,12.02,50.21,2.11,2.58,22.89,0.0,0.09,0.15,0.16
2003-03-19,32.54,19.88,26.0,15.17,55.44,2.89,3.67,21.93,0.0,0.08,0.15,0.16
2003-03-20,32.99,22.97,27.84,16.29,52.01,4.38,5.44,19.87,0.26,0.09,0.15,0.16
2003-03-21,29.27,23.17,26.1,17.12,59.18,3.52,4.32,12.85,1.65,0.13,0.15,0.16
2003-03-22,29.25,21.9,25.43,16.75,60.87,2.98,3.68,10.45,6.69,0.24,0.17,0.17
2003-03-23,32.28,22.57,27.2,15.34,50.84,2.0,2.57,21.35,0.94,0.19,0.17,0.17
2003-03-24,31.25,23.51,27.12,16.82,54.45,2.89,3.69,21.47,0.0,0.17,0.17,0.17
2003-03-25,34.76,23.65,28.86,15.35,48.34,2.26,3.09,23.37,0.0,0.15,0.17,0.17
2003-03-26,34.81,25.06,29.94,16.0,46.12,6.22,7.73,19.84,0.06,0.13,0.16,0.17
2003-03-27,29.26,22.82,25.54,17.97,64.54,4.84,5.72,12.47,2.09,0.15,0.16,0.17
2003-03-28,25.28,19.76,22.85,13.35,56.55,5.25,6.16,22.32,0.05,0.18,0.17,0.17
2003-03-29,25.68,19.38,22.46,14.35,61.8,3.97,4.69,22.07,0.0,0.16,0.17,0.17
2003-03-30,29.29,20.8,24.59,13.48,53.6,2.16,2.59,22.01,0.0,0.14,0.17,0.17
2003-03-31,34.07,23.52,28.69,12.48,38.56,2.0,2.65,15.89,0.04,0.13,0.17,0.17
2003-04-01,34.1,24.34,28.64,14.51,45.23,3.66,4.57,17.67,1.39,0.15,0.17,0.17
2003-04-02,31.53,22.77,26.45,16.33,58.72,4.15,4.98,24.2,0.0,0.14,0.17,0.17
2003-04-03,29.54,21.12,24.89,17.16,66.63,3.59,4.29,25.66,0.0,0.13,0.17,0.17
2003-04-04,34.06,20.71,27.09,13.97,53.35,1.54,1.97,25.38,0.0,0.12,0.17,0.17
2003-04-05,34.41,23.86,28.52,11.17,39.86,1.79,2.15,25.02,0.0,0.11,0.16,0.17
2003-04-06,35.17,24.21,29.44,11.16,36.01,2.37,3.02,25.29,0.0,0.1,0.16,0.17
2003-04-07,35.7,24.41,29.7,14.11,43.19,2.5,3.19,25.86,0.0,0.09,0.16,0.17
2003-04-08,35.0,25.13,29.24,10.5,35.74,2.44,3.08,25.88,0.0,0.09,0.16,0.17
2003-04-09,32.9,23.74,27.55,17.55,60.01,3.48,4.16,25.75,0.0,0.09,0.16,0.17
2003-04-10,33.59,23.29,27.78,18.36,63.29,3.21,3.92,24.33,0.0,0.09,0.16,0.16
2003-04-11,34.75,24.37,28.77,13.75,45.09,2.43,2.92,23.51,0.0,0.09,0.16,0.16
2003-04-12,34.6,25.75,29.53,11.91,37.63,1.79,2.18,24.97,0.15,0.09,0.16,0.16
2003-04-13,35.87,26.18,31.07,13.99,39.08,2.3,3.01,22.71,0.02,0.09,0.16,0.16
2003-04-14,32.41,27.36,29.46,17.09,48.59,3.51,4.43,15.59,8.03,0.19,0.17,0.17
2003-04-15,33.03,25.19,29.62,19.08,55.79,2.51,3.08,22.7,0.13,0.19,0.18,0.18
2003-04-16,33.24,27.35,30.13,20.01,55.47,2.37,3.05,17.75,6.25,0.24,0.18,0.18
2003-04-17,30.18,23.8,26.76,20.37,69.79,3.54,4.23,8.18,6.56,0.26,0.19,0.19
2003-04-18,28.74,22.68,25.37,17.55,66.4,5.64,6.71,25.38,0.04,0.23,0.2,0.2
2003-04-19,29.26,21.75,25.19,16.96,62.49,3.5,4.18,26.37,0.0,0.18,0.19,0.19
2003-04-20,32.94,21.67,27.17,17.08,57.72,1.76,2.07,23.93,0.0,0.16,0.19,0.19
2003-04-21,34.3,25.64,29.29,16.6,48.92,2.48,3.12,22.56,0.0,0.14,0.19,0.19
2003-04-22,35.18,26.17,29.1,18.57,54.87,4.2,5.1,19.34,0.0,0.14,0.18,0.19
2003-04-23,31.41,25.68,28.19,18.38,57.22,2.75,3.26,17.33,0.0,0.13,0.18,0.19
2003-04-24,31.01,22.93,26.76,18.09,63.24,4.65,5.48,26.25,0.01,0.13,0.18,0.19
2003-04-25,32.37,21.15,26.39,18.39,66.07,3.0,3.54,27.18,0.0,0.13,0.18,0.19
2003-04-26,36.5,23.68,28.74,17.42,57.18,1.91,2.27,26.74,0.0,0.12,0.18,0.19
2003-04-27,34.2,24.98,29.24,13.54,43.23,2.07,2.46,27.19,0.0,0.11,0.18,0.19
2003-04-28,35.88,27.2,30.98,8.03,27.23,1.91,2.33,27.92,0.0,0.11,0.18,0.19
2003-04-29,33.5,24.56,28.86,17.03,52.84,4.3,5.07,26.83,0.0,0.11,0.18,0.18
2003-04-30,30.82,24.18,27.12,18.25,60.64,6.06,7.18,27.02,0.0,0.11,0.18,0.18
2003-05-01,30.36,22.87,26.3,18.51,64.26,5.2,6.16,29.32,0.0,0.1,0.18,0.18
2003-05-02,35.18,21.8,28.73,13.63,47.86,2.77,3.48,23.33,0.0,0.1,0.18,0.18
2003-05-03,35.04,24.49,29.71,8.13,29.55,2.62,3.34,25.45,0.01,0.1,0.18,0.18
2003-05-04,33.37,25.36,28.89,12.72,41.58,2.6,3.04,25.06,0.0,0.1,0.17,0.18
2003-05-05,33.75,24.19,28.77,19.48,62.39,3.38,4.02,26.39,0.0,0.1,0.17,0.18
2003-05-06,34.37,24.92,29.35,19.86,62.88,3.53,4.2,27.16,0.0,0.1,0.17,0.18
2003-05-07,34.12,24.88,29.55,17.19,53.39,4.29,5.15,26.83,0.0,0.1,0.17,0.18
2003-05-08,36.26,26.22,31.32,14.16,40.01,2.04,2.54,24.56,0.0,0.1,0.17,0.18
2003-05-09,40.17,30.53,33.95,11.56,27.6,1.7,2.21,24.34,0.0,0.09,0.17,0.18
2003-05-10,39.05,27.91,32.68,17.71,44.98,2.11,2.67,24.86,0.0,0.09,0.17,0.18
2003-05-11,37.17,28.22,32.31,17.71,46.58,2.15,2.6,25.18,0.0,0.09,0.17,0.18
2003-05-12,35.81,26.6,31.25,20.3,57.58,3.3,3.95,26.87,0.0,0.09,0.17,0.17
2003-05-13,37.46,27.22,32.21,16.97,45.3,2.01,2.38,26.17,0.0,0.09,0.17,0.17
2003-05-14,36.72,28.25,32.0,18.34,48.44,2.55,3.06,25.77,0.0,0.09,0.17,0.17
2003-05-15,36.43,27.1,31.5,18.75,51.55,3.5,4.2,26.37,0.0,0.09,0.17,0.17
2003-05-16,35.68,26.93,30.89,20.4,59.87,4.78,5.69,26.57,0.0,0.09,0.17,0.17
2003-05-17,35.75,26.24,30.63,20.16,60.31,3.66,4.35,26.37,0.0,0.09,0.17,0.17
2003-05-18,35.63,25.81,30.48,21.65,64.39,3.02,3.57,26.08,0.0,0.09,0.17,0.17
2003-05-19,36.87,26.36,31.31,19.66,55.4,3.04,3.67,27.15,0.0,0.09,0.17,0.17
2003-05-20,36.82,27.81,31.97,18.61,49.79,4.38,5.31,25.85,0.0,0.09,0.17,0.17
2003-05-21,35.79,26.32,30.7,19.62,58.19,4.75,5.71,28.0,0.0,0.08,0.17,0.17
2003-05-22,41.38,25.73,31.87,19.78,58.16,2.3,2.76,26.57,0.0,0.08,0.17,0.17
2003-05-23,37.77,27.17,31.84,19.69,54.89,3.02,3.62,26.73,0.0,0.08,0.16,0.17
2003-05-24,36.23,26.72,30.88,20.16,61.97,5.39,6.42,27.1,0.0,0.08,0.16,0.17
2003-05-25,35.03,26.39,30.26,20.64,61.71,4.85,5.74,27.68,0.0,0.08,0.16,0.17
2003-05-26,38.81,25.02,31.66,18.55,52.47,2.45,3.05,27.09,0.0,0.08,0.16,0.17
2003-05-27,39.47,27.12,32.62,16.91,45.43,2.02,2.46,26.59,0.0,0.08,0.16,0.17
2003-05-28,37.12,28.14,32.59,15.56,39.84,1.86,2.2,25.49,0.0,0.07,0.16,0.17
2003-05-29,38.66,28.24,33.25,15.6,39.88,4.35,5.33,24.23,0.0,0.07,0.16,0.17
2003-05-30,34.87,26.4,30.34,19.11,56.3,4.72,5.64,27.65,0.0,0.07,0.16,0.17
2003-05-31,36.25,25.42,31.06,17.02,48.15,2.53,3.02,27.39,0.0,0.07,0.16,0.16
2003-06-01,39.18,27.97,33.1,16.92,42.01,2.25,2.7,27.02,0.0,0.07,0.16,0.16
2003-06-02,37.47,28.46,32.5,19.03,49.01,2.66,3.15,24.1,0.0,0.07,0.16,0.16
2003-06-03,39.4,27.81,33.13,21.95,58.47,2.68,3.25,26.4,0.0,0.07,0.16,0.16
2003-06-04,39.39,28.61,33.43,21.29,54.84,2.99,3.58,26.96,0.0,0.07,0.16,0.16
2003-06-05,40.13,28.21,33.55,22.66,59.29,3.33,3.98,27.39,0.0,0.07,0.16,0.16
2003-06-06,39.38,29.11,33.73,23.47,60.26,4.0,4.72,28.36,0.0,0.07,0.16,0.16
2003-06-07,41.82,28.42,33.9,22.53,60.07,3.09,3.67,27.75,0.0,0.07,0.16,0.16
2003-06-08,42.39,27.96,35.53,19.7,47.79,1.15,1.5,27.6,0.0,0.07,0.16,0.16
2003-06-09,41.36,31.24,35.59,18.15,39.15,2.67,3.22,28.12,0.0,0.07,0.16,0.16
2003-06-10,40.12,29.61,34.19,17.17,43.27,2.81,3.31,28.0,0.0,0.07,0.16,0.16
2003-06-11,40.1,28.22,33.85,19.31,50.05,2.59,3.04,28.61,0.0,0.07,0.16,0.16
2003-06-12,42.62,30.32,35.74,18.59,42.21,2.24,2.7,28.07,0.0,0.07,0.16,0.16
2003-06-13,40.73,31.07,35.42,17.99,39.21,2.76,3.29,27.93,0.0,0.06,0.16,0.16
2003-06-14,41.23,30.52,35.37,18.49,40.45,3.52,4.2,27.33,0.0,0.06,0.16,0.16
2003-06-15,40.24,30.13,34.85,21.07,50.45,3.53,4.19,28.06,0.0,0.07,0.16,0.16
2003-06-16,39.82,29.36,34.23,22.1,56.53,3.67,4.34,26.83,0.0,0.07,0.16,0.16
2003-06-17,40.71,29.6,34.64,23.28,59.76,2.61,3.12,27.42,0.0,0.07,0.16,0.16
2003-06-18,40.54,29.12,34.07,22.67,59.53,2.37,2.8,27.17,0.0,0.07,0.16,0.16
2003-06-19,41.53,28.85,35.0,21.95,52.76,2.63,3.11,26.91,0.0,0.07,0.16,0.16
2003-06-20,40.02,30.21,34.25,23.51,57.1,2.39,2.75,27.2,0.0,0.06,0.15,0.16
2003-06-21,37.89,29.5,33.3,21.95,56.4,3.95,4.59,28.3,0.0,0.06,0.15,0.16
2003-06-22,38.47,28.63,33.47,22.24,58.42,3.03,3.51,27.01,0.0,0.06,0.15,0.16
2003-06-23,38.99,29.05,33.56,23.14,59.58,3.06,3.52,26.64,0.0,0.06,0.15,0.16
2003-06-24,39.51,29.1,34.14,22.29,55.38,2.06,2.38,26.28,0.0,0.06,0.15,0.16
2003-06-25,38.55,29.49,33.78,23.43,57.81,1.91,2.17,25.63,0.0,0.06,0.15,0.16
2003-06-26,36.96,30.09,32.97,25.51,66.79,2.21,2.47,25.77,0.01,0.07,0.15,0.16
2003-06-27,38.11,28.96,33.21,21.31,56.51,2.7,3.1,26.02,0.0,0.07,0.15,0.16
2003-06-28,39.18,28.62,33.52,17.96,47.39,2.85,3.33,25.26,0.0,0.07,0.15,0.16
2003-06-29,39.11,28.55,33.23,20.59,53.85,2.98,3.44,25.49,0.0,0.06,0.15,0.16
2003-06-30,37.39,28.5,32.64,22.07,58.56,3.48,4.03,25.67,0.0,0.06,0.15,0.16
2003-07-01,37.91,28.43,33.18,20.81,54.01,2.73,3.17,26.34,0.0,0.06,0.15,0.15
2003-07-02,40.77,29.47,34.63,18.03,41.92,1.66,1.95,24.95,0.0,0.06,0.15,0.15
2003-07-03,39.94,29.92,34.28,22.95,55.94,1.93,2.27,22.3,0.0,0.06,0.15,0.15
2003-07-04,39.34,31.03,34.47,22.07,51.56,2.19,2.55,23.68,0.0,0.06,0.15,0.15
2003-07-05,41.22,30.29,35.48,23.14,52.44,2.65,3.23,22.63,0.0,0.06,0.15,0.15
2003-07-06,40.6,31.31,35.57,22.77,50.71,4.22,5.15,24.15,0.0,0.06,0.15,0.15
2003-07-07,38.62,30.37,34.27,24.43,58.76,5.42,6.52,23.94,0.0,0.06,0.15,0.15
2003-07-08,38.44,31.11,34.61,23.22,53.47,3.7,4.41,23.95,0.0,0.06,0.15,0.15
2003-07-09,38.98,32.09,34.86,23.52,53.4,2.69,3.17,23.02,0.0,0.06,0.15,0.15
2003-07-10,40.88,31.67,36.09,23.72,51.57,1.38,1.59,23.87,0.38,0.07,0.15,0.15
2003-07-11,40.45,32.59,36.16,25.36,55.52,3.99,4.77,23.99,0.51,0.09,0.15,0.15
2003-07-12,40.51,30.18,35.37,23.31,53.12,3.7,4.34,24.62,0.06,0.1,0.15,0.15
2003-07-13,40.89,31.34,36.05,23.82,52.25,2.01,2.34,24.47,0.03,0.09,0.15,0.15
2003-07-14,41.5,32.7,36.41,24.14,52.14,2.41,2.87,24.63,0.05,0.09,0.15,0.15
2003-07-15,40.22,30.35,34.92,23.24,53.28,5.52,6.59,23.45,0.01,0.09,0.15,0.15
2003-07-16,40.18,29.95,34.79,22.31,51.11,2.75,3.19,23.98,0.0,0.09,0.15,0.15
2003-07-17,39.54,31.45,35.36,22.71,50.09,1.89,2.25,22.94,0.0,0.08,0.15,0.15
2003-07-18,38.58,32.03,35.6,23.36,51.31,3.18,3.88,22.07,0.05,0.08,0.15,0.15
2003-07-19,36.62,33.47,35.02,23.97,53.46,3.71,4.35,22.71,0.19,0.09,0.15,0.15
2003-07-20,36.94,32.12,34.28,25.95,62.61,3.6,4.15,25.4,0.03,0.09,0.15,0.15
2003-07-21,37.15,30.21,34.05,25.24,60.8,3.5,4.01,24.74,0.0,0.09,0.15,0.15
2003-07-22,37.17,31.79,34.51,24.88,57.93,4.07,4.7,21.97,0.0,0.09,0.15,0.15
2003-07-23,39.23,31.18,34.87,23.97,54.29,3.45,3.95,24.12,0.0,0.09,0.15,0.15
2003-07-24,36.68,32.8,34.61,25.42,59.34,1.87,2.1,23.55,0.17,0.09,0.15,0.15
2003-07-25,39.33,31.92,35.01,23.93,54.92,2.82,3.24,23.99,0.04,0.1,0.15,0.15
2003-07-26,37.75,31.85,34.45,24.58,58.19,2.71,3.08,24.4,0.04,0.1,0.15,0.15
2003-07-27,37.91,31.9,34.54,23.79,56.73,4.45,5.16,22.44,0.0,0.1,0.15,0.15
2003-07-28,37.96,31.71,34.73,22.74,51.72,2.98,3.48,19.54,0.0,0.09,0.15,0.15
2003-07-29,36.58,30.24,33.19,22.19,53.42,5.03,5.89,18.99,0.17,0.09,0.15,0.15
2003-07-30,32.93,28.89,30.99,23.65,65.55,4.68,5.37,16.68,0.33,0.11,0.15,0.15
2003-07-31,33.11,29.15,30.94,23.93,66.81,3.7,4.21,19.63,0.13,0.12,0.15,0.15
2003-08-01,35.64,30.63,32.84,23.68,59.05,1.69,1.92,23.52,0.05,0.12,0.15,0.15
2003-08-02,38.11,31.4,34.58,24.85,58.39,2.41,2.84,23.04,0.08,0.12,0.15,0.15
2003-08-03,35.27,31.09,33.08,24.82,62.48,4.58,5.36,21.56,0.13,0.12,0.15,0.15
2003-08-04,38.87,30.27,34.49,23.77,55.31,4.31,5.13,22.98,0.08,0.12,0.15,0.15
2003-08-05,39.89,31.82,36.01,21.34,44.84,2.48,3.01,22.36,0.03,0.11,0.15,0.15
2003-08-06,39.57,32.38,35.96,22.71,47.44,2.81,3.27,24.51,0.01,0.1,0.15,0.15
2003-08-07,38.9,33.58,36.03,22.46,46.66,1.74,2.05,25.04,0.0,0.1,0.15,0.15
2003-08-08,41.36,31.93,36.12,23.21,50.0,2.79,3.31,24.7,0.01,0.09,0.15,0.15
2003-08-09,41.78,32.03,37.17,19.6,39.03,2.58,3.28,24.9,0.01,0.09,0.15,0.15
2003-08-10,41.99,32.52,36.9,19.2,38.0,1.94,2.43,24.96,0.0,0.08,0.15,0.15
2003-08-11,42.15,30.98,36.32,20.17,42.53,3.48,4.23,24.89,0.0,0.08,0.15,0.15
2003-08-12,41.65,29.3,35.37,20.2,46.92,2.98,3.54,25.91,0.0,0.07,0.15,0.15
2003-08-13,41.48,30.14,35.46,20.78,45.86,3.12,3.73,25.09,0.03,0.07,0.15,0.15
2003-08-14,39.67,30.55,35.21,20.99,46.63,2.84,3.44,25.47,0.0,0.07,0.15,0.15
2003-08-15,40.35,30.66,35.44,19.81,43.35,3.1,3.7,24.76,0.0,0.07,0.15,0.15
2003-08-16,41.59,30.42,36.06,19.69,42.74,3.22,3.88,24.66,0.0,0.07,0.15,0.15
2003-08-17,41.57,32.05,36.51,20.9,43.36,4.36,5.21,23.85,0.0,0.06,0.15,0.15
2003-08-18,41.14,32.49,36.32,19.32,39.04,3.35,3.97,24.19,0.0,0.06,0.15,0.15
2003-08-19,39.78,31.71,35.19,22.38,50.07,3.07,3.52,24.29,0.0,0.06,0.15,0.15
2003-08-20,38.2,30.58,34.15,22.82,54.98,2.43,2.8,23.96,0.0,0.06,0.15,0.15
2003-08-21,40.9,30.92,35.33,21.47,49.29,1.75,2.05,24.93,0.0,0.06,0.15,0.15
2003-08-22,42.63,31.38,36.14,20.18,43.26,2.01,2.41,24.9,0.47,0.08,0.15,0.15
2003-08-23,41.96,30.56,35.7,22.42,50.96,2.96,3.54,24.33,0.02,0.08,0.15,0.15
2003-08-24,41.04,30.74,35.12,23.04,53.57,2.85,3.29,23.85,0.01,0.07,0.15,0.15
2003-08-25,39.91,30.38,34.54,23.6,55.56,1.7,1.94,23.02,0.01,0.07,0.15,0.15
2003-08-26,39.98,30.13,34.39,23.63,57.36,1.78,1.99,23.35,0.01,0.07,0.15,0.15
2003-08-27,40.51,30.58,34.96,22.75,53.05,1.5,1.71,20.39,0.06,0.07,0.15,0.15
2003-08-28,40.9,31.86,35.68,23.91,53.37,2.47,2.82,22.52,0.02,0.07,0.15,0.15
2003-08-29,40.74,31.48,35.48,22.38,50.02,1.63,1.89,23.51,0.0,0.07,0.15,0.15
2003-08-30,40.15,31.32,35.5,22.97,50.71,1.79,2.07,22.18,0.0,0.07,0.15,0.15
2003-08-31,39.08,30.41,34.35,23.3,54.44,4.94,5.74,22.58,0.0,0.07,0.15,0.15
2003-09-01,39.65,29.29,34.26,23.14,55.15,4.29,5.01,22.35,0.0,0.07,0.15,0.15
2003-09-02,39.9,30.84,34.8,22.4,51.23,3.03,3.5,23.03,0.0,0.07,0.15,0.15
2003-09-03,38.51,30.65,34.36,22.26,52.48,1.74,1.98,23.44,0.0,0.07,0.15,0.15
2003-09-04,41.59,31.12,36.02,20.84,45.24,3.17,3.86,22.61,0.0,0.07,0.15,0.15
2003-09-05,41.29,29.78,35.26,20.32,46.0,4.19,5.03,23.48,0.0,0.06,0.15,0.15
2003-09-06,40.59,29.23,34.33,21.2,49.66,2.83,3.31,23.37,0.0,0.06,0.15,0.15
2003-09-07,39.83,29.6,33.8,22.24,54.74,3.18,3.7,22.98,0.0,0.06,0.15,0.15
2003-09-08,37.37,30.39,33.31,23.58,58.1,2.55,2.87,22.42,0.0,0.06,0.15,0.15
2003-09-09,38.17,30.5,33.49,22.66,55.34,2.67,3.08,22.6,0.0,0.06,0.15,0.15
2003-09-10,37.89,30.14,33.3,23.34,58.52,3.24,3.74,22.79,0.0,0.06,0.15,0.15
2003-09-11,38.21,30.49,33.66,22.24,53.76,3.11,3.63,22.92,0.0,0.06,0.15,0.15
2003-09-12,38.4,30.5,33.84,22.79,56.4,4.0,4.74,22.46,0.0,0.06,0.15,0.15
2003-09-13,37.98,30.49,33.63,23.18,58.07,4.3,5.11,22.46,0.0,0.06,0.15,0.15
2003-09-14,38.51,30.16,33.85,20.53,50.49,3.58,4.31,22.01,0.0,0.06,0.15,0.15
2003-09-15,38.64,30.36,33.84,20.63,50.56,2.81,3.34,22.56,0.0,0.06,0.15,0.15
2003-09-16,38.06,30.01,33.44,22.51,57.05,2.34,2.76,22.46,0.0,0.06,0.15,0.15
2003-09-17,39.16,29.81,33.63,22.4,56.09,1.31,1.49,22.27,0.0,0.06,0.15,0.15
2003-09-18,38.61,29.93,33.96,21.94,51.87,1.72,2.01,22.1,0.0,0.06,0.15,0.15
2003-09-19,37.58,29.19,32.85,22.29,56.48,2.23,2.52,21.51,0.0,0.06,0.15,0.15
2003-09-20,37.35,29.2,32.73,20.76,53.13,1.85,2.08,21.48,0.0,0.06,0.15,0.15
2003-09-21,38.39,29.56,33.49,20.73,49.39,1.97,2.27,21.18,0.0,0.06,0.15,0.15
2003-09-22,38.11,28.67,32.81,20.68,52.57,2.72,3.11,21.35,0.0,0.06,0.15,0.15
2003-09-23,36.33,29.19,32.24,22.67,58.98,2.23,2.58,21.6,0.0,0.06,0.15,0.15
2003-09-24,39.42,29.83,34.32,20.7,49.09,2.16,2.68,21.0,0.0,0.06,0.15,0.15
2003-09-25,39.59,29.07,33.79,19.47,45.51,2.84,3.4,20.98,0.0,0.06,0.15,0.15
2003-09-26,39.01,29.37,33.61,17.96,42.06,2.42,2.87,20.5,0.0,0.06,0.15,0.15
2003-09-27,37.63,28.94,32.71,17.02,42.23,2.34,2.77,20.49,0.0,0.06,0.15,0.15
2003-09-28,37.74,29.62,32.92,21.43,54.66,2.18,2.55,20.73,0.0,0.06,0.15,0.15
2003-09-29,36.85,28.59,32.19,21.27,57.93,2.09,2.47,21.05,0.0,0.06,0.15,0.15
2003-09-30,37.89,28.03,32.17,18.28,47.43,2.59,3.07,21.39,0.0,0.06,0.15,0.15
2003-10-01,36.55,28.18,31.67,20.39,54.71,2.15,2.52,21.06,0.0,0.05,0.15,0.15
2003-10-02,37.3,27.07,31.72,17.65,47.3,2.63,3.17,20.99,0.0,0.05,0.15,0.15
2003-10-03,37.06,27.63,31.69,18.3,48.26,2.44,2.9,21.13,0.0,0.05,0.15,0.15
2003-10-04,36.22,27.75,31.36,21.11,58.88,2.71,3.18,20.63,0.0,0.05,0.15,0.15
2003-10-05,34.77,28.24,30.93,24.03,69.38,3.22,3.88,20.07,0.0,0.06,0.15,0.15
2003-10-06,36.5,27.14,31.03,22.38,63.62,3.69,4.37,20.57,0.0,0.06,0.15,0.15
2003-10-07,37.07,27.83,31.85,19.08,50.58,1.5,1.83,20.46,0.0,0.06,0.15,0.15
2003-10-08,37.1,27.34,32.07,19.46,50.23,1.97,2.37,20.0,0.0,0.05,0.15,0.15
2003-10-09,36.26,27.54,31.63,17.4,46.1,2.83,3.4,18.93,0.0,0.05,0.15,0.15
2003-10-10,35.33,28.24,31.17,21.84,60.61,3.83,4.58,19.95,0.0,0.05,0.15,0.15
2003-10-11,34.01,28.53,30.91,22.39,61.76,4.45,5.38,20.23,0.0,0.05,0.15,0.15
2003-10-12,34.1,27.11,30.18,22.45,65.81,2.79,3.31,19.48,0.0,0.05,0.15,0.15
2003-10-13,35.82,25.92,30.58,19.84,56.79,2.9,3.43,18.69,0.01,0.06,0.15,0.15
2003-10-14,34.85,26.38,30.15,19.28,56.45,3.39,3.98,18.79,0.0,0.06,0.15,0.15
2003-10-15,35.03,25.38,29.86,17.3,51.26,2.62,3.1,19.0,0.0,0.06,0.15,0.15
2003-10-16,34.42,27.77,30.39,20.28,57.64,2.11,2.47,18.91,0.01,0.06,0.15,0.15
2003-10-17,35.18,26.96,30.46,18.22,52.52,1.71,2.04,19.82,0.0,0.06,0.15,0.15
2003-10-18,33.66,26.1,29.03,19.77,61.96,2.02,2.37,19.1,0.0,0.06,0.15,0.15
2003-10-19,34.09,25.5,29.03,22.37,71.53,2.97,3.6,18.87,0.0,0.06,0.15,0.15
2003-10-20,33.39,25.4,29.08,22.86,71.65,2.81,3.34,18.02,0.0,0.06,0.15,0.15
2003-10-21,33.66,25.31,28.95,21.19,67.25,2.16,2.57,18.4,0.0,0.06,0.15,0.15
2003-10-22,33.65,25.18,29.05,22.07,69.46,2.9,3.43,18.8,0.0,0.06,0.15,0.15
2003-10-23,33.76,26.07,29.56,19.74,58.08,2.29,2.72,18.49,0.0,0.06,0.15,0.15
2003-10-24,35.0,26.78,30.39,18.06,51.07,1.57,1.85,18.38,0.0,0.06,0.15,0.15
2003-10-25,32.58,27.79,29.8,20.84,60.15,2.22,2.64,18.11,0.0,0.06,0.15,0.15
2003-10-26,34.14,27.11,30.22,19.23,54.45,1.76,2.1,17.75,0.0,0.06,0.15,0.15
2003-10-27,35.24,27.02,30.51,16.69,46.8,1.98,2.37,17.7,0.0,0.06,0.15,0.15
2003-10-28,34.46,26.31,30.14,17.55,49.56,2.05,2.47,17.68,0.02,0.06,0.15,0.15
2003-10-29,34.29,25.88,29.71,18.99,56.36,3.43,4.03,16.76,0.01,0.06,0.15,0.15
2003-10-30,33.74,25.02,28.99,17.23,53.09,2.27,2.67,17.43,0.0,0.06,0.15,0.15
2003-10-31,32.38,26.08,28.75,21.38,66.04,2.64,3.06,17.08,0.0,0.06,0.15,0.15
2003-11-01,32.99,26.77,29.23,21.05,63.59,3.71,4.48,16.87,0.01,0.06,0.15,0.15
2003-11-02,31.76,25.62,28.38,19.89,60.93,4.05,4.87,18.11,0.0,0.06,0.15,0.15
2003-11-03,30.96,25.88,27.96,19.31,60.3,3.44,4.14,17.54,0.0,0.06,0.15,0.15
2003-11-04,30.73,25.03,27.54,17.31,54.47,2.87,3.48,17.89,0.0,0.06,0.15,0.15
2003-11-05,31.74,25.52,28.21,16.29,49.04,1.56,1.8,17.3,0.0,0.06,0.15,0.15
2003-11-06,31.63,26.49,28.8,17.83,52.02,2.06,2.44,16.96,0.0,0.06,0.15,0.15
2003-11-07,32.21,26.47,28.85,16.39,48.04,2.13,2.52,16.44,0.0,0.06,0.15,0.15
2003-11-08,32.02,26.07,28.72,14.92,44.13,2.47,2.9,16.42,0.0,0.06,0.15,0.15
2003-11-09,32.77,24.91,28.17,17.91,56.18,4.98,5.86,15.07,0.03,0.06,0.15,0.15
2003-11-10,32.39,23.95,27.62,16.87,55.81,3.63,4.3,16.41,0.0,0.06,0.15,0.15
2003-11-11,31.03,22.6,26.63,13.57,48.18,2.2,2.71,17.15,0.01,0.06,0.15,0.15
2003-11-12,30.89,24.85,27.46,19.34,62.31,3.96,4.7,15.69,0.0,0.06,0.15,0.15
2003-11-13,30.91,26.01,27.9,20.63,65.77,5.19,6.26,15.55,0.0,0.06,0.15,0.15
2003-11-14,28.41,25.5,26.73,18.01,59.22,7.31,8.79,15.93,0.0,0.06,0.15,0.15
2003-11-15,28.35,24.55,26.24,15.74,53.17,7.49,9.01,15.7,0.0,0.06,0.15,0.15
2003-11-16,28.57,23.03,25.57,13.77,49.14,3.18,3.89,15.77,0.0,0.06,0.15,0.15
2003-11-17,28.54,23.13,25.33,16.02,56.76,3.44,4.17,14.76,0.0,0.06,0.15,0.15
2003-11-18,27.88,22.2,24.88,15.68,57.37,2.3,2.72,13.71,0.48,0.07,0.15,0.15
2003-11-19,27.44,22.47,24.59,15.17,56.53,3.26,3.95,15.94,0.68,0.11,0.15,0.15
2003-11-20,27.91,22.33,24.42,14.1,53.51,2.48,2.94,15.67,0.0,0.11,0.15,0.15
2003-11-21,28.11,22.89,24.89,15.96,58.44,2.94,3.47,15.09,0.0,0.11,0.15,0.15
2003-11-22,27.52,23.14,24.89,17.37,63.58,5.1,6.2,15.21,0.0,0.11,0.15,0.15
2003-11-23,28.82,22.72,25.14,12.46,47.51,2.98,3.63,14.37,0.0,0.11,0.15,0.15
2003-11-24,28.29,21.03,24.3,11.02,45.63,4.37,5.28,14.03,0.0,0.1,0.15,0.15
2003-11-25,28.7,20.7,24.13,12.58,53.42,3.74,4.52,15.08,0.0,0.1,0.15,0.15
2003-11-26,27.68,19.19,23.14,9.17,46.8,2.76,3.41,15.58,0.0,0.1,0.15,0.15
2003-11-27,28.22,21.53,24.12,8.02,38.15,2.32,2.81,16.59,0.0,0.09,0.15,0.15
2003-11-28,28.47,20.34,23.91,8.32,39.01,1.68,2.05,15.48,0.0,0.09,0.15,0.15
2003-11-29,29.58,19.56,24.12,12.56,52.13,2.39,3.0,14.69,0.0,0.09,0.15,0.15
2003-11-30,28.87,20.97,24.52,15.14,58.57,2.44,2.98,14.35,0.0,0.09,0.15,0.15
2003-12-01,28.3,21.4,24.54,16.24,61.8,1.44,1.79,14.5,0.0,0.09,0.15,0.15
2003-12-02,27.18,22.68,24.37,16.96,64.12,2.34,2.86,9.64,0.06,0.09,0.15,0.15
2003-12-03,28.51,21.35,24.52,16.66,62.97,2.15,2.58,8.71,0.12,0.09,0.15,0.15
2003-12-04,27.96,21.97,24.38,16.18,61.11,1.66,2.03,8.04,0.0,0.1,0.15,0.15
2003-12-05,29.4,22.67,25.46,16.22,59.56,2.7,3.31,11.89,0.03,0.1,0.15,0.15
2003-12-06,31.02,20.87,25.38,16.45,63.45,3.18,3.93,14.7,0.0,0.1,0.15,0.15
2003-12-07,26.61,22.22,23.97,18.03,70.0,4.21,4.96,9.82,4.6,0.17,0.15,0.15
2003-12-08,24.95,20.53,22.73,15.14,62.77,4.73,5.7,12.59,0.0,0.17,0.16,0.16
2003-12-09,25.27,19.45,21.87,13.04,58.31,2.98,3.73,15.53,0.0,0.14,0.16,0.16
2003-12-10,25.02,19.42,21.86,14.27,62.67,3.42,4.21,15.29,0.0,0.13,0.16,0.16
2003-12-11,26.13,21.02,23.31,16.17,65.09,5.6,6.87,14.96,0.0,0.13,0.16,0.16
2003-12-12,23.36,18.95,21.34,11.44,55.44,5.21,6.31,7.77,0.4,0.14,0.16,0.16
2003-12-13,22.68,16.76,19.45,8.01,48.64,4.15,5.0,9.15,0.0,0.14,0.16,0.16
2003-12-14,22.95,16.51,19.29,9.16,52.97,3.34,4.08,12.87,0.19,0.14,0.16,0.16
2003-12-15,22.95,15.23,18.79,7.4,49.73,2.32,2.88,14.98,0.0,0.13,0.16,0.16
2003-12-16,23.37,15.53,19.32,7.66,48.37,1.65,2.1,14.15,0.0,0.13,0.16,0.16
2003-12-17,23.55,18.69,20.6,15.43,73.04,3.28,4.02,11.34,0.0,0.12,0.15,0.16
2003-12-18,23.79,18.62,20.77,14.22,66.68,2.01,2.38,13.75,0.0,0.12,0.15,0.16
2003-12-19,25.11,17.88,21.08,11.89,57.98,0.95,1.14,14.36,0.0,0.12,0.15,0.16
2003-12-20,26.1,17.67,21.35,14.54,68.18,2.03,2.52,14.04,0.0,0.12,0.15,0.16
2003-12-21,24.64,18.21,20.83,14.1,67.46,1.93,2.32,14.2,0.0,0.12,0.15,0.16
2003-12-22,24.39,18.74,21.23,16.98,77.41,3.14,3.88,13.4,0.0,0.11,0.15,0.16
2003-12-23,26.67,18.95,22.26,13.88,61.93,1.94,2.44,13.41,0.0,0.11,0.15,0.16
2003-12-24,26.4,18.27,21.7,13.06,59.59,2.31,2.87,13.58,0.0,0.11,0.15,0.16
2003-12-25,24.68,19.31,21.38,14.56,66.6,4.41,5.43,14.61,0.0,0.11,0.15,0.16
2003-12-26,25.62,18.25,21.4,11.11,54.67,3.29,4.02,14.25,0.0,0.11,0.15,0.16
2003-12-27,26.28,18.01,21.49,10.67,52.4,3.24,4.03,12.97,0.0,0.11,0.15,0.16
2003-12-28,25.98,18.26,21.82,14.27,64.11,2.86,3.54,12.8,0.0,0.11,0.15,0.16
2003-12-29,25.21,19.11,21.79,13.4,61.08,2.09,2.63,13.38,0.0,0.11,0.15,0.16
2003-12-30,24.74,19.5,21.67,17.31,77.33,3.11,3.79,13.23,0.04,0.11,0.15,0.16
2003-12-31,24.61,19.12,21.2,15.22,69.77,3.48,4.29,13.02,0.0,0.11,0.15,0.16
2004-01-01,24.2,18.53,20.85,12.27,59.54,1.29,1.55,14.59,0.0,0.11,0.15,0.16
2004-01-02,25.27,17.27,20.83,13.58,64.9,2.19,2.73,14.28,0.0,0.11,0.15,0.15
2004-01-03,25.93,17.89,21.65,14.01,65.76,2.59,3.24,13.51,0.01,0.11,0.15,0.15
2004-01-04,25.31,19.25,21.7,15.03,66.94,2.14,2.65,7.61,0.45,0.12,0.15,0.16
2004-01-05,25.45,19.92,22.12,15.57,67.24,2.01,2.38,13.51,0.03,0.13,0.15,0.16
2004-01-06,26.52,18.68,22.2,14.91,65.92,1.62,1.96,14.45,0.0,0.13,0.15,0.16
2004-01-07,28.26,19.85,23.55,16.79,68.86,3.95,4.85,13.58,0.02,0.12,0.15,0.16
2004-01-08,27.43,20.56,23.37,17.28,71.05,3.93,4.75,12.46,0.0,0.12,0.15,0.16
2004-01-09,26.02,20.64,23.01,17.56,72.49,3.01,3.6,13.21,0.08,0.12,0.15,0.16
2004-01-10,27.96,19.96,23.53,17.16,69.72,3.3,3.98,13.83,0.0,0.12,0.15,0.16
2004-01-11,26.62,20.16,23.1,16.41,67.98,2.95,3.6,13.76,0.0,0.12,0.15,0.16
2004-01-12,26.81,20.41,23.41,14.4,58.6,1.99,2.5,13.61,0.0,0.12,0.15,0.16
2004-01-13,27.81,20.99,23.97,13.65,54.47,2.29,2.85,15.09,0.0,0.12,0.15,0.16
2004-01-14,26.44,20.55,23.46,14.07,56.96,2.74,3.44,8.3,0.04,0.12,0.15,0.16
2004-01-15,23.8,19.94,21.55,15.66,69.89,4.16,4.98,12.85,2.23,0.17,0.16,0.16
2004-01-16,23.23,18.71,20.6,9.69,50.48,4.36,5.34,16.27,0.04,0.17,0.16,0.16
2004-01-17,24.86,18.0,21.12,9.53,48.46,1.55,1.91,13.81,0.0,0.15,0.16,0.16
2004-01-18,22.72,18.24,20.08,13.22,65.35,2.69,3.26,9.68,0.15,0.15,0.16,0.16
2004-01-19,21.97,17.81,19.77,14.45,72.08,4.17,5.08,12.37,1.33,0.18,0.16,0.16
2004-01-20,22.48,18.19,20.02,11.59,59.2,5.46,6.61,15.21,0.06,0.18,0.16,0.16
2004-01-21,20.96,17.78,19.11,11.68,62.57,2.3,2.8,11.16,2.47,0.21,0.16,0.16
2004-01-22,22.45,16.8,19.23,8.95,52.55,1.28,1.53,16.73,0.0,0.2,0.16,0.16
2004-01-23,23.74,17.64,20.13,9.77,52.4,1.68,1.95,14.81,0.0,0.17,0.16,0.16
2004-01-24,24.99,17.94,21.05,10.77,55.23,2.37,2.9,15.69,0.0,0.16,0.16,0.16
2004-01-25,26.9,18.99,22.37,13.57,59.34,2.66,3.34,15.06,0.02,0.15,0.16,0.16
2004-01-26,27.45,19.11,23.1,15.9,66.22,2.93,3.6,13.93,0.16,0.14,0.16,0.16
2004-01-27,21.78,17.91,20.28,14.79,71.09,5.86,7.06,7.77,8.56,0.26,0.17,0.17
2004-01-28,21.35,16.85,19.1,10.39,57.46,6.77,8.2,16.65,0.01,0.22,0.18,0.18
2004-01-29,21.8,17.03,19.28,8.63,50.67,4.94,5.97,17.59,0.0,0.19,0.18,0.18
2004-01-30,22.92,17.8,19.67,8.24,48.08,1.63,1.91,17.44,0.0,0.18,0.17,0.18
2004-01-31,23.33,16.65,19.51,8.3,49.81,1.58,1.92,17.74,0.0,0.17,0.17,0.18
2004-02-01,24.2,17.65,20.1,10.77,57.21,1.56,1.88,17.75,0.0,0.16,0.17,0.18
2004-02-02,25.64,15.55,20.63,11.63,59.73,2.76,3.46,16.82,0.0,0.15,0.17,0.17
2004-02-03,25.69,17.12,20.91,12.05,59.46,2.25,2.79,17.23,0.0,0.15,0.17,0.17
2004-02-04,25.23,18.92,21.44,14.29,65.39,2.54,3.04,16.44,0.0,0.14,0.17,0.17
2004-02-05,26.48,19.31,22.22,13.85,61.4,1.91,2.37,15.72,0.0,0.14,0.17,0.17
2004-02-06,28.97,19.31,23.64,11.73,49.99,1.95,2.5,17.96,0.0,0.13,0.17,0.17
2004-02-07,24.38,18.93,21.29,13.25,61.07,6.01,7.25,12.97,0.0,0.13,0.17,0.17
2004-02-08,21.49,18.0,19.55,9.71,54.19,7.42,8.99,19.22,0.0,0.13,0.17,0.17
2004-02-09,25.02,18.06,20.68,10.14,53.16,2.62,3.26,18.66,0.0,0.12,0.17,0.17
2004-02-10,25.51,17.68,20.76,9.94,52.1,1.69,2.07,18.21,0.0,0.12,0.17,0.17
2004-02-11,26.78,16.83,21.25,8.69,48.61,1.54,1.93,18.36,0.0,0.12,0.17,0.17
2004-02-12,25.95,16.33,20.78,8.84,49.42,2.03,2.49,18.57,0.0,0.11,0.17,0.17
2004-02-13,26.02,17.94,21.46,10.69,52.71,1.56,1.86,18.57,0.0,0.11,0.17,0.17
2004-02-14,28.73,18.75,22.98,12.91,55.73,1.86,2.35,18.45,0.0,0.11,0.17,0.17
2004-02-15,28.13,18.22,22.69,12.16,54.03,2.59,3.22,19.58,0.0,0.11,0.17,0.17
2004-02-16,24.53,18.64,21.18,14.92,68.27,4.21,5.05,17.88,0.0,0.11,0.17,0.17
2004-02-17,24.01,18.22,20.62,13.03,63.43,5.69,6.88,18.56,0.0,0.11,0.17,0.17
2004-02-18,24.21,18.12,20.58,13.75,66.56,5.29,6.44,19.2,0.0,0.11,0.17,0.17
2004-02-19,25.13,17.57,20.81,14.4,69.7,4.04,4.95,16.87,0.0,0.11,0.17,0.17
2004-02-20,26.14,19.05,21.72,14.12,65.23,2.95,3.57,15.28,0.0,0.11,0.17,0.17
2004-02-21,26.46,19.27,22.05,14.06,65.3,2.34,2.88,17.91,0.0,0.11,0.16,0.17
2004-02-22,28.8,18.87,23.14,11.27,50.5,1.5,1.83,18.69,0.0,0.11,0.16,0.17
2004-02-23,29.65,21.48,24.85,11.61,45.9,2.11,2.67,18.45,0.0,0.11,0.16,0.17
2004-02-24,25.21,19.55,22.07,16.32,71.55,3.87,4.59,18.89,0.0,0.11,0.16,0.17
2004-02-25,24.65,18.92,21.2,14.0,65.05,6.0,7.23,20.35,0.0,0.11,0.16,0.17
2004-02-26,23.61,18.32,20.75,13.09,62.83,5.75,6.92,21.06,0.0,0.11,0.16,0.17
2004-02-27,26.74,17.96,21.45,14.01,65.57,2.15,2.64,20.52,0.0,0.1,0.16,0.17
2004-02-28,27.41,18.84,22.05,13.33,61.9,2.22,2.71,20.25,0.0,0.1,0.16,0.17
2004-02-29,27.67,18.19,22.07,14.11,66.58,1.82,2.21,20.55,0.0,0.1,0.16,0.17
2004-03-01,28.07,19.38,22.87,13.6,60.78,1.68,2.01,20.78,0.0,0.1,0.16,0.17
2004-03-02,27.72,18.99,22.43,15.02,69.06,2.36,2.8,21.59,0.0,0.1,0.16,0.17
2004-03-03,27.77,17.52,22.08,14.45,68.49,3.07,3.66,21.93,0.0,0.1,0.16,0.17
2004-03-04,27.02,17.65,22.12,15.47,70.28,2.21,2.61,20.78,0.0,0.1,0.16,0.16
2004-03-05,33.46,19.47,25.88,11.74,49.58,1.62,2.12,20.54,0.0,0.1,0.16,0.16
2004-03-06,32.07,21.38,26.27,6.76,32.09,1.63,2.11,22.27,0.0,0.09,0.16,0.16
2004-03-07,31.2,21.39,25.97,8.69,39.36,1.78,2.17,21.95,0.0,0.09,0.16,0.16
2004-03-08,29.51,19.99,24.27,15.79,64.95,3.16,3.77,19.83,0.0,0.09,0.16,0.16
2004-03-09,30.16,20.31,24.52,18.08,72.36,2.81,3.42,21.39,0.0,0.09,0.16,0.16
2004-03-10,31.8,20.43,25.13,16.45,66.16,1.75,2.08,22.11,0.0,0.09,0.16,0.16
2004-03-11,29.74,20.12,24.6,18.4,73.0,2.14,2.56,21.38,0.0,0.09,0.16,0.16
2004-03-12,32.12,20.74,25.7,17.17,65.95,1.97,2.35,21.98,0.0,0.09,0.16,0.16
2004-03-13,32.67,22.33,27.16,11.56,42.48,2.77,3.49,22.17,0.0,0.09,0.16,0.16
2004-03-14,33.02,22.74,28.0,8.04,31.25,5.33,6.71,20.43,0.01,0.09,0.16,0.16
2004-03-15,32.33,22.61,27.73,12.48,41.97,6.07,7.46,15.86,0.0,0.08,0.16,0.16
2004-03-16,25.31,20.33,22.71,12.5,55.86,6.74,8.0,20.65,0.0,0.08,0.16,0.16
2004-03-17,23.59,19.96,21.36,12.78,58.63,5.08,6.03,13.42,0.04,0.08,0.16,0.16
2004-03-18,28.7,19.74,23.88,12.28,50.47,2.17,2.64,17.39,0.0,0.09,0.16,0.16
2004-03-19,31.98,22.63,27.08,12.82,43.78,2.38,3.16,21.74,0.0,0.09,0.16,0.16
2004-03-20,30.2,22.19,25.84,12.84,47.27,3.28,4.06,21.57,0.0,0.09,0.16,0.16
2004-03-21,26.68,20.95,23.24,14.2,59.46,6.09,7.24,18.6,0.0,0.09,0.16,0.16
2004-03-22,25.04,20.29,22.4,12.15,53.49,5.75,6.85,23.45,0.0,0.09,0.16,0.16
2004-03-23,28.7,19.81,23.73,10.78,49.28,2.83,3.43,23.64,0.0,0.09,0.16,0.16
2004-03-24,29.59,19.17,23.69,10.18,53.62,2.82,3.54,24.96,0.0,0.08,0.16,0.16
2004-03-25,28.68,19.1,23.23,13.44,60.13,2.76,3.34,25.54,0.0,0.08,0.16,0.16
2004-03-26,29.26,18.89,23.5,12.97,60.08,2.72,3.27,25.33,0.0,0.08,0.16,0.16
2004-03-27,29.81,19.84,24.32,12.15,52.0,2.49,2.92,24.04,0.0,0.08,0.16,0.16
2004-03-28,30.44,21.08,25.25,15.07,57.99,2.87,3.42,23.2,0.0,0.08,0.16,0.16
2004-03-29,30.88,21.43,25.45,16.86,65.8,2.65,3.25,24.18,0.0,0.08,0.16,0.16
2004-03-30,31.16,21.26,25.83,17.61,66.63,3.6,4.32,21.98,0.0,0.08,0.16,0.16
2004-03-31,31.79,23.06,27.25,15.14,53.29,3.24,3.97,24.29,0.0,0.08,0.16,0.16
2004-04-01,33.83,23.52,27.92,11.98,42.53,4.83,5.95,20.29,0.02,0.08,0.15,0.16
2004-04-02,30.04,22.59,25.87,15.2,56.83,4.38,5.24,22.57,0.0,0.08,0.15,0.16
2004-04-03,30.32,21.9,25.8,10.68,43.52,2.95,3.52,25.09,0.0,0.08,0.15,0.16
2004-04-04,34.41,23.42,28.78,8.75,30.57,2.74,3.45,22.66,0.0,0.08,0.15,0.16
2004-04-05,33.75,25.82,29.58,17.28,48.8,3.07,3.92,22.58,0.03,0.08,0.15,0.16
2004-04-06,30.91,23.65,27.11,18.65,61.49,4.11,4.85,24.02,0.0,0.08,0.15,0.16
2004-04-07,31.09,22.74,26.36,16.7,60.07,5.04,6.01,22.12,0.0,0.08,0.15,0.16
2004-04-08,31.86,22.54,26.75,17.76,63.44,4.54,5.44,24.16,0.0,0.08,0.15,0.16
2004-04-09,31.69,22.82,26.84,17.98,62.13,3.86,4.61,15.99,0.0,0.08,0.15,0.16
2004-04-10,31.52,23.6,26.32,16.26,57.13,3.59,4.25,14.76,0.16,0.08,0.15,0.16
2004-04-11,29.65,23.11,26.26,16.79,58.15,2.84,3.29,22.32,0.0,0.08,0.15,0.16
2004-04-12,30.45,23.7,26.61,18.78,65.12,3.2,3.73,16.97,0.0,0.08,0.15,0.16
2004-04-13,30.77,24.01,26.76,19.08,66.12,3.38,3.92,14.86,0.0,0.08,0.15,0.16
2004-04-14,30.25,23.65,26.5,17.99,62.0,4.42,5.21,22.73,0.0,0.08,0.15,0.16
2004-04-15,30.49,23.4,26.69,16.3,57.49,6.07,7.26,24.92,0.0,0.08,0.15,0.15
2004-04-16,31.34,22.94,26.59,15.59,55.66,4.16,5.0,26.18,0.0,0.08,0.15,0.15
2004-04-17,33.72,21.97,27.23,11.91,43.84,4.23,5.08,26.62,0.0,0.08,0.15,0.15
2004-04-18,27.6,22.7,24.78,13.54,51.18,7.32,8.7,23.28,0.04,0.07,0.15,0.15
2004-04-19,27.34,21.26,24.06,13.59,54.28,5.75,6.81,25.47,0.0,0.08,0.15,0.15
2004-04-20,32.6,20.93,26.45,13.0,47.4,2.31,2.83,18.49,0.0,0.08,0.15,0.15
2004-04-21,33.51,24.78,29.13,12.7,38.66,2.86,3.62,21.83,0.0,0.07,0.15,0.15
2004-04-22,34.83,22.17,28.05,16.0,54.74,2.4,2.96,25.92,0.0,0.07,0.15,0.15
2004-04-23,38.62,25.09,30.83,10.44,33.07,1.94,2.63,25.17,0.0,0.07,0.15,0.15
2004-04-24,36.07,26.48,30.38,12.13,37.12,2.51,3.19,24.42,0.0,0.06,0.15,0.15
2004-04-25,35.22,24.34,29.74,16.42,49.08,3.03,3.67,23.53,0.0,0.06,0.15,0.15
2004-04-26,36.11,26.09,30.31,18.99,55.57,2.3,2.73,25.55,0.02,0.06,0.15,0.15
2004-04-27,35.71,25.66,30.21,18.72,54.78,3.54,4.2,25.64,0.0,0.06,0.15,0.15
2004-04-28,34.87,25.66,29.54,19.71,60.15,5.46,6.49,25.95,0.0,0.06,0.15,0.15
2004-04-29,38.35,23.55,31.03,14.01,46.36,3.14,4.04,24.44,0.0,0.07,0.15,0.15
2004-04-30,37.85,26.38,31.86,11.34,31.19,3.64,4.68,22.74,0.01,0.06,0.15,0.15
2004-05-01,37.08,27.36,31.31,14.99,39.98,3.22,3.94,16.26,0.0,0.06,0.15,0.15
2004-05-02,36.19,28.63,32.4,13.64,34.85,1.51,1.92,25.08,0.0,0.06,0.15,0.15
2004-05-03,36.4,26.77,31.36,14.34,39.03,1.96,2.34,25.59,0.0,0.06,0.15,0.15
2004-05-04,36.41,27.52,31.68,14.82,39.41,1.93,2.27,26.36,0.0,0.06,0.15,0.15
2004-05-05,37.47,28.77,32.54,13.33,34.33,1.8,2.12,25.87,0.0,0.06,0.15,0.15
2004-05-06,33.98,25.75,29.31,17.19,53.48,6.28,7.51,25.54,0.0,0.06,0.15,0.15
2004-05-07,34.33,24.63,28.51,18.75,59.13,3.68,4.37,27.55,0.0,0.06,0.15,0.15
2004-05-08,35.54,23.51,29.02,18.79,61.07,2.37,2.82,26.79,0.0,0.06,0.15,0.15
2004-05-09,37.25,25.51,31.23,16.32,47.38,1.52,1.89,27.07,0.0,0.06,0.15,0.15
2004-05-10,36.57,27.13,31.43,12.94,36.13,2.45,2.92,27.55,0.0,0.06,0.15,0.15
2004-05-11,36.69,26.1,31.16,15.1,43.43,1.78,2.06,27.49,0.0,0.06,0.15,0.15
2004-05-12,37.32,28.33,32.3,12.16,33.39,2.02,2.4,28.18,0.0,0.06,0.15,0.15
2004-05-13,38.13,28.55,33.22,9.01,25.26,2.98,3.71,27.29,0.02,0.05,0.15,0.15
2004-05-14,32.81,25.58,28.75,18.07,56.83,6.24,7.44,26.91,0.03,0.06,0.15,0.15
2004-05-15,31.01,24.54,27.46,17.37,56.39,5.74,6.78,26.28,0.0,0.06,0.15,0.15
2004-05-16,34.03,23.46,28.79,15.33,49.38,3.29,3.96,26.22,0.0,0.06,0.15,0.15
2004-05-17,35.5,24.94,29.82,17.8,54.33,4.07,4.9,25.87,0.0,0.06,0.15,0.15
2004-05-18,35.35,25.78,29.95,19.82,61.87,5.24,6.23,27.19,0.0,0.06,0.15,0.15
2004-05-19,40.38,24.85,31.2,18.7,58.84,2.76,3.31,27.2,0.0,0.06,0.15,0.15
2004-05-20,41.28,24.98,32.27,16.54,50.4,1.95,2.31,27.52,0.0,0.05,0.15,0.15
2004-05-21,39.62,26.74,32.82,16.39,45.8,1.82,2.17,27.27,0.0,0.05,0.15,0.15
2004-05-22,39.81,28.78,33.47,14.72,38.03,1.79,2.08,27.65,0.0,0.05,0.15,0.15
2004-05-23,39.83,27.77,33.0,18.67,50.45,2.35,2.78,28.05,0.0,0.05,0.15,0.15
2004-05-24,39.05,27.15,32.34,20.49,57.52,4.41,5.21,27.51,0.0,0.05,0.15,0.15
2004-05-25,37.36,27.17,31.61,19.91,56.89,5.63,6.67,27.7,0.0,0.05,0.15,0.15
2004-05-26,37.38,26.28,31.1,19.94,59.27,5.18,6.13,28.38,0.0,0.05,0.15,0.15
2004-05-27,37.06,26.57,32.04,18.9,51.82,2.67,3.21,27.46,0.0,0.05,0.15,0.15
2004-05-28,41.96,28.31,34.89,16.69,38.73,1.97,2.55,26.75,0.0,0.05,0.15,0.15
2004-05-29,39.99,29.65,34.62,18.81,42.8,4.35,5.27,25.57,0.01,0.05,0.15,0.15
2004-05-30,37.4,28.12,33.04,18.97,46.59,4.6,5.49,26.44,0.0,0.05,0.15,0.15
2004-05-31,34.45,25.83,30.09,18.52,57.49,4.56,5.36,27.81,0.0,0.05,0.15,0.15
2004-06-01,37.03,24.84,31.01,16.89,49.8,2.61,3.08,28.72,0.0,0.05,0.15,0.15
2004-06-02,39.17,27.97,33.15,16.32,41.32,2.39,2.91,28.69,0.0,0.05,0.15,0.15
2004-06-03,37.63,27.2,32.01,18.5,51.37,2.73,3.17,28.38,0.0,0.05,0.15,0.15
2004-06-04,37.83,27.03,31.82,21.84,61.7,2.75,3.19,27.48,0.0,0.05,0.15,0.15
2004-06-05,39.36,27.3,32.6,20.2,56.7,2.84,3.33,28.6,0.0,0.05,0.15,0.15
2004-06-06,39.01,28.09,33.03,20.61,56.06,3.02,3.55,28.48,0.0,0.05,0.15,0.15
2004-06-07,39.3,28.6,33.19,21.69,59.41,2.62,3.07,28.62,0.0,0.05,0.15,0.15
2004-06-08,38.97,28.34,33.02,18.03,48.19,2.47,2.92,28.72,0.0,0.05,0.15,0.15
2004-06-09,38.16,27.85,32.65,19.04,51.78,2.82,3.31,27.84,0.0,0.05,0.15,0.15
2004-06-10,37.9,26.84,32.35,19.58,55.07,2.09,2.45,28.19,0.0,0.05,0.15,0.15
2004-06-11,41.03,28.96,34.15,17.65,44.17,2.17,2.52,27.35,0.0,0.05,0.15,0.15
2004-06-12,40.11,29.2,33.8,21.45,54.79,2.61,3.04,27.82,0.0,0.05,0.15,0.15
2004-06-13,39.46,27.92,32.89,22.19,60.31,3.88,4.54,27.73,0.0,0.05,0.15,0.15
2004-06-14,35.83,27.86,31.46,21.65,59.74,4.5,5.23,27.69,0.0,0.05,0.15,0.15
2004-06-15,36.32,27.8,31.94,17.5,48.37,3.78,4.51,27.06,0.0,0.05,0.15,0.15
2004-06-16,38.38,27.61,32.75,15.79,43.85,3.21,3.86,27.26,0.0,0.05,0.15,0.15
2004-06-17,36.47,27.45,32.11,21.17,59.9,3.92,4.62,27.77,0.0,0.05,0.15,0.15
2004-06-18,36.28,28.49,31.95,23.0,62.3,4.69,5.54,27.63,0.0,0.05,0.15,0.15
2004-06-19,36.53,28.53,32.47,20.86,55.83,5.43,6.51,27.78,0.0,0.05,0.15,0.15
2004-06-20,39.04,28.54,34.33,12.21,30.2,2.19,2.77,27.79,0.0,0.05,0.15,0.15
2004-06-21,41.92,30.73,36.09,12.31,27.12,2.31,3.08,27.83,0.0,0.04,0.15,0.15
2004-06-22,42.01,32.45,36.86,13.26,27.32,2.2,2.86,27.39,0.0,0.04,0.15,0.15
2004-06-23,40.28,31.18,36.17,15.43,33.93,2.84,3.33,27.27,0.0,0.04,0.15,0.15
2004-06-24,39.18,30.17,34.01,22.31,54.41,3.35,3.88,26.41,0.0,0.04,0.15,0.15
2004-06-25,39.43,30.14,34.38,20.34,47.74,2.62,3.02,26.36,0.0,0.04,0.15,0.15
2004-06-26,40.26,30.8,34.81,19.02,45.91,3.19,3.72,25.21,0.0,0.04,0.14,0.15
2004-06-27,39.5,30.1,34.24,21.3,52.54,5.08,6.01,25.0,0.0,0.04,0.14,0.15
2004-06-28,38.65,28.72,33.0,23.25,61.73,4.81,5.6,26.95,0.0,0.04,0.14,0.15
2004-06-29,37.93,29.66,33.69,19.73,49.18,4.8,5.78,28.79,0.0,0.04,0.14,0.15
2004-06-30,37.69,28.45,33.08,18.19,47.46,4.2,5.04,28.2,0.0,0.04,0.14,0.15
2004-07-01,37.89,28.17,33.1,20.58,52.98,2.67,3.1,28.21,0.0,0.04,0.14,0.15
2004-07-02,40.55,29.62,34.44,20.36,48.69,2.03,2.36,27.67,0.0,0.04,0.14,0.15
2004-07-03,39.94,29.9,34.5,19.51,46.52,2.23,2.54,27.78,0.0,0.04,0.14,0.15
2004-07-04,39.8,29.32,34.1,21.64,54.37,3.36,3.89,27.75,0.0,0.04,0.14,0.15
2004-07-05,38.97,29.04,33.76,21.35,55.74,2.93,3.42,27.66,0.02,0.04,0.14,0.15
2004-07-06,41.58,30.19,35.72,21.73,48.35,1.95,2.39,25.91,0.01,0.04,0.14,0.15
2004-07-07,40.0,30.75,35.56,22.86,49.77,1.83,2.23,25.66,4.81,0.16,0.15,0.15
2004-07-08,41.17,30.27,35.98,22.76,49.81,2.5,3.02,25.6,0.39,0.13,0.15,0.15
2004-07-09,42.73,32.23,37.59,22.78,45.42,1.98,2.38,24.75,0.0,0.11,0.15,0.15
2004-07-10,41.48,33.88,37.53,21.31,41.08,3.19,3.81,25.36,0.0,0.1,0.15,0.15
2004-07-11,41.83,34.01,37.72,20.88,39.67,3.52,4.22,23.62,0.0,0.09,0.15,0.15
2004-07-12,41.12,33.95,37.09,20.49,39.65,4.07,4.82,24.66,0.0,0.09,0.15,0.15
2004-07-13,39.89,32.16,35.85,21.51,46.21,4.15,4.86,25.46,0.0,0.08,0.15,0.15
2004-07-14,38.28,30.11,34.01,22.5,59.06,3.91,4.53,27.64,0.0,0.08,0.15,0.15
2004-07-15,38.34,29.77,34.0,22.71,55.23,1.99,2.27,27.05,0.0,0.08,0.15,0.15
2004-07-16,42.77,31.6,36.87,19.22,40.85,2.23,2.71,27.6,0.0,0.07,0.15,0.15
2004-07-17,42.48,31.36,37.11,18.77,41.97,2.15,2.66,24.4,0.0,0.07,0.15,0.15
2004-07-18,41.99,32.7,37.41,16.93,32.7,3.18,4.01,27.75,0.0,0.07,0.15,0.15
2004-07-19,42.36,31.87,37.37,16.25,31.7,2.83,3.66,27.2,0.0,0.06,0.15,0.15
2004-07-20,42.47,31.85,37.17,14.92,29.55,2.29,2.95,27.68,0.0,0.06,0.15,0.15
2004-07-21,42.27,30.42,36.45,19.41,40.78,2.29,2.79,26.71,0.0,0.06,0.15,0.15
2004-07-22,40.93,31.46,35.51,20.39,44.99,2.6,3.08,26.65,0.0,0.06,0.15,0.15
2004-07-23,39.23,30.64,34.59,20.47,47.57,2.08,2.38,26.26,0.0,0.06,0.15,0.15
2004-07-24,39.87,30.89,35.26,20.29,44.57,1.89,2.19,25.92,0.0,0.06,0.15,0.15
2004-07-25,40.86,31.21,35.5,23.1,51.21,2.42,2.84,25.26,0.0,0.06,0.15,0.15
2004-07-26,40.97,30.99,35.84,24.11,53.42,4.08,4.81,24.38,0.0,0.06,0.15,0.15
2004-07-27,40.78,31.44,35.88,23.88,52.47,3.08,3.55,24.02,0.0,0.06,0.15,0.15
2004-07-28,39.58,32.8,36.11,24.55,53.18,2.11,2.46,24.44,0.0,0.06,0.15,0.15
2004-07-29,40.31,31.98,35.74,24.28,53.98,3.68,4.3,24.4,0.0,0.06,0.15,0.15
2004-07-30,39.24,30.25,34.21,23.97,57.5,5.43,6.36,23.82,0.01,0.06,0.15,0.15
2004-07-31,38.54,30.23,34.36,22.98,53.38,3.31,3.81,24.47,0.02,0.06,0.15,0.15
2004-08-01,38.13,31.03,34.23,22.75,52.7,3.36,3.82,24.14,0.05,0.06,0.15,0.15
2004-08-02,38.24,32.39,34.63,23.52,53.63,3.48,3.99,22.71,0.01,0.06,0.15,0.15
2004-08-03,37.74,31.41,34.23,22.22,52.12,2.22,2.55,23.83,0.02,0.06,0.15,0.15
2004-08-04,39.87,30.93,35.34,19.01,41.41,1.53,1.8,25.31,0.0,0.06,0.15,0.15
2004-08-05,40.34,32.37,35.95,23.42,51.26,2.44,2.9,24.05,0.0,0.06,0.15,0.15
2004-08-06,40.52,31.7,35.97,22.35,47.62,2.63,3.08,24.1,0.0,0.06,0.15,0.15
2004-08-07,40.58,32.94,36.59,21.72,44.15,1.44,1.77,22.22,0.0,0.06,0.15,0.15
2004-08-08,40.51,32.27,36.33,22.27,46.6,3.53,4.24,23.86,0.0,0.06,0.15,0.15
2004-08-09,40.56,30.63,35.37,23.2,52.29,4.5,5.33,24.82,0.0,0.06,0.15,0.15
2004-08-10,41.63,29.88,35.75,22.02,48.99,2.38,2.81,24.96,0.0,0.06,0.15,0.15
2004-08-11,39.15,31.57,34.64,25.14,60.33,2.62,3.0,23.8,0.0,0.06,0.15,0.15
2004-08-12,35.58,29.97,32.86,25.37,67.64,2.53,2.84,24.67,0.0,0.06,0.15,0.15
2004-08-13,39.32,29.87,34.51,24.73,58.76,2.77,3.25,23.8,0.0,0.06,0.15,0.15
2004-08-14,39.68,30.61,34.57,24.93,59.36,2.76,3.14,24.15,0.0,0.06,0.15,0.15
2004-08-15,38.19,31.65,34.38,25.0,59.6,1.9,2.13,23.88,0.0,0.06,0.15,0.15
2004-08-16,39.0,30.83,34.5,25.48,61.12,2.48,2.81,23.04,0.03,0.06,0.15,0.15
2004-08-17,39.36,30.88,34.75,24.58,57.53,3.76,4.37,23.41,0.06,0.06,0.15,0.15
2004-08-18,39.67,30.2,34.64,24.65,58.24,4.58,5.39,23.19,0.21,0.07,0.15,0.15
2004-08-19,39.69,30.19,34.84,24.15,56.15,4.79,5.61,23.55,0.0,0.08,0.15,0.15
2004-08-20,39.61,30.47,35.1,23.98,54.7,3.01,3.47,23.92,0.0,0.07,0.15,0.15
2004-08-21,40.12,31.89,35.82,23.72,51.6,3.19,3.66,22.53,0.0,0.07,0.15,0.15
2004-08-22,40.59,31.51,35.81,21.26,45.54,3.86,4.5,23.72,0.0,0.07,0.15,0.15
2004-08-23,40.18,30.47,34.93,20.36,45.6,3.72,4.31,24.08,0.0,0.07,0.15,0.15
2004-08-24,39.52,31.46,35.2,20.25,43.58,3.4,4.01,24.19,0.0,0.06,0.15,0.15
2004-08-25,39.03,31.87,35.02,21.33,47.5,3.83,4.51,20.66,0.0,0.06,0.15,0.15
2004-08-26,39.68,31.65,35.02,21.56,48.71,3.94,4.61,23.31,0.0,0.06,0.15,0.15
2004-08-27,39.5,31.17,34.81,18.01,40.1,3.62,4.29,24.13,0.0,0.06,0.15,0.15
2004-08-28,39.06,29.92,34.01,18.64,44.68,3.36,3.99,24.45,0.0,0.06,0.15,0.15
2004-08-29,38.02,29.68,33.49,23.31,59.47,3.32,3.87,23.93,0.0,0.06,0.15,0.15
2004-08-30,35.87,29.51,32.52,24.32,64.19,2.65,3.09,18.43,0.02,0.06,0.15,0.15
2004-08-31,40.51,29.24,33.98,22.09,54.6,1.7,2.01,20.02,0.02,0.06,0.15,0.15
2004-09-01,39.18,30.59,34.64,23.17,53.6,2.32,2.74,21.38,0.01,0.06,0.15,0.15
2004-09-02,39.22,29.5,33.5,22.43,54.66,5.66,6.65,22.58,0.08,0.06,0.15,0.15
2004-09-03,37.84,28.47,32.86,21.93,55.57,4.52,5.25,22.85,0.0,0.07,0.15,0.15
2004-09-04,37.65,29.27,33.05,20.35,49.44,3.65,4.18,23.31,0.0,0.07,0.15,0.15
2004-09-05,37.21,30.24,33.31,21.29,51.66,2.4,2.77,23.85,0.0,0.07,0.15,0.15
2004-09-06,38.74,28.94,33.42,21.78,54.42,3.4,3.99,23.39,0.0,0.07,0.15,0.15
2004-09-07,36.92,27.9,31.56,21.75,59.04,5.74,6.73,23.0,0.0,0.06,0.15,0.15
2004-09-08,36.37,27.44,31.66,20.9,55.26,3.77,4.36,23.23,0.0,0.06,0.15,0.15
2004-09-09,36.26,28.56,32.1,21.22,55.04,2.96,3.44,22.81,0.0,0.06,0.15,0.15
2004-09-10,37.77,28.58,32.55,22.5,59.44,2.78,3.27,22.54,0.0,0.06,0.15,0.15
2004-09-11,36.84,28.53,32.4,23.17,60.96,2.99,3.49,22.3,0.0,0.06,0.15,0.15
2004-09-12,38.12,28.47,33.04,23.93,61.94,1.56,1.83,21.57,0.0,0.06,0.15,0.15
2004-09-13,39.37,28.87,33.59,22.6,55.97,4.84,5.76,21.31,0.02,0.06,0.15,0.15
2004-09-14,37.42,28.52,32.4,22.08,57.36,3.92,4.55,21.62,0.0,0.06,0.15,0.15
2004-09-15,35.48,29.16,31.75,24.31,66.3,4.14,4.89,21.8,0.0,0.06,0.15,0.15
2004-09-16,36.09,29.1,32.06,22.82,60.2,2.5,2.91,22.18,0.0,0.06,0.15,0.15
2004-09-17,37.23,29.02,32.6,22.58,57.43,2.96,3.49,21.36,0.02,0.06,0.15,0.15
2004-09-18,38.7,28.11,32.66,21.71,56.17,3.83,4.51,21.58,0.0,0.06,0.15,0.15
2004-09-19,37.5,28.0,32.4,21.05,54.03,3.26,3.79,21.44,0.0,0.06,0.15,0.15
2004-09-20,38.13,29.37,33.33,21.18,50.98,1.77,2.11,20.81,0.0,0.06,0.15,0.15
2004-09-21,37.9,29.43,33.27,20.4,49.54,2.75,3.33,20.47,0.0,0.06,0.15,0.15
2004-09-22,38.14,29.35,33.32,19.06,46.26,3.27,3.94,20.47,0.0,0.06,0.15,0.15
2004-09-23,37.23,28.62,32.62,19.4,47.97,2.7,3.15,20.93,0.0,0.06,0.15,0.15
2004-09-24,36.84,29.04,32.5,19.67,49.6,2.62,3.09,21.13,0.0,0.06,0.15,0.15
2004-09-25,36.72,28.39,32.31,21.58,57.4,2.56,3.01,21.58,0.0,0.06,0.15,0.15
2004-09-26,37.92,28.74,32.97,19.91,51.74,2.06,2.6,21.77,0.0,0.06,0.15,0.15
2004-09-27,38.09,28.3,32.7,16.94,42.64,1.98,2.48,22.32,0.0,0.06,0.15,0.15
2004-09-28,36.74,26.71,31.51,17.24,46.14,2.04,2.54,21.98,0.0,0.06,0.15,0.15
2004-09-29,36.18,26.88,31.24,17.24,45.95,2.79,3.29,19.0,0.0,0.06,0.15,0.15
2004-09-30,35.77,28.03,31.16,20.31,56.2,2.58,3.08,21.49,0.0,0.06,0.15,0.15
2004-10-01,34.87,27.19,30.44,21.61,63.65,2.25,2.69,20.82,0.0,0.06,0.15,0.15
2004-10-02,34.24,27.13,29.99,24.27,73.59,2.62,3.08,21.02,0.0,0.06,0.15,0.15
2004-10-03,34.02,27.12,29.94,23.81,73.01,2.52,3.0,21.08,0.0,0.06,0.14,0.15
2004-10-04,35.68,25.57,30.19,21.29,65.5,2.09,2.44,21.41,0.01,0.06,0.15,0.15
2004-10-05,35.67,27.6,30.93,21.17,59.9,2.6,3.05,21.17,0.0,0.06,0.14,0.15
2004-10-06,35.49,27.78,30.91,21.47,61.5,2.78,3.31,21.06,0.0,0.06,0.14,0.15
2004-10-07,37.06,27.97,31.46,20.8,59.01,1.63,1.94,20.4,0.0,0.06,0.14,0.15
2004-10-08,38.09,27.44,32.3,18.82,51.95,2.35,2.99,19.87,0.0,0.06,0.14,0.15
2004-10-09,36.07,26.96,30.94,17.18,47.35,4.07,4.92,19.81,0.0,0.06,0.14,0.15
2004-10-10,35.3,26.41,30.56,18.15,51.1,2.73,3.33,19.39,0.0,0.06,0.14,0.15
2004-10-11,35.69,26.95,30.8,18.29,50.47,1.89,2.29,20.16,0.0,0.06,0.14,0.15
2004-10-12,36.17,27.43,30.82,20.06,56.5,2.01,2.37,20.39,0.0,0.06,0.14,0.15
2004-10-13,35.45,26.84,30.33,21.58,63.36,2.27,2.63,19.88,0.0,0.06,0.14,0.15
2004-10-14,34.68,26.39,29.87,20.48,62.01,2.31,2.7,20.01,0.0,0.06,0.14,0.15
2004-10-15,33.94,26.07,29.53,22.7,70.03,2.49,2.98,19.33,0.0,0.06,0.14,0.15
2004-10-16,36.8,26.46,31.16,18.23,50.69,1.46,1.76,18.81,0.0,0.06,0.14,0.15
2004-10-17,36.04,26.43,30.53,16.56,46.81,1.59,1.91,18.81,0.0,0.05,0.14,0.15
2004-10-18,36.33,27.39,30.96,18.72,51.49,1.61,1.91,18.88,0.0,0.05,0.14,0.15
2004-10-19,34.59,26.42,29.74,19.58,57.84,1.88,2.15,18.45,0.03,0.06,0.14,0.15
2004-10-20,33.6,25.1,28.84,19.37,60.3,2.37,2.79,18.2,0.12,0.06,0.15,0.15
2004-10-21,32.83,26.31,29.28,17.43,50.74,1.63,1.92,18.74,0.05,0.06,0.15,0.15
2004-10-22,34.16,26.56,29.82,18.29,53.4,2.09,2.56,16.28,0.17,0.07,0.15,0.15
2004-10-23,34.26,26.15,29.67,19.04,57.41,3.2,3.81,17.61,0.01,0.07,0.15,0.15
2004-10-24,32.38,25.42,28.59,22.04,69.57,3.36,4.01,17.7,0.0,0.07,0.15,0.15
2004-10-25,33.43,24.85,28.82,20.98,66.5,2.5,2.99,17.88,0.0,0.07,0.15,0.15
2004-10-26,34.13,26.74,29.7,18.42,53.94,1.36,1.59,17.84,0.0,0.07,0.15,0.15
2004-10-27,34.46,25.21,29.8,17.24,51.09,1.72,2.06,17.73,0.0,0.07,0.15,0.15
2004-10-28,34.23,26.58,30.11,17.27,48.76,2.19,2.57,17.74,0.0,0.07,0.15,0.15
2004-10-29,32.79,26.87,29.49,17.98,52.59,1.49,1.74,17.72,0.0,0.07,0.15,0.15
2004-10-30,33.54,26.0,29.46,17.72,52.46,2.32,2.78,17.42,0.0,0.07,0.15,0.15
2004-10-31,33.05,25.17,29.0,16.86,52.16,2.71,3.24,17.43,0.0,0.07,0.15,0.15
2004-11-01,33.21,24.91,28.84,13.77,43.16,2.18,2.65,17.54,0.0,0.07,0.15,0.15
2004-11-02,32.84,25.26,28.83,12.76,39.76,1.94,2.36,17.81,0.0,0.07,0.15,0.15
2004-11-03,31.66,25.81,28.32,17.55,54.35,1.84,2.15,17.56,0.0,0.07,0.15,0.15
2004-11-04,31.21,24.44,27.63,15.74,51.45,1.63,1.9,17.85,0.0,0.07,0.15,0.15
2004-11-05,32.38,25.39,28.2,17.78,56.19,1.93,2.22,17.13,0.0,0.07,0.15,0.15
2004-11-06,32.86,24.84,28.34,17.55,56.52,1.46,1.7,16.93,0.0,0.07,0.15,0.15
2004-11-07,33.38,25.09,28.46,14.96,49.53,1.4,1.7,16.83,0.0,0.07,0.15,0.15
2004-11-08,33.13,23.27,27.77,10.7,39.95,1.66,2.11,17.74,0.0,0.06,0.15,0.15
2004-11-09,31.88,23.5,27.31,13.46,45.55,1.88,2.25,17.35,0.0,0.06,0.15,0.15
2004-11-10,30.9,25.37,27.61,18.18,58.65,2.95,3.6,15.94,0.0,0.06,0.15,0.15
2004-11-11,29.82,25.27,26.77,19.02,63.82,2.58,3.07,16.46,0.0,0.06,0.15,0.15
2004-11-12,30.84,25.19,27.35,19.4,63.06,1.63,1.93,15.95,0.02,0.06,0.15,0.15
2004-11-13,30.6,24.58,27.12,18.49,61.41,1.12,1.29,15.9,0.44,0.07,0.15,0.15
2004-11-14,30.4,24.61,26.74,17.71,59.82,1.4,1.62,14.81,0.48,0.1,0.15,0.15
2004-11-15,29.76,24.24,26.57,18.57,62.53,2.55,3.0,15.19,0.48,0.11,0.15,0.15
2004-11-16,27.79,24.2,25.95,17.25,59.34,4.01,4.85,14.12,1.38,0.15,0.15,0.15
2004-11-17,29.28,24.29,26.43,15.61,52.75,3.41,4.18,15.48,0.07,0.15,0.15,0.15
2004-11-18,29.47,23.98,26.42,18.53,62.57,2.0,2.32,14.18,0.0,0.13,0.15,0.15
2004-11-19,31.1,24.27,27.06,19.04,63.57,1.61,1.87,15.67,0.0,0.13,0.15,0.15
2004-11-20,30.85,24.31,26.89,19.44,66.51,1.99,2.32,16.31,0.0,0.12,0.15,0.15
2004-11-21,30.79,23.04,26.51,17.25,59.71,1.92,2.25,15.7,0.0,0.12,0.15,0.15
2004-11-22,31.4,23.55,26.84,18.63,62.84,1.69,1.96,15.65,0.0,0.11,0.15,0.15
2004-11-23,32.79,23.23,27.62,15.65,52.77,1.61,1.99,15.52,0.0,0.11,0.15,0.15
2004-11-24,28.39,23.86,25.81,17.59,60.95,5.29,6.4,13.15,0.02,0.1,0.15,0.15
2004-11-25,27.09,22.86,24.64,15.67,58.01,4.81,5.79,15.74,0.0,0.1,0.15,0.15
2004-11-26,27.34,22.61,24.71,16.33,60.14,3.21,3.94,15.29,0.0,0.1,0.15,0.15
2004-11-27,29.06,23.82,25.8,16.98,59.01,1.67,1.97,14.34,0.0,0.1,0.15,0.15
2004-11-28,28.48,23.62,25.41,18.47,65.85,3.03,3.54,12.85,0.0,0.1,0.15,0.15
2004-11-29,26.48,22.84,24.48,15.8,58.9,5.16,6.19,14.68,0.0,0.1,0.15,0.15
2004-11-30,26.81,22.12,24.16,13.91,53.52,3.83,4.68,14.58,0.0,0.1,0.15,0.15
2004-12-01,27.73,22.03,24.45,15.23,56.97,2.5,3.0,13.97,0.0,0.1,0.15,0.15
2004-12-02,25.92,22.04,23.82,16.65,64.57,4.98,6.03,12.33,0.0,0.1,0.15,0.15
2004-12-03,24.54,20.64,22.25,12.96,56.1,4.2,5.04,12.58,0.0,0.1,0.15,0.15
2004-12-04,26.46,19.76,22.85,12.38,52.36,2.41,2.87,12.42,0.0,0.1,0.15,0.15
2004-12-05,26.73,20.65,23.35,14.19,57.16,2.07,2.58,13.27,0.0,0.1,0.15,0.15
2004-12-06,26.02,22.22,23.4,15.1,60.35,1.87,2.18,12.1,0.0,0.1,0.15,0.15
2004-12-07,26.41,21.58,23.77,16.4,64.03,2.83,3.38,14.05,0.0,0.1,0.15,0.15
2004-12-08,27.35,21.29,23.77,14.78,58.55,1.87,2.3,10.77,0.0,0.1,0.15,0.15
2004-12-09,29.36,20.33,24.66,16.86,64.57,3.61,4.39,13.51,0.02,0.1,0.15,0.15
2004-12-10,26.46,22.39,24.12,16.91,65.12,2.16,2.61,7.45,0.48,0.11,0.15,0.15
2004-12-11,26.11,22.27,23.94,17.64,68.22,2.29,2.68,12.4,1.1,0.15,0.15,0.15
2004-12-12,27.01,21.97,24.08,16.09,61.68,2.28,2.78,13.58,0.0,0.16,0.15,0.15
2004-12-13,29.25,21.78,24.81,16.24,61.11,1.9,2.39,13.47,0.0,0.15,0.15,0.15
2004-12-14,28.3,21.79,24.74,17.08,64.53,2.13,2.68,12.13,0.08,0.14,0.15,0.15
2004-12-15,29.36,21.61,25.01,15.64,60.73,2.79,3.44,13.9,0.0,0.14,0.15,0.15
2004-12-16,29.43,21.95,25.24,14.98,55.35,3.04,3.76,13.02,0.0,0.13,0.15,0.15
2004-12-17,25.47,20.61,22.78,15.62,65.05,5.02,6.0,9.19,0.28,0.14,0.15,0.15
2004-12-18,22.73,18.79,21.03,10.06,50.55,6.64,7.95,14.9,0.0,0.14,0.15,0.15
2004-12-19,23.22,18.31,20.59,9.14,48.2,1.46,1.84,14.19,0.0,0.13,0.15,0.15
2004-12-20,23.64,18.66,20.98,13.98,64.85,3.7,4.42,13.0,0.0,0.13,0.15,0.15
2004-12-21,24.16,20.6,22.08,17.85,77.13,5.54,6.62,8.43,0.02,0.12,0.15,0.15
2004-12-22,24.3,19.21,21.78,14.04,62.21,5.71,6.94,14.31,0.0,0.12,0.15,0.15
2004-12-23,23.54,18.54,20.69,12.17,58.92,3.03,3.75,14.31,0.01,0.12,0.15,0.15
2004-12-24,24.61,18.43,21.64,11.68,54.17,1.47,1.8,13.61,0.0,0.12,0.15,0.15
2004-12-25,28.74,20.22,24.29,17.25,66.54,4.77,5.81,10.2,0.37,0.12,0.15,0.15
2004-12-26,25.12,19.38,22.54,18.08,76.38,6.55,7.82,6.26,4.55,0.19,0.15,0.15
2004-12-27,19.05,15.94,18.27,12.74,70.63,6.39,7.54,5.75,18.01,0.36,0.19,0.18
2004-12-28,19.71,15.95,18.2,11.3,64.61,4.79,5.73,6.35,4.82,0.31,0.21,0.2
2004-12-29,19.47,14.49,16.82,8.49,59.37,4.42,5.33,14.53,0.72,0.26,0.21,0.2
2004-12-30,20.16,14.66,17.03,5.74,48.5,3.27,3.99,15.47,0.0,0.23,0.2,0.2
2004-12-31,21.93,15.44,18.64,10.44,59.66,3.55,4.35,13.0,0.0,0.21,0.2,0.2
2005-01-01,23.18,17.58,19.85,14.46,71.93,2.6,3.22,14.83,0.0,0.2,0.2,0.2
2005-01-02,23.08,17.52,19.92,16.39,80.85,2.9,3.52,14.26,0.0,0.2,0.2,0.2
2005-01-03,25.48,16.18,20.47,10.65,58.76,2.31,2.79,14.85,0.0,0.2,0.19,0.2
2005-01-04,26.44,16.11,20.36,8.04,51.61,3.94,4.91,14.73,0.0,0.19,0.19,0.2
2005-01-05,24.75,17.59,20.6,14.19,69.91,2.25,2.67,13.67,0.0,0.19,0.19,0.2
2005-01-06,26.53,17.04,21.42,10.2,50.49,2.83,3.57,14.91,0.0,0.19,0.19,0.2
2005-01-07,24.07,17.87,20.59,12.85,62.24,4.2,5.14,11.69,0.0,0.19,0.19,0.2
2005-01-08,23.3,18.3,20.34,13.87,67.01,2.93,3.64,13.04,0.0,0.19,0.19,0.19
2005-01-09,24.65,18.45,20.81,13.19,62.97,1.66,2.03,13.88,0.0,0.19,0.19,0.19
2005-01-10,25.88,17.18,21.24,12.95,60.63,1.78,2.26,14.81,0.0,0.19,0.19,0.19
2005-01-11,20.3,17.26,19.03,13.29,69.88,5.65,6.87,3.79,0.39,0.2,0.19,0.19
2005-01-12,20.28,16.62,18.12,10.55,61.99,6.22,7.48,11.52,0.0,0.19,0.19,0.19
2005-01-13,20.89,15.66,18.27,6.85,48.06,2.26,2.81,14.52,0.0,0.19,0.19,0.19
2005-01-14,21.26,15.12,18.16,5.95,46.26,2.85,3.51,15.72,0.0,0.18,0.19,0.19
2005-01-15,21.82,16.4,18.44,7.42,49.53,1.67,2.05,15.58,0.01,0.18,0.19,0.19
2005-01-16,21.42,16.72,18.49,11.56,64.39,2.57,3.12,15.35,0.0,0.18,0.19,0.19
2005-01-17,24.08,16.88,19.8,10.84,57.74,2.57,3.11,16.46,0.0,0.18,0.18,0.19
2005-01-18,24.48,16.95,20.5,10.58,53.92,4.05,4.96,9.72,0.31,0.19,0.18,0.19
2005-01-19,24.31,18.55,21.01,14.07,65.25,4.38,5.26,6.76,2.26,0.23,0.19,0.19
2005-01-20,22.89,18.67,20.09,16.71,81.36,3.41,4.02,7.96,10.37,0.31,0.2,0.2
2005-01-21,22.16,17.0,19.45,11.8,63.16,3.75,4.56,16.71,0.05,0.27,0.21,0.21
2005-01-22,25.02,15.41,19.92,11.26,58.84,4.45,5.31,15.3,0.0,0.23,0.21,0.21
2005-01-23,21.86,18.52,19.83,16.46,81.02,6.04,7.3,2.59,20.12,0.36,0.23,0.23
2005-01-24,21.16,16.2,18.73,11.51,63.27,4.51,5.49,15.8,0.0,0.31,0.24,0.24
2005-01-25,21.16,15.62,18.01,10.8,63.85,5.85,7.16,16.8,0.0,0.27,0.24,0.24
2005-01-26,21.6,16.25,18.98,10.49,58.66,2.64,3.23,16.52,0.0,0.26,0.23,0.24
2005-01-27,22.31,15.38,18.83,9.29,55.28,1.8,2.19,17.22,0.0,0.25,0.23,0.24
2005-01-28,21.24,16.55,18.5,11.08,62.35,3.43,4.16,15.62,0.0,0.25,0.23,0.24
2005-01-29,21.87,16.78,18.92,9.35,54.23,1.72,2.12,17.43,0.0,0.25,0.23,0.24
2005-01-30,23.3,17.66,19.57,10.26,56.27,1.83,2.23,17.41,0.0,0.25,0.23,0.24
2005-01-31,22.63,16.66,19.08,11.02,60.97,2.17,2.58,17.14,0.0,0.24,0.23,0.23
2005-02-01,24.52,16.06,19.7,8.71,51.57,1.33,1.57,17.22,0.0,0.24,0.22,0.23
2005-02-02,25.07,16.88,20.56,9.37,50.74,2.36,2.86,17.92,0.0,0.23,0.22,0.23
2005-02-03,25.07,16.63,20.4,11.62,59.03,4.42,5.43,16.81,0.0,0.23,0.22,0.23
2005-02-04,26.71,17.87,21.86,10.62,51.94,2.82,3.44,16.43,0.0,0.23,0.22,0.23
2005-02-05,22.77,18.0,20.1,14.29,70.88,4.78,5.9,17.31,0.0,0.23,0.22,0.23
2005-02-06,23.13,17.15,19.61,11.32,60.4,5.1,6.32,17.98,0.0,0.23,0.22,0.23
2005-02-07,25.39,17.76,20.79,10.33,53.12,2.14,2.67,15.39,0.0,0.23,0.22,0.23
2005-02-08,21.14,16.92,18.87,11.45,62.96,5.01,6.13,17.62,0.0,0.23,0.22,0.22
2005-02-09,23.0,16.65,19.22,10.03,56.76,2.28,2.81,9.84,0.11,0.23,0.22,0.22
2005-02-10,19.49,15.8,17.57,9.71,60.38,6.7,8.11,17.71,0.0,0.23,0.21,0.22
2005-02-11,19.62,14.38,17.01,7.91,55.86,4.34,5.28,18.56,0.0,0.22,0.21,0.22
2005-02-12,24.42,16.09,19.97,10.56,56.02,2.51,3.03,14.99,0.02,0.22,0.21,0.22
2005-02-13,26.0,18.95,22.6,17.56,73.67,3.21,4.04,11.0,11.73,0.32,0.22,0.23
2005-02-14,21.29,17.17,19.68,14.63,73.2,4.18,5.05,11.07,0.47,0.3,0.23,0.24
2005-02-15,23.47,16.41,19.0,10.83,60.24,2.89,3.55,5.01,0.14,0.27,0.23,0.24
2005-02-16,21.78,16.45,18.48,13.52,73.35,3.78,4.46,10.0,0.23,0.27,0.23,0.24
2005-02-17,22.68,17.11,19.47,12.07,63.13,1.34,1.55,19.11,0.0,0.26,0.23,0.24
2005-02-18,23.15,15.83,19.46,10.38,56.65,2.69,3.21,18.88,0.0,0.25,0.23,0.23
2005-02-19,23.62,16.12,19.39,9.35,53.86,2.49,3.09,19.25,0.0,0.24,0.22,0.23
2005-02-20,24.61,15.9,19.59,10.43,57.88,1.48,1.83,18.5,0.0,0.23,0.22,0.23
2005-02-21,26.95,16.44,21.28,13.42,65.25,2.51,3.16,18.82,0.0,0.23,0.22,0.23
2005-02-22,27.12,18.36,22.49,15.59,67.39,3.89,4.79,16.02,0.0,0.23,0.22,0.23
2005-02-23,25.02,20.3,22.25,17.54,75.51,2.68,3.28,9.01,0.05,0.23,0.22,0.23
2005-02-24,25.93,19.22,21.87,17.17,75.51,2.02,2.43,9.42,0.07,0.24,0.22,0.23
2005-02-25,24.76,18.85,21.31,15.2,69.26,1.31,1.57,6.9,0.79,0.24,0.22,0.23
2005-02-26,25.78,19.59,22.36,17.04,72.85,3.16,3.8,12.04,0.34,0.25,0.22,0.23
2005-02-27,27.24,20.27,23.46,17.59,70.94,2.54,3.13,17.13,3.06,0.28,0.22,0.23
2005-02-28,24.57,20.94,22.55,17.8,75.14,1.94,2.4,18.96,3.35,0.32,0.23,0.23
2005-03-01,24.5,19.39,21.37,15.91,72.23,3.56,4.25,9.1,6.11,0.33,0.23,0.24
2005-03-02,23.06,19.19,20.81,15.04,70.25,7.62,9.19,19.51,1.32,0.31,0.24,0.24
2005-03-03,24.02,17.5,20.42,13.72,66.79,3.94,4.76,20.91,0.33,0.27,0.23,0.24
2005-03-04,26.83,16.22,21.02,10.93,57.97,1.73,2.21,21.32,0.01,0.26,0.23,0.24
2005-03-05,25.69,18.44,21.01,15.42,72.56,3.16,3.88,13.16,0.85,0.26,0.23,0.24
2005-03-06,25.04,18.1,21.09,13.81,66.1,3.05,3.67,20.52,0.0,0.25,0.23,0.24
2005-03-07,23.13,17.1,19.99,13.33,67.5,4.71,5.69,20.55,0.0,0.25,0.23,0.24
2005-03-08,24.67,18.09,21.47,14.23,64.81,3.35,4.03,17.74,0.0,0.24,0.23,0.24
2005-03-09,28.1,20.78,24.27,11.57,46.59,2.54,3.14,20.72,0.0,0.24,0.22,0.23
2005-03-10,29.9,22.52,25.49,11.77,44.14,1.85,2.46,20.65,0.0,0.23,0.22,0.23
2005-03-11,31.6,22.1,26.45,14.76,51.33,2.54,3.38,19.53,0.0,0.22,0.22,0.23
2005-03-12,31.92,23.62,27.04,14.25,47.48,1.66,2.3,21.34,0.0,0.22,0.22,0.23
2005-03-13,30.43,23.03,26.59,14.84,49.84,1.52,2.06,16.3,0.0,0.22,0.22,0.23
2005-03-14,29.73,22.22,25.07,18.58,69.33,2.65,3.15,17.59,0.0,0.23,0.22,0.23
2005-03-15,31.03,22.47,25.7,18.91,69.89,1.93,2.34,20.74,0.0,0.22,0.21,0.22
2005-03-16,30.01,22.1,25.14,18.64,69.53,2.34,2.79,19.27,0.0,0.21,0.21,0.22
2005-03-17,28.94,22.78,25.58,18.05,64.66,3.16,3.9,18.37,0.31,0.22,0.21,0.22
2005-03-18,29.89,22.91,25.33,16.76,60.46,2.87,3.43,19.79,0.1,0.22,0.21,0.22
2005-03-19,26.82,22.35,24.35,16.76,63.22,2.2,2.57,18.04,0.67,0.22,0.21,0.22
2005-03-20,25.85,19.44,22.49,13.59,58.69,4.86,5.77,22.05,0.36,0.23,0.21,0.22
2005-03-21,26.0,18.49,21.86,14.05,63.27,2.9,3.55,24.12,0.0,0.21,0.21,0.22
2005-03-22,27.16,18.25,22.57,13.85,61.63,3.1,3.72,23.14,0.0,0.2,0.21,0.22
2005-03-23,29.62,21.0,25.26,13.62,53.7,2.48,3.05,21.55,0.01,0.19,0.21,0.21
2005-03-24,29.2,22.05,25.75,14.83,52.67,5.36,6.6,15.28,0.05,0.18,0.2,0.21
2005-03-25,24.8,20.64,22.41,12.31,54.05,7.01,8.38,24.81,0.0,0.18,0.2,0.21
2005-03-26,25.52,20.37,22.45,12.53,55.1,5.59,6.66,22.17,1.03,0.18,0.2,0.21
2005-03-27,25.12,20.08,21.95,14.88,65.9,4.85,5.81,11.85,10.67,0.29,0.21,0.22
2005-03-28,25.76,19.62,22.06,15.13,66.91,5.28,6.33,9.7,0.22,0.28,0.22,0.23
2005-03-29,25.0,18.35,21.45,15.02,69.83,4.16,5.0,25.0,0.0,0.24,0.22,0.23
2005-03-30,27.56,17.24,21.77,15.31,71.55,2.7,3.26,25.77,0.0,0.22,0.22,0.22
2005-03-31,31.53,17.24,23.97,8.36,43.96,1.59,1.9,25.26,0.0,0.2,0.21,0.22
2005-04-01,32.09,23.28,27.12,10.54,37.79,1.72,2.15,24.68,0.0,0.18,0.21,0.22
2005-04-02,34.92,24.32,28.74,9.2,32.01,1.16,1.47,24.79,0.0,0.17,0.21,0.22
2005-04-03,35.55,25.62,29.77,9.81,32.03,1.97,2.68,24.99,0.0,0.16,0.21,0.22
2005-04-04,33.13,23.35,28.08,10.09,37.99,3.88,4.88,25.52,0.0,0.15,0.21,0.22
2005-04-05,29.76,21.66,25.0,18.05,69.37,5.28,6.3,24.67,0.0,0.15,0.2,0.21
2005-04-06,28.23,21.28,24.32,16.04,62.64,5.28,6.29,26.03,0.0,0.16,0.2,0.21
2005-04-07,28.4,20.06,23.67,16.79,67.93,3.62,4.32,26.1,0.0,0.15,0.2,0.21
2005-04-08,28.78,21.07,24.39,16.58,65.71,3.89,4.67,26.06,0.0,0.15,0.2,0.21
2005-04-09,30.71,20.33,25.41,11.6,48.71,3.18,3.95,25.43,0.0,0.15,0.2,0.21
2005-04-10,32.85,20.39,26.59,12.61,47.83,3.14,3.93,24.58,0.0,0.14,0.2,0.21
2005-04-11,32.46,22.54,27.32,13.26,44.32,2.87,3.6,23.3,0.0,0.14,0.2,0.21
2005-04-12,32.05,24.06,27.94,13.86,44.37,2.23,2.87,21.5,0.0,0.14,0.2,0.21
2005-04-13,31.15,24.94,27.66,15.17,48.41,2.39,2.94,25.13,0.0,0.14,0.2,0.2
2005-04-14,33.37,24.57,28.06,14.18,46.99,1.89,2.26,25.41,0.0,0.13,0.19,0.2
2005-04-15,36.06,24.11,29.31,9.96,34.97,1.37,1.78,25.87,0.0,0.13,0.19,0.2
2005-04-16,35.34,25.36,29.6,11.15,35.64,2.45,3.18,26.23,0.0,0.12,0.19,0.2
2005-04-17,34.79,24.9,29.61,15.49,45.53,3.24,4.09,22.76,0.0,0.12,0.19,0.2
2005-04-18,32.54,25.96,28.59,17.37,52.53,2.15,2.66,14.4,0.1,0.12,0.19,0.2
2005-04-19,32.55,25.39,28.34,17.16,52.16,1.8,2.12,16.08,0.13,0.13,0.19,0.2
2005-04-20,31.65,24.59,27.48,17.82,58.16,2.35,2.74,22.23,0.0,0.13,0.19,0.2
2005-04-21,31.53,23.18,27.15,14.86,52.46,3.6,4.29,25.77,0.0,0.12,0.19,0.2
2005-04-22,32.5,23.16,27.34,17.36,59.04,3.58,4.3,25.98,0.0,0.12,0.19,0.2
2005-04-23,33.61,23.74,28.11,15.38,50.96,2.93,3.49,23.98,0.0,0.12,0.19,0.19
2005-04-24,33.88,24.62,28.87,11.8,39.02,2.02,2.38,26.65,0.0,0.11,0.19,0.19
2005-04-25,35.68,26.78,31.16,7.83,26.3,2.18,2.65,26.0,0.0,0.11,0.18,0.19
2005-04-26,36.18,28.27,31.93,10.5,29.32,1.96,2.32,25.51,0.0,0.1,0.18,0.19
2005-04-27,33.13,26.35,29.42,20.09,60.2,4.36,5.17,15.01,0.33,0.11,0.18,0.19
2005-04-28,31.61,24.19,27.41,17.35,59.14,5.25,6.21,26.93,0.0,0.12,0.18,0.19
2005-04-29,30.58,23.61,27.05,18.71,63.02,4.93,5.86,21.51,0.0,0.12,0.18,0.19
2005-04-30,32.38,24.2,27.97,18.3,59.05,4.24,5.08,25.64,0.0,0.11,0.18,0.19
2005-05-01,32.14,24.04,27.5,18.26,61.3,4.03,4.77,26.46,0.0,0.11,0.18,0.19
2005-05-02,31.23,23.0,26.85,18.55,64.19,4.57,5.48,26.87,0.0,0.11,0.18,0.19
2005-05-03,33.4,22.89,28.04,16.59,55.28,2.76,3.35,26.8,0.0,0.11,0.18,0.19
2005-05-04,36.16,25.62,30.53,13.42,39.28,2.06,2.53,24.17,0.02,0.1,0.18,0.19
2005-05-05,38.13,26.93,32.46,14.39,37.98,2.02,2.68,21.01,0.02,0.1,0.18,0.18
2005-05-06,31.66,23.98,27.52,16.34,54.41,6.67,7.95,26.0,0.03,0.1,0.18,0.18
2005-05-07,28.45,23.3,25.57,14.74,52.36,7.55,8.99,27.03,0.0,0.1,0.18,0.18
2005-05-08,33.13,22.33,27.0,15.66,53.97,2.62,3.18,25.76,0.0,0.1,0.18,0.18
2005-05-09,34.89,22.99,28.34,15.03,52.84,1.87,2.21,27.51,0.0,0.1,0.17,0.18
2005-05-10,34.27,23.86,28.49,14.58,49.73,2.01,2.34,27.76,0.0,0.09,0.17,0.18
2005-05-11,34.76,24.42,29.08,12.29,40.93,2.1,2.45,28.16,0.0,0.09,0.17,0.18
2005-05-12,36.32,26.33,31.12,8.44,27.77,1.62,1.98,28.15,0.0,0.09,0.17,0.18
2005-05-13,37.43,27.94,32.09,11.03,30.56,2.05,2.64,26.45,0.0,0.08,0.17,0.18
2005-05-14,36.95,28.57,32.58,13.42,33.35,2.92,3.71,25.81,0.0,0.08,0.17,0.18
2005-05-15,36.99,29.29,32.86,14.32,34.58,2.74,3.3,26.84,0.0,0.08,0.17,0.18
2005-05-16,37.88,30.18,33.55,15.82,36.94,2.19,2.68,25.38,0.0,0.08,0.17,0.18
2005-05-17,37.01,29.16,32.77,16.15,39.54,2.31,2.73,27.58,0.0,0.08,0.17,0.18
2005-05-18,37.17,28.48,32.71,12.54,31.7,2.07,2.44,27.51,0.0,0.08,0.17,0.17
2005-05-19,38.72,30.67,34.16,14.5,32.0,2.59,3.22,25.94,0.0,0.08,0.17,0.17
2005-05-20,37.03,28.24,33.03,15.99,38.82,3.44,4.13,26.07,0.0,0.08,0.17,0.17
2005-05-21,35.28,27.09,30.95,19.85,56.42,4.68,5.59,21.02,0.0,0.08,0.17,0.17
2005-05-22,35.31,26.97,30.96,18.9,54.38,5.09,6.13,27.56,0.0,0.08,0.17,0.17
2005-05-23,35.54,25.66,30.82,16.82,49.4,3.06,3.74,27.42,0.0,0.08,0.17,0.17
2005-05-24,35.71,28.2,31.75,13.41,35.65,2.37,2.81,25.51,0.0,0.08,0.17,0.17
2005-05-25,37.39,28.35,32.73,12.16,31.4,2.11,2.62,25.93,0.0,0.08,0.17,0.17
2005-05-26,39.54,29.02,34.15,15.26,35.3,2.28,2.93,25.82,0.0,0.08,0.17,0.17
2005-05-27,37.76,28.4,33.23,17.46,43.63,2.23,2.62,26.78,0.0,0.08,0.16,0.17
2005-05-28,40.39,27.33,33.68,19.89,52.88,1.67,2.01,26.53,0.0,0.07,0.16,0.17
2005-05-29,40.04,29.14,34.49,19.29,44.46,1.9,2.36,26.52,0.0,0.07,0.16,0.17
2005-05-30,39.32,29.29,33.25,22.22,56.28,3.87,4.56,25.9,0.02,0.07,0.16,0.17
2005-05-31,35.56,26.91,31.02,20.7,60.17,2.83,3.28,28.52,0.0,0.07,0.16,0.17
2005-06-01,35.45,26.19,30.8,19.84,56.69,3.55,4.15,28.05,0.0,0.07,0.16,0.17
2005-06-02,37.8,26.8,31.86,20.69,57.76,2.11,2.54,28.79,0.0,0.07,0.16,0.17
2005-06-03,38.7,27.71,33.02,18.72,48.94,1.46,1.75,28.88,0.0,0.07,0.16,0.17
2005-06-04,39.35,28.74,33.99,18.38,44.35,2.0,2.36,28.31,0.0,0.07,0.16,0.17
2005-06-05,39.84,29.66,34.5,18.19,43.42,2.05,2.38,28.32,0.0,0.07,0.16,0.16
2005-06-06,40.16,30.26,34.92,17.6,40.77,2.12,2.49,28.29,0.0,0.07,0.16,0.16
2005-06-07,38.95,28.76,33.43,21.03,54.51,2.72,3.17,28.31,0.0,0.07,0.16,0.16
2005-06-08,36.67,28.1,31.76,24.34,69.14,4.12,4.8,27.95,0.0,0.07,0.16,0.16
2005-06-09,41.48,26.42,33.37,20.51,55.58,1.77,2.09,27.35,0.0,0.07,0.16,0.16
2005-06-10,40.87,30.38,35.48,22.04,49.93,3.61,4.42,26.62,0.0,0.07,0.16,0.16
2005-06-11,39.68,29.78,33.8,21.84,53.57,3.09,3.65,26.72,0.0,0.07,0.16,0.16
2005-06-12,37.74,28.66,33.19,22.58,56.67,3.02,3.57,26.47,0.06,0.07,0.16,0.16
2005-06-13,39.1,30.71,34.75,21.34,48.51,1.72,1.97,26.6,0.0,0.07,0.16,0.16
2005-06-14,39.04,30.47,34.24,21.67,50.54,2.64,3.04,26.87,0.0,0.07,0.16,0.16
2005-06-15,37.45,29.17,33.01,21.76,55.73,3.03,3.51,26.8,0.0,0.07,0.16,0.16
2005-06-16,38.21,28.27,33.1,21.28,56.29,3.14,3.68,27.81,0.0,0.07,0.16,0.16
2005-06-17,41.5,29.02,34.6,21.43,53.22,2.26,2.67,27.83,0.0,0.07,0.16,0.16
2005-06-18,40.51,29.62,34.54,21.21,53.01,1.95,2.28,28.96,0.0,0.07,0.16,0.16
2005-06-19,40.35,29.5,34.37,21.13,52.7,2.35,2.7,28.53,0.0,0.07,0.16,0.16
2005-06-20,38.96,28.04,33.26,21.92,58.15,2.83,3.27,28.02,0.0,0.07,0.16,0.16
2005-06-21,39.18,28.1,33.63,20.22,50.26,2.46,2.84,27.82,0.0,0.07,0.16,0.16
2005-06-22,41.18,31.35,35.84,20.1,44.37,1.88,2.16,26.54,0.0,0.07,0.16,0.16
2005-06-23,40.32,31.94,35.45,21.31,48.8,3.02,3.49,26.44,0.0,0.07,0.15,0.16
2005-06-24,39.29,30.99,34.25,25.28,62.95,4.15,4.76,25.1,0.0,0.07,0.15,0.16
2005-06-25,38.82,30.68,34.16,26.26,66.34,3.52,4.02,24.49,0.0,0.07,0.15,0.16
2005-06-26,38.26,30.11,33.61,26.55,69.69,2.7,3.12,26.48,0.0,0.07,0.15,0.16
2005-06-27,39.47,29.31,33.65,24.53,64.09,3.17,3.66,26.94,0.0,0.07,0.15,0.16
2005-06-28,37.27,30.62,33.52,23.69,60.23,6.12,7.2,28.47,0.0,0.07,0.15,0.16
2005-06-29,39.2,30.32,34.38,22.47,53.45,2.42,2.82,25.36,0.0,0.07,0.15,0.16
2005-06-30,39.58,30.36,34.87,23.04,53.73,1.6,1.84,23.34,0.0,0.07,0.15,0.16
2005-07-01,39.28,31.11,34.56,24.26,58.62,2.93,3.35,23.93,0.0,0.07,0.15,0.16
2005-07-02,36.76,29.71,32.71,23.79,63.17,5.48,6.37,26.38,0.0,0.07,0.15,0.16
2005-07-03,36.87,28.13,32.48,21.9,59.16,5.36,6.27,26.9,0.0,0.07,0.15,0.16
2005-07-04,37.89,28.97,33.18,20.19,53.46,4.81,5.71,28.53,0.0,0.07,0.15,0.16
2005-07-05,36.37,28.41,32.34,23.05,62.74,5.72,6.77,25.72,0.0,0.07,0.15,0.15
2005-07-06,35.63,28.74,31.84,23.84,65.2,5.39,6.34,21.53,0.0,0.07,0.15,0.15
2005-07-07,35.81,28.49,31.6,24.77,69.4,3.79,4.36,22.08,0.0,0.07,0.15,0.15
2005-07-08,38.22,28.71,33.14,23.25,59.83,2.12,2.44,21.68,0.0,0.07,0.15,0.15
2005-07-09,39.56,31.04,34.93,22.99,52.68,1.76,2.08,22.16,0.0,0.07,0.15,0.15
2005-07-10,40.55,31.52,35.82,22.58,49.87,2.26,2.64,23.62,0.0,0.07,0.15,0.15
2005-07-11,41.72,30.99,36.43,21.58,46.84,2.99,3.64,24.47,0.0,0.07,0.15,0.15
2005-07-12,40.99,30.21,35.9,22.34,49.38,3.36,4.03,24.73,0.0,0.06,0.15,0.15
2005-07-13,41.26,30.98,36.25,22.65,48.55,3.17,3.76,25.36,0.0,0.06,0.15,0.15
2005-07-14,39.97,30.88,34.97,24.52,57.34,5.0,5.91,25.11,0.0,0.06,0.15,0.15
2005-07-15,39.19,30.16,34.56,24.82,58.91,4.52,5.31,24.54,0.06,0.06,0.15,0.15
2005-07-16,39.41,30.12,34.6,23.67,55.36,3.71,4.26,23.61,0.0,0.07,0.15,0.15
2005-07-17,37.48,31.98,34.55,22.74,51.52,2.67,3.05,23.27,0.0,0.07,0.15,0.15
2005-07-18,39.43,31.06,35.31,23.99,54.02,3.13,3.67,24.54,0.37,0.08,0.15,0.15
2005-07-19,39.98,31.01,35.47,22.69,50.34,3.07,3.58,24.82,0.01,0.08,0.15,0.15
2005-07-20,37.84,32.51,34.75,21.56,47.5,3.67,4.25,25.08,0.0,0.08,0.15,0.15
2005-07-21,38.84,31.49,35.33,20.81,44.48,3.42,4.04,25.06,0.0,0.07,0.15,0.15
2005-07-22,41.18,33.29,36.67,21.23,42.74,3.14,3.76,25.08,0.0,0.07,0.15,0.15
2005-07-23,42.75,32.5,37.26,23.96,49.89,1.98,2.34,24.9,0.0,0.07,0.15,0.15
2005-07-24,41.3,33.36,37.06,23.91,48.79,3.92,4.67,23.25,0.03,0.07,0.15,0.15
2005-07-25,41.31,33.13,36.66,23.66,49.06,2.8,3.21,23.54,0.11,0.07,0.15,0.15
2005-07-26,39.18,32.56,35.6,25.03,57.43,2.87,3.25,24.57,0.0,0.07,0.15,0.15
2005-07-27,42.6,31.7,37.03,21.48,44.72,1.6,1.91,25.41,0.0,0.07,0.15,0.15
2005-07-28,42.37,32.61,37.7,22.64,44.98,2.18,2.69,25.44,0.01,0.07,0.15,0.15
2005-07-29,42.93,32.91,37.85,20.29,39.12,1.9,2.29,26.04,0.0,0.06,0.15,0.15
2005-07-30,43.14,32.51,37.36,21.17,42.79,1.55,1.86,26.32,0.0,0.06,0.15,0.15
2005-07-31,43.24,32.21,37.64,21.95,46.57,1.93,2.27,26.87,0.0,0.06,0.15,0.15
2005-08-01,43.63,32.68,37.56,22.59,48.39,1.68,1.95,26.74,0.0,0.06,0.15,0.15
2005-08-02,42.09,32.33,36.67,23.14,51.0,2.08,2.4,26.89,0.0,0.06,0.15,0.15
2005-08-03,42.6,31.49,36.27,24.23,55.15,1.79,2.08,25.69,0.0,0.06,0.15,0.15
2005-08-04,42.67,31.92,36.6,24.51,54.67,1.86,2.13,26.17,0.0,0.06,0.15,0.15
2005-08-05,41.16,32.25,36.1,24.01,53.95,2.02,2.31,26.01,0.0,0.06,0.15,0.15
2005-08-06,39.08,31.36,34.9,26.15,63.7,3.8,4.34,25.77,0.0,0.06,0.15,0.15
2005-08-07,43.18,31.92,36.43,23.56,52.45,2.31,2.67,24.87,0.0,0.06,0.15,0.15
2005-08-08,42.6,31.99,36.39,24.78,54.0,1.72,1.91,24.47,0.0,0.06,0.15,0.15
2005-08-09,37.87,33.22,35.2,26.2,60.2,2.56,2.89,21.1,0.08,0.06,0.15,0.15
2005-08-10,36.31,32.52,33.99,25.3,60.93,1.79,1.98,21.3,0.01,0.06,0.15,0.15
2005-08-11,36.64,31.52,33.63,24.83,61.17,2.76,3.11,19.41,0.0,0.06,0.15,0.15
2005-08-12,39.04,29.85,34.16,23.52,58.75,3.48,4.05,24.69,0.0,0.06,0.15,0.15
2005-08-13,39.53,30.62,34.68,23.23,55.37,2.7,3.14,24.91,0.0,0.06,0.15,0.15
2005-08-14,39.88,30.7,35.06,22.59,55.3,2.55,2.98,25.05,0.0,0.06,0.15,0.15
2005-08-15,39.45,30.78,35.02,20.51,48.12,2.36,2.76,25.35,0.0,0.06,0.15,0.15
2005-08-16,42.82,31.32,37.28,18.98,39.2,1.74,2.09,21.68,0.0,0.06,0.15,0.15
2005-08-17,41.19,32.97,36.82,18.46,35.93,4.74,5.71,23.85,0.0,0.06,0.15,0.15
2005-08-18,41.89,31.24,36.61,20.34,42.74,3.55,4.25,24.53,0.0,0.06,0.15,0.15
2005-08-19,42.21,30.84,36.4,20.0,42.84,2.75,3.23,25.39,0.0,0.05,0.15,0.15
2005-08-20,41.78,31.73,36.64,21.27,43.47,2.55,3.05,24.87,0.0,0.05,0.15,0.15
2005-08-21,41.3,32.5,36.64,21.58,44.42,2.96,3.47,23.32,0.0,0.05,0.15,0.15
2005-08-22,40.63,32.27,36.1,22.72,48.6,3.07,3.58,24.35,0.0,0.05,0.15,0.15
2005-08-23,40.01,32.83,35.76,21.42,45.67,3.66,4.25,23.6,0.0,0.05,0.15,0.15
2005-08-24,37.96,32.12,34.47,21.6,48.51,4.08,4.73,23.89,0.0,0.05,0.15,0.15
2005-08-25,38.7,30.79,34.52,21.05,47.3,2.99,3.46,23.87,0.0,0.05,0.15,0.15
2005-08-26,38.5,31.39,34.68,20.77,45.96,2.56,2.95,23.46,0.0,0.05,0.15,0.15
2005-08-27,39.55,31.58,35.19,21.22,46.58,3.01,3.48,23.8,0.15,0.06,0.15,0.15
2005-08-28,39.31,31.27,34.8,23.0,54.81,2.59,2.97,24.38,0.0,0.06,0.15,0.15
2005-08-29,40.28,30.85,35.41,21.51,47.57,2.27,2.67,23.44,0.0,0.06,0.15,0.15
2005-08-30,38.66,30.39,34.02,23.7,57.99,4.29,4.98,22.63,0.0,0.06,0.15,0.15
2005-08-31,38.91,29.49,33.57,23.59,58.89,2.84,3.24,23.13,0.01,0.06,0.15,0.15
2005-09-01,38.49,29.64,33.62,23.51,58.38,3.8,4.41,23.34,0.0,0.06,0.15,0.15
2005-09-02,38.58,29.26,33.37,23.21,58.07,4.96,5.74,23.19,0.0,0.06,0.15,0.15
2005-09-03,38.38,29.28,33.7,21.85,52.36,2.81,3.2,22.21,0.0,0.06,0.15,0.15
2005-09-04,36.5,30.8,33.21,24.21,60.29,2.89,3.3,22.98,0.0,0.06,0.15,0.15
2005-09-05,37.56,29.7,33.07,24.12,61.98,2.15,2.45,22.45,0.01,0.06,0.15,0.15
2005-09-06,39.06,30.19,34.24,23.31,55.41,2.01,2.34,22.69,0.06,0.06,0.15,0.15
2005-09-07,38.98,30.45,33.86,22.97,55.7,2.63,2.98,23.02,0.0,0.06,0.15,0.15
2005-09-08,39.32,30.57,34.43,21.46,49.8,1.84,2.13,22.13,0.0,0.06,0.15,0.15
2005-09-09,39.68,31.4,34.69,22.44,50.77,2.58,2.96,22.08,0.02,0.06,0.15,0.15
2005-09-10,38.28,31.05,34.04,23.96,57.91,2.32,2.63,21.75,0.61,0.08,0.15,0.15
2005-09-11,40.78,30.46,35.3,22.13,50.95,1.51,1.82,21.67,0.41,0.1,0.15,0.15
2005-09-12,41.17,29.57,35.09,19.0,43.14,3.15,3.75,23.19,0.0,0.08,0.15,0.15
2005-09-13,39.85,28.73,33.9,18.24,44.36,2.75,3.22,22.43,0.0,0.07,0.15,0.15
2005-09-14,38.41,30.1,33.65,20.48,49.18,2.49,2.86,22.77,0.0,0.07,0.15,0.15
2005-09-15,37.23,28.76,32.54,22.26,58.62,2.25,2.59,22.75,0.0,0.07,0.15,0.15
2005-09-16,38.49,28.05,32.32,22.79,61.6,2.43,2.81,21.47,0.0,0.07,0.15,0.15
2005-09-17,36.89,29.12,32.74,23.31,61.03,3.1,3.62,21.86,0.0,0.07,0.15,0.15
2005-09-18,39.62,29.51,33.9,20.32,51.57,2.26,2.62,22.32,0.0,0.07,0.15,0.15
2005-09-19,40.19,30.1,34.68,20.38,48.56,1.87,2.27,21.39,0.0,0.06,0.15,0.15
2005-09-20,39.9,29.14,34.38,20.06,46.84,1.92,2.3,22.14,0.0,0.06,0.15,0.15
2005-09-21,39.3,30.44,34.45,20.94,49.45,2.32,2.72,21.48,0.0,0.06,0.15,0.15
2005-09-22,38.78,30.47,34.08,21.63,54.43,2.62,3.13,22.69,0.0,0.06,0.15,0.15
2005-09-23,37.85,30.08,33.53,21.85,55.47,3.33,3.97,20.11,0.0,0.06,0.15,0.15
2005-09-24,37.35,30.03,33.14,21.97,54.82,3.09,3.65,21.12,0.0,0.06,0.15,0.15
2005-09-25,37.79,29.98,33.23,21.26,53.44,2.91,3.47,20.42,0.0,0.06,0.15,0.15
2005-09-26,38.41,30.3,33.58,20.33,50.86,3.57,4.3,20.57,0.0,0.06,0.15,0.15
2005-09-27,38.21,29.39,33.26,21.78,58.63,3.62,4.43,19.88,0.0,0.06,0.15,0.15
2005-09-28,36.29,29.08,32.1,21.88,57.88,3.05,3.65,20.64,0.0,0.06,0.15,0.15
2005-09-29,36.81,27.94,31.83,21.02,55.77,2.12,2.48,21.1,0.0,0.06,0.15,0.15
2005-09-30,36.45,28.61,32.11,21.64,56.39,1.98,2.3,21.32,0.0,0.06,0.15,0.15
2005-10-01,35.79,30.19,32.47,21.38,53.28,2.34,2.72,20.34,0.0,0.06,0.15,0.15
2005-10-02,36.25,29.44,32.47,20.59,51.45,1.5,1.77,19.96,0.0,0.06,0.15,0.15
2005-10-03,36.55,28.73,32.22,20.1,51.07,2.18,2.55,20.71,0.0,0.06,0.15,0.15
2005-10-04,35.7,29.44,32.27,20.32,51.89,2.12,2.51,19.89,0.0,0.06,0.15,0.15
2005-10-05,35.36,28.16,31.55,19.82,51.97,2.41,2.81,19.83,0.0,0.06,0.15,0.15
2005-10-06,34.74,26.75,30.8,19.19,52.27,2.66,3.06,21.18,0.0,0.06,0.15,0.15
2005-10-07,35.41,26.87,30.91,18.64,50.65,1.94,2.29,21.07,0.0,0.06,0.15,0.15
2005-10-08,35.0,28.18,31.33,18.94,50.15,3.12,3.76,20.52,0.0,0.06,0.15,0.15
2005-10-09,34.84,28.34,31.3,20.47,54.57,3.03,3.64,19.82,0.0,0.06,0.15,0.15
2005-10-10,35.55,28.33,31.47,20.52,54.84,3.58,4.3,19.97,0.0,0.06,0.15,0.15
2005-10-11,38.85,29.12,33.17,19.68,50.02,2.38,2.97,19.76,0.0,0.06,0.15,0.15
2005-10-12,38.1,28.06,33.01,14.45,38.63,3.41,4.24,19.68,0.0,0.06,0.15,0.15
2005-10-13,37.55,27.58,32.61,11.81,31.64,2.27,2.82,18.91,0.0,0.05,0.15,0.15
2005-10-14,37.19,26.66,32.04,11.97,33.88,2.08,2.51,19.54,0.0,0.05,0.15,0.15
2005-10-15,35.98,27.04,31.1,11.94,35.63,1.73,2.05,19.58,0.0,0.05,0.15,0.15
2005-10-16,35.59,27.08,30.78,17.03,48.26,1.55,1.83,19.56,0.0,0.05,0.14,0.15
2005-10-17,34.86,26.81,30.39,20.0,58.57,2.08,2.46,19.98,0.0,0.05,0.14,0.15
2005-10-18,35.19,27.45,30.85,20.3,58.62,3.01,3.64,19.57,0.0,0.05,0.14,0.15
2005-10-19,34.65,27.3,30.6,19.07,54.01,2.32,2.76,18.39,0.0,0.05,0.14,0.15
2005-10-20,35.13,27.33,30.8,17.09,47.29,2.22,2.6,18.04,0.0,0.05,0.14,0.15
2005-10-21,35.36,27.58,30.85,16.74,46.17,2.27,2.69,18.05,0.0,0.05,0.14,0.15
2005-10-22,33.22,26.75,29.57,18.23,52.37,2.28,2.69,18.54,0.0,0.05,0.14,0.15
2005-10-23,33.46,25.9,29.46,19.55,58.07,2.61,3.17,18.59,0.0,0.05,0.14,0.15
2005-10-24,36.25,26.0,30.66,18.39,52.7,1.65,2.01,18.51,0.0,0.05,0.14,0.15
2005-10-25,34.15,27.3,30.0,19.31,55.46,1.69,1.95,18.26,0.0,0.05,0.14,0.15
2005-10-26,33.76,26.98,29.93,18.5,52.43,1.92,2.23,17.54,0.0,0.05,0.14,0.15
2005-10-27,34.79,27.01,30.57,16.52,45.71,1.83,2.23,17.28,0.0,0.05,0.14,0.15
2005-10-28,34.45,26.02,30.03,14.28,41.1,1.5,1.9,17.24,0.0,0.05,0.14,0.15
2005-10-29,34.5,25.42,29.78,15.12,45.26,2.01,2.49,17.06,0.0,0.05,0.14,0.15
2005-10-30,32.95,26.58,29.36,17.15,50.6,2.47,2.96,18.12,0.0,0.05,0.14,0.15
2005-10-31,34.29,26.89,29.79,15.93,45.34,2.24,2.74,18.59,0.0,0.05,0.14,0.15
2005-11-01,33.67,26.51,29.34,18.13,53.86,1.98,2.43,17.3,0.0,0.05,0.14,0.15
2005-11-02,32.97,26.72,29.15,18.46,54.54,1.81,2.12,17.5,0.0,0.05,0.14,0.15
2005-11-03,34.14,26.64,29.84,15.61,45.81,1.63,1.98,16.12,0.0,0.05,0.14,0.15
2005-11-04,34.17,24.51,29.05,15.72,48.5,2.09,2.6,16.39,0.0,0.05,0.14,0.15
2005-11-05,33.23,24.12,28.56,16.04,50.89,2.14,2.62,17.19,0.0,0.05,0.14,0.15
2005-11-06,32.99,24.81,28.51,16.68,52.08,2.71,3.27,17.03,0.0,0.05,0.14,0.15
2005-11-07,31.77,26.0,28.56,19.54,59.25,2.69,3.16,17.17,0.0,0.05,0.14,0.15
2005-11-08,32.09,25.72,28.28,18.65,58.85,1.89,2.24,16.45,0.0,0.05,0.14,0.15
2005-11-09,30.07,25.56,27.57,19.27,60.99,4.14,4.85,15.56,0.61,0.07,0.15,0.15
2005-11-10,27.94,24.8,26.14,18.27,62.22,6.12,7.27,15.93,0.0,0.08,0.15,0.15
2005-11-11,28.09,24.19,25.78,16.41,56.65,4.49,5.39,15.93,0.0,0.08,0.15,0.15
2005-11-12,29.55,24.19,26.45,16.13,53.64,2.27,2.78,15.56,0.0,0.08,0.15,0.15
2005-11-13,31.98,24.02,27.65,15.05,48.0,1.85,2.26,15.13,0.0,0.08,0.15,0.15
2005-11-14,31.67,24.61,27.99,15.52,48.12,2.37,2.89,15.16,0.0,0.07,0.15,0.15
2005-11-15,30.66,26.16,28.07,14.07,43.34,2.02,2.44,14.89,0.0,0.07,0.15,0.15
2005-11-16,32.14,24.76,28.0,14.95,46.57,2.19,2.66,14.34,0.19,0.07,0.15,0.15
2005-11-17,30.51,23.91,26.86,17.52,58.33,2.54,3.08,14.62,4.63,0.17,0.15,0.15
2005-11-18,27.75,23.6,25.41,18.43,65.89,2.52,3.13,8.52,4.09,0.25,0.16,0.16
2005-11-19,27.13,23.33,24.94,19.12,70.62,3.61,4.37,14.14,1.43,0.23,0.16,0.16
2005-11-20,27.39,22.81,25.14,17.91,64.77,3.71,4.5,15.35,0.12,0.21,0.17,0.16
2005-11-21,29.35,24.85,26.5,17.64,58.85,1.85,2.19,14.49,0.0,0.18,0.16,0.16
2005-11-22,30.61,24.4,26.97,17.79,58.54,2.42,2.91,14.72,0.0,0.17,0.16,0.16
2005-11-23,30.9,25.13,27.43,19.13,62.44,3.32,4.12,15.48,0.0,0.16,0.16,0.16
2005-11-24,30.76,24.92,27.12,20.79,69.25,2.8,3.41,15.13,0.0,0.15,0.16,0.16
2005-11-25,29.16,24.4,26.25,17.89,60.94,3.71,4.58,14.77,0.0,0.14,0.16,0.16
2005-11-26,30.1,23.26,26.39,16.25,55.3,1.88,2.31,15.14,0.0,0.14,0.16,0.16
2005-11-27,29.65,22.25,25.54,14.51,52.69,2.34,2.88,15.42,0.0,0.13,0.16,0.16
2005-11-28,29.35,22.68,25.34,12.15,46.89,3.66,4.44,15.31,0.0,0.12,0.16,0.16
2005-11-29,28.34,21.78,24.77,16.98,63.91,2.13,2.6,13.92,0.0,0.12,0.16,0.16
2005-11-30,27.21,23.17,24.67,16.77,62.12,2.04,2.37,14.86,0.0,0.12,0.16,0.16
2005-12-01,27.98,23.0,24.82,15.78,58.48,1.63,1.94,13.94,0.0,0.12,0.16,0.16
2005-12-02,27.72,22.75,24.56,15.96,59.97,1.62,1.89,14.78,0.0,0.12,0.16,0.16
2005-12-03,28.15,22.18,24.66,14.75,55.63,1.56,1.86,15.21,0.0,0.12,0.16,0.16
2005-12-04,27.74,22.28,24.38,15.63,59.59,1.54,1.84,14.79,0.0,0.11,0.16,0.16
2005-12-05,28.04,22.12,24.55,15.86,59.89,1.62,1.93,14.08,0.0,0.11,0.16,0.16
2005-12-06,29.49,22.83,25.17,14.51,53.84,1.63,1.98,15.04,0.0,0.11,0.16,0.16
2005-12-07,29.72,22.51,25.22,16.09,60.11,2.26,2.8,14.7,0.0,0.11,0.16,0.16
2005-12-08,28.5,22.71,24.79,17.88,67.08,2.44,2.98,15.02,0.0,0.11,0.16,0.16
2005-12-09,27.86,22.37,24.61,18.52,70.01,2.36,2.86,14.93,0.0,0.11,0.16,0.16
2005-12-10,26.51,22.74,24.21,18.35,70.42,2.54,3.09,12.34,0.0,0.11,0.16,0.16
2005-12-11,27.21,22.23,24.33,14.93,56.62,1.47,1.82,13.82,0.0,0.11,0.16,0.16
2005-12-12,28.5,20.77,23.96,14.09,58.67,2.93,3.6,14.24,0.26,0.12,0.16,0.16
2005-12-13,27.8,19.98,23.65,14.16,57.6,2.22,2.78,14.38,0.01,0.12,0.16,0.16
2005-12-14,27.83,20.54,23.86,13.79,56.3,1.58,1.99,14.29,0.0,0.11,0.16,0.16
2005-12-15,26.95,22.57,24.23,14.32,54.85,1.83,2.16,14.65,0.0,0.11,0.16,0.16
2005-12-16,27.84,20.91,24.34,13.66,53.2,1.41,1.71,13.2,0.01,0.11,0.16,0.16
2005-12-17,27.72,20.91,24.07,14.1,55.93,1.78,2.17,14.14,0.0,0.11,0.16,0.16
2005-12-18,26.31,20.71,23.36,15.81,63.66,2.32,2.83,12.91,0.0,0.11,0.16,0.16
2005-12-19,26.8,21.81,23.88,16.39,63.91,4.92,6.07,13.69,0.0,0.11,0.16,0.16
2005-12-20,26.27,20.67,22.97,14.9,61.44,1.98,2.52,14.25,0.0,0.11,0.16,0.16
2005-12-21,26.42,21.05,23.13,15.62,63.43,1.62,1.93,14.32,0.0,0.11,0.16,0.16
2005-12-22,26.96,21.09,23.39,16.04,64.9,1.5,1.78,14.14,0.0,0.11,0.16,0.16
2005-12-23,27.03,21.18,23.37,17.21,70.25,1.33,1.59,13.34,0.0,0.11,0.16,0.16
2005-12-24,28.65,20.14,23.98,15.84,63.82,2.44,3.02,13.73,0.0,0.11,0.16,0.16
2005-12-25,28.35,20.35,24.12,15.77,62.87,2.51,3.12,13.65,0.13,0.11,0.16,0.16
2005-12-26,26.89,20.39,23.28,15.55,64.78,3.77,4.6,14.23,0.0,0.11,0.16,0.16
2005-12-27,24.97,21.38,22.95,15.27,62.95,4.61,5.55,13.79,0.0,0.11,0.16,0.16
2005-12-28,26.42,20.99,23.11,12.52,52.34,1.93,2.37,14.38,0.0,0.11,0.16,0.16
2005-12-29,24.97,20.88,22.58,14.62,61.45,2.22,2.73,13.34,0.0,0.11,0.16,0.16
2005-12-30,24.11,20.52,21.94,14.68,63.77,3.46,4.11,11.85,0.74,0.11,0.16,0.16
2005-12-31,21.51,18.63,20.07,11.38,58.01,4.09,4.82,12.6,2.45,0.2,0.16,0.16
2006-01-01,21.15,16.68,19.0,10.33,57.8,3.19,3.83,10.59,0.14,0.18,0.16,0.16
2006-01-02,21.87,15.56,18.53,8.68,54.71,3.38,4.09,14.86,0.0,0.16,0.16,0.16
2006-01-03,22.81,15.66,18.77,6.1,46.21,3.29,4.04,15.35,0.0,0.15,0.16,0.16
2006-01-04,23.38,15.98,19.07,4.87,41.21,3.18,3.93,15.23,0.05,0.14,0.16,0.16
2006-01-05,23.69,16.42,19.51,5.73,42.02,2.67,3.37,15.73,0.0,0.13,0.16,0.16
2006-01-06,23.45,15.61,19.14,4.42,39.47,2.32,2.89,15.8,0.0,0.12,0.16,0.16
2006-01-07,23.51,15.72,19.55,6.21,43.24,1.81,2.25,15.28,0.0,0.12,0.16,0.16
2006-01-08,24.0,16.44,20.38,7.82,47.46,2.48,3.05,12.73,0.0,0.12,0.16,0.16
2006-01-09,23.86,18.92,21.3,6.09,38.24,2.22,2.62,10.64,0.0,0.12,0.16,0.16
2006-01-10,25.7,17.92,21.61,8.3,44.02,1.61,2.01,15.68,0.0,0.12,0.16,0.16
2006-01-11,27.16,17.78,22.3,11.55,53.62,1.73,2.2,15.04,0.0,0.11,0.16,0.16
2006-01-12,27.25,19.13,22.94,13.13,55.7,2.71,3.4,15.01,0.0,0.11,0.16,0.16
2006-01-13,27.26,19.44,23.01,15.11,63.37,2.63,3.28,14.18,0.0,0.11,0.16,0.16
2006-01-14,27.86,20.78,23.45,16.89,67.77,6.43,7.75,11.11,0.0,0.11,0.16,0.16
2006-01-15,22.48,20.01,21.06,13.76,63.3,7.04,8.43,7.47,0.01,0.11,0.16,0.16
2006-01-16,20.92,18.33,19.64,10.21,54.82,8.12,9.72,14.74,0.0,0.11,0.16,0.16
2006-01-17,21.27,17.11,19.26,8.83,51.69,6.22,7.5,16.1,0.0,0.11,0.16,0.16
2006-01-18,20.74,17.49,19.03,8.53,51.34,7.53,9.03,14.95,0.0,0.11,0.16,0.16
2006-01-19,20.31,15.83,18.08,7.09,49.78,6.16,7.39,16.87,0.0,0.11,0.16,0.16
2006-01-20,20.75,15.95,18.11,6.83,49.0,4.9,5.99,17.06,0.0,0.11,0.16,0.16
2006-01-21,21.21,15.3,18.1,11.0,64.08,4.22,5.16,14.82,0.0,0.11,0.16,0.16
2006-01-22,21.31,16.73,18.59,10.92,62.24,4.35,5.36,14.37,0.0,0.11,0.16,0.16
2006-01-23,22.42,16.41,18.71,11.69,65.25,1.69,2.09,15.47,0.0,0.11,0.16,0.16
2006-01-24,22.23,16.35,18.56,12.32,68.43,1.42,1.71,15.36,0.0,0.11,0.16,0.16
2006-01-25,23.79,16.25,19.33,11.52,62.51,1.41,1.64,16.12,0.0,0.11,0.16,0.16
2006-01-26,25.06,17.13,20.6,13.62,67.25,1.96,2.48,16.37,0.0,0.11,0.16,0.16
2006-01-27,25.64,17.75,21.48,13.8,65.04,2.71,3.35,14.46,0.0,0.11,0.16,0.16
2006-01-28,24.92,18.19,21.31,13.24,62.05,3.47,4.28,12.58,0.0,0.11,0.16,0.16
2006-01-29,22.54,19.39,20.62,15.62,74.11,3.83,4.61,11.3,0.07,0.11,0.16,0.16
2006-01-30,20.83,17.22,19.05,10.49,58.45,6.24,7.46,16.16,0.0,0.11,0.16,0.16
2006-01-31,19.77,17.04,18.19,10.96,63.07,4.24,5.08,12.1,0.0,0.11,0.16,0.16
2006-02-01,24.08,16.14,19.74,9.71,54.58,2.09,2.55,17.06,0.0,0.11,0.16,0.16
2006-02-02,25.04,18.6,21.3,11.93,56.15,1.92,2.32,16.0,0.0,0.11,0.16,0.16
2006-02-03,29.34,17.93,22.85,11.39,52.71,3.17,3.96,17.89,0.0,0.11,0.16,0.16
2006-02-04,27.06,18.77,22.54,13.61,61.29,3.02,3.69,17.43,0.0,0.1,0.16,0.16
2006-02-05,27.45,18.9,22.86,14.75,63.75,2.31,2.88,13.16,0.0,0.1,0.16,0.16
2006-02-06,27.4,20.47,23.42,13.16,55.04,1.62,1.99,16.64,0.0,0.1,0.16,0.16
2006-02-07,29.18,21.55,24.9,12.51,48.02,1.6,2.1,16.13,0.0,0.1,0.16,0.16
2006-02-08,30.67,22.06,26.19,11.62,42.66,1.72,2.37,17.01,0.0,0.1,0.15,0.16
2006-02-09,31.82,22.65,26.77,10.9,40.25,2.23,2.94,17.67,0.0,0.1,0.15,0.16
2006-02-10,29.26,21.61,25.04,12.99,50.79,2.99,3.8,17.5,0.0,0.09,0.15,0.16
2006-02-11,31.63,21.83,25.64,14.74,55.1,1.76,2.19,18.85,0.0,0.09,0.15,0.16
2006-02-12,27.47,21.31,24.02,17.89,71.01,2.63,3.12,17.63,0.01,0.09,0.15,0.16
2006-02-13,27.96,20.79,23.93,16.44,65.53,2.06,2.45,17.83,0.0,0.09,0.15,0.16
2006-02-14,28.86,21.35,24.63,13.46,53.34,1.83,2.17,17.78,0.0,0.09,0.15,0.16
2006-02-15,29.21,20.75,24.84,11.74,45.4,2.7,3.3,16.73,0.0,0.09,0.15,0.16
2006-02-16,30.46,22.43,26.03,12.02,43.11,3.11,3.9,17.68,0.0,0.09,0.15,0.16
2006-02-17,27.39,22.14,24.58,16.4,62.14,3.81,4.59,14.18,0.01,0.09,0.15,0.16
2006-02-18,23.11,19.9,21.78,14.03,61.75,4.26,5.18,8.19,0.04,0.09,0.15,0.16
2006-02-19,24.87,18.53,21.43,13.36,61.97,4.54,5.48,19.0,0.01,0.1,0.15,0.16
2006-02-20,24.35,18.88,21.35,13.87,63.55,4.85,5.82,17.26,0.0,0.1,0.15,0.16
2006-02-21,22.54,18.34,20.23,14.67,70.61,4.3,5.04,10.39,1.46,0.13,0.16,0.16
2006-02-22,24.46,17.67,20.8,12.76,61.78,2.62,3.18,17.09,0.0,0.15,0.16,0.16
2006-02-23,23.38,18.64,20.52,14.87,70.57,3.32,3.98,3.95,5.3,0.2,0.16,0.16
2006-02-24,20.73,17.62,19.12,13.97,72.5,2.99,3.57,11.99,7.31,0.27,0.17,0.17
2006-02-25,23.81,17.37,20.26,11.95,61.48,2.68,3.27,20.24,12.03,0.31,0.2,0.2
2006-02-26,25.18,18.17,21.27,11.57,55.93,2.36,2.96,21.38,0.0,0.23,0.2,0.2
2006-02-27,25.12,17.83,20.63,13.66,66.94,3.05,3.72,21.67,0.0,0.2,0.2,0.2
2006-02-28,24.32,17.07,20.14,14.8,73.17,3.48,4.24,21.55,0.0,0.19,0.19,0.2
2006-03-01,25.36,16.68,20.72,15.04,71.75,2.62,3.22,21.23,0.0,0.19,0.19,0.19
2006-03-02,26.89,17.49,21.34,14.63,68.98,2.32,2.76,21.29,0.0,0.18,0.19,0.19
2006-03-03,27.42,17.29,21.51,12.74,62.27,4.19,5.14,19.77,0.0,0.17,0.19,0.19
2006-03-04,25.24,17.68,20.97,13.65,65.33,4.07,5.0,21.57,0.0,0.17,0.19,0.19
2006-03-05,27.53,18.14,22.03,14.78,67.93,3.04,3.72,21.01,0.0,0.17,0.19,0.19
2006-03-06,26.8,17.69,21.82,15.02,69.95,3.6,4.37,21.77,0.0,0.16,0.19,0.19
2006-03-07,24.95,18.11,21.32,12.86,60.61,4.03,4.97,15.04,0.0,0.16,0.18,0.19
2006-03-08,26.68,19.17,22.78,12.54,56.0,3.06,3.73,21.97,0.0,0.16,0.18,0.19
2006-03-09,28.44,19.03,23.57,9.17,42.04,1.69,2.19,22.18,0.0,0.15,0.18,0.19
2006-03-10,29.04,19.55,24.04,9.73,42.17,2.16,2.75,22.11,0.0,0.15,0.18,0.19
2006-03-11,27.41,20.61,23.54,12.65,53.15,3.95,4.73,13.15,0.0,0.15,0.18,0.19
2006-03-12,24.51,18.57,21.56,14.23,64.57,5.12,6.09,21.42,0.0,0.15,0.18,0.18
2006-03-13,27.4,18.06,22.06,13.27,61.02,1.99,2.46,21.51,0.0,0.15,0.18,0.18
2006-03-14,27.37,18.67,22.36,12.47,56.82,1.79,2.17,22.11,0.0,0.15,0.18,0.18
2006-03-15,28.0,19.13,23.18,13.64,58.93,1.5,1.78,21.82,0.0,0.14,0.18,0.18
2006-03-16,30.62,20.68,25.58,10.44,42.43,1.65,2.07,22.4,0.0,0.14,0.18,0.18
2006-03-17,29.0,21.61,24.45,14.76,56.81,5.58,6.69,13.58,3.48,0.18,0.18,0.18
2006-03-18,28.99,21.78,25.0,17.4,64.97,4.2,5.0,16.59,4.36,0.26,0.19,0.19
2006-03-19,29.01,21.84,24.96,18.13,67.98,4.23,5.13,18.07,4.76,0.28,0.2,0.2
2006-03-20,27.81,19.71,23.28,17.87,73.29,2.8,3.32,22.03,0.06,0.22,0.2,0.2
2006-03-21,26.85,18.7,22.56,16.13,71.75,4.17,5.0,19.77,0.0,0.2,0.19,0.2
2006-03-22,24.21,20.39,22.11,16.28,70.89,5.45,6.59,12.41,0.0,0.2,0.19,0.2
2006-03-23,25.21,18.28,21.7,14.46,65.02,4.02,4.83,23.6,0.0,0.19,0.19,0.19
2006-03-24,25.69,19.03,21.89,14.3,65.6,6.86,8.32,24.19,0.0,0.18,0.19,0.19
2006-03-25,26.22,18.6,22.23,13.97,61.77,3.25,3.95,24.2,0.0,0.17,0.19,0.19
2006-03-26,27.93,18.48,22.66,13.35,60.22,1.94,2.31,24.65,0.0,0.16,0.19,0.19
2006-03-27,29.26,18.89,23.51,9.4,45.63,1.17,1.37,24.62,0.0,0.16,0.18,0.19
2006-03-28,32.03,19.76,25.8,11.01,44.76,2.39,2.99,24.5,0.0,0.15,0.18,0.19
2006-03-29,30.23,22.45,26.02,14.89,53.68,3.33,4.09,18.15,0.05,0.15,0.18,0.19
2006-03-30,28.69,21.98,24.69,14.57,53.98,3.33,4.03,18.48,0.43,0.16,0.18,0.19
2006-03-31,27.17,19.99,23.12,15.51,65.97,3.51,4.23,24.11,0.0,0.16,0.18,0.19
2006-04-01,29.55,19.8,23.73,11.87,51.76,1.88,2.29,25.77,0.0,0.15,0.18,0.19
2006-04-02,26.5,20.38,23.38,13.92,56.49,2.28,2.7,12.54,0.68,0.15,0.18,0.18
2006-04-03,25.63,22.58,23.87,13.67,53.52,1.81,2.2,9.04,0.2,0.19,0.18,0.19
2006-04-04,32.4,22.52,27.19,14.28,47.58,1.5,1.95,22.07,0.0,0.17,0.18,0.18
2006-04-05,32.84,24.74,28.57,12.3,38.93,1.61,2.18,24.59,0.0,0.15,0.18,0.18
2006-04-06,32.56,25.22,28.85,13.53,42.17,2.96,3.79,23.62,0.0,0.13,0.18,0.18
2006-04-07,30.44,24.48,27.43,16.63,53.59,2.86,3.49,16.14,0.01,0.13,0.18,0.18
2006-04-08,25.62,21.33,23.82,16.13,64.23,7.26,8.67,23.02,0.0,0.13,0.18,0.18
2006-04-09,30.63,20.13,25.44,13.56,53.08,2.39,3.05,25.75,0.0,0.13,0.18,0.18
2006-04-10,32.37,22.25,26.86,10.05,38.99,2.3,2.93,22.51,0.0,0.12,0.17,0.18
2006-04-11,32.55,21.88,26.44,15.7,60.17,2.05,2.48,25.91,0.0,0.11,0.17,0.18
2006-04-12,32.31,21.4,26.45,15.18,57.32,2.49,2.95,25.09,0.02,0.11,0.17,0.18
2006-04-13,30.43,23.32,26.32,16.1,56.46,5.11,6.07,24.23,0.01,0.1,0.17,0.18
2006-04-14,29.15,22.47,25.44,17.88,64.77,4.14,4.88,25.04,0.0,0.1,0.17,0.18
2006-04-15,32.18,22.05,26.29,17.82,64.54,2.06,2.42,25.49,0.0,0.1,0.17,0.18
2006-04-16,33.17,22.52,27.44,16.22,56.92,1.89,2.23,26.25,0.0,0.1,0.17,0.18
2006-04-17,33.83,24.11,28.66,12.34,41.86,2.08,2.49,25.98,0.0,0.1,0.17,0.17
2006-04-18,34.41,26.61,30.32,10.41,32.21,2.63,3.42,24.59,0.01,0.1,0.17,0.17
2006-04-19,33.03,24.93,28.51,14.04,45.38,4.36,5.2,23.32,0.41,0.11,0.17,0.17
2006-04-20,31.4,23.26,26.74,18.02,63.09,5.58,6.66,26.55,0.0,0.11,0.17,0.17
2006-04-21,30.29,22.03,25.91,18.49,66.83,3.71,4.41,25.86,0.0,0.11,0.17,0.17
2006-04-22,32.28,21.16,26.48,16.67,61.1,1.98,2.32,26.24,0.0,0.1,0.17,0.17
2006-04-23,32.17,22.6,27.6,15.98,52.63,2.3,2.69,25.42,0.0,0.1,0.17,0.17
2006-04-24,33.59,25.08,29.09,14.87,44.76,2.12,2.51,25.48,0.0,0.1,0.17,0.17
2006-04-25,35.24,25.77,30.18,12.99,37.18,2.4,3.04,22.63,0.0,0.09,0.17,0.17
2006-04-26,37.9,27.47,32.28,14.14,36.73,3.71,4.73,21.7,0.0,0.09,0.17,0.17
2006-04-27,33.54,25.71,29.84,17.3,49.08,5.06,6.09,21.74,0.0,0.09,0.17,0.17
2006-04-28,31.59,23.71,27.35,13.99,51.52,4.67,5.59,26.32,0.0,0.09,0.17,0.17
2006-04-29,31.48,22.77,26.93,18.08,62.93,5.26,6.29,25.93,0.0,0.09,0.16,0.17
2006-04-30,32.53,23.23,27.8,18.97,64.07,3.79,4.55,26.8,0.0,0.09,0.16,0.17
2006-05-01,35.49,23.93,29.75,16.98,52.89,2.24,2.8,26.19,0.0,0.09,0.16,0.17
2006-05-02,35.32,28.26,31.67,11.68,32.31,1.14,1.42,25.28,0.0,0.09,0.16,0.17
2006-05-03,37.39,29.47,32.85,12.98,32.97,1.65,2.07,26.2,0.0,0.08,0.16,0.17
2006-05-04,37.81,29.26,32.84,14.88,36.85,2.13,2.68,26.15,0.0,0.08,0.16,0.17
2006-05-05,37.37,27.95,32.68,15.43,39.22,2.72,3.26,26.49,0.0,0.08,0.16,0.17
2006-05-06,35.85,26.03,30.39,20.68,61.57,4.03,4.8,26.2,0.0,0.08,0.16,0.17
2006-05-07,36.21,25.49,30.28,21.03,63.86,4.28,5.11,26.46,0.0,0.08,0.16,0.17
2006-05-08,35.63,25.09,29.9,21.62,65.76,3.65,4.29,25.55,0.0,0.08,0.16,0.16
2006-05-09,36.51,24.99,30.33,20.34,61.93,2.37,2.79,26.79,0.0,0.08,0.16,0.16
2006-05-10,37.15,26.24,31.3,19.59,55.57,2.1,2.43,26.36,0.0,0.08,0.16,0.16
2006-05-11,37.59,26.33,31.74,17.72,47.93,3.21,3.8,26.28,0.0,0.08,0.16,0.16
2006-05-12,36.08,27.24,31.42,21.0,58.47,3.47,4.06,25.85,0.0,0.08,0.16,0.16
2006-05-13,36.13,26.34,30.69,21.8,64.35,4.87,5.73,26.32,0.0,0.08,0.16,0.16
2006-05-14,34.88,25.68,30.12,19.58,58.95,4.98,5.88,26.04,0.0,0.08,0.16,0.16
2006-05-15,34.88,25.27,30.03,19.85,60.39,3.91,4.63,26.22,0.0,0.08,0.16,0.16
2006-05-16,34.99,25.81,30.28,21.81,64.92,3.13,3.66,26.59,0.0,0.08,0.16,0.16
2006-05-17,36.89,25.38,31.09,19.24,55.3,1.87,2.2,27.03,0.0,0.08,0.16,0.16
2006-05-18,38.11,27.29,32.46,18.95,50.09,1.54,1.8,27.16,0.0,0.08,0.16,0.16
2006-05-19,37.68,28.82,32.79,18.45,46.14,2.01,2.36,26.5,0.0,0.07,0.16,0.16
2006-05-20,37.46,27.21,32.47,19.02,51.51,3.13,3.76,27.22,0.0,0.07,0.16,0.16
2006-05-21,39.43,28.2,33.12,21.19,57.13,4.23,5.05,26.43,0.0,0.07,0.16,0.16
2006-05-22,35.72,28.54,31.76,18.95,52.4,5.91,7.01,27.79,0.0,0.07,0.16,0.16
2006-05-23,35.42,27.72,31.22,19.97,57.03,6.51,7.75,27.95,0.0,0.07,0.16,0.16
2006-05-24,35.52,26.8,30.79,20.55,60.97,4.47,5.29,27.56,0.0,0.07,0.16,0.16
2006-05-25,38.38,25.88,31.73,21.45,61.72,2.24,2.64,26.87,0.0,0.07,0.16,0.16
2006-05-26,39.71,27.33,33.48,18.91,48.51,1.82,2.22,27.13,0.0,0.07,0.16,0.16
2006-05-27,38.42,29.35,33.58,19.02,46.87,2.18,2.57,27.75,0.0,0.07,0.16,0.16
2006-05-28,38.72,27.65,32.65,21.29,58.58,3.63,4.29,28.11,0.0,0.07,0.15,0.16
2006-05-29,39.88,26.0,32.21,19.14,56.88,2.67,3.15,28.3,0.0,0.07,0.15,0.16
2006-05-30,41.03,27.22,33.8,17.9,49.11,1.34,1.59,28.21,0.0,0.06,0.15,0.16
2006-05-31,44.25,29.21,36.23,15.2,41.03,1.57,1.88,27.55,0.0,0.06,0.15,0.16
2006-06-01,43.17,31.22,36.19,11.98,29.22,1.85,2.37,27.2,0.0,0.06,0.15,0.16
2006-06-02,42.17,31.53,37.08,11.54,25.33,2.69,3.5,26.16,0.0,0.06,0.15,0.16
2006-06-03,42.57,31.64,36.81,10.58,23.51,3.67,4.67,26.77,0.0,0.05,0.15,0.16
2006-06-04,42.0,29.87,36.01,13.49,29.26,2.15,2.71,27.52,0.01,0.05,0.15,0.16
2006-06-05,40.83,29.96,35.81,15.41,33.39,3.78,4.71,27.03,0.0,0.05,0.15,0.16
2006-06-06,40.56,30.41,35.46,19.14,41.0,2.75,3.41,27.0,0.01,0.05,0.15,0.15
2006-06-07,39.59,30.95,34.91,18.02,38.7,2.85,3.5,27.07,0.0,0.05,0.15,0.15
2006-06-08,39.81,31.66,35.05,16.05,35.21,2.05,2.56,26.09,0.06,0.06,0.15,0.15
2006-06-09,38.48,30.24,33.8,17.33,40.7,2.81,3.31,26.43,0.0,0.06,0.15,0.15
2006-06-10,36.54,28.68,32.63,20.27,52.68,3.57,4.2,26.66,0.0,0.06,0.15,0.15
2006-06-11,37.19,28.03,32.45,22.3,61.46,3.08,3.65,26.38,0.06,0.06,0.15,0.15
2006-06-12,38.53,27.39,33.06,21.61,56.92,1.88,2.22,27.54,0.0,0.06,0.15,0.15
2006-06-13,41.19,29.35,35.09,21.03,51.66,1.09,1.32,27.68,0.0,0.06,0.15,0.15
2006-06-14,42.98,30.75,36.24,18.11,40.35,1.42,1.76,27.62,0.07,0.06,0.15,0.15
2006-06-15,40.44,31.68,35.27,20.02,44.34,2.3,2.69,27.03,0.0,0.06,0.15,0.15
2006-06-16,38.87,30.02,34.14,20.58,49.97,2.85,3.31,26.69,0.0,0.06,0.15,0.15
2006-06-17,39.26,29.44,34.29,20.59,51.69,3.2,3.85,26.3,0.0,0.06,0.15,0.15
2006-06-18,39.75,31.19,35.03,15.75,36.51,2.24,2.65,26.18,0.0,0.06,0.15,0.15
2006-06-19,39.51,30.18,34.83,19.83,46.19,2.12,2.59,26.79,0.0,0.06,0.15,0.15
2006-06-20,40.02,30.03,35.16,21.77,49.19,1.87,2.29,26.62,0.0,0.06,0.15,0.15
2006-06-21,40.45,31.84,36.09,22.47,48.41,1.73,2.1,25.58,0.0,0.06,0.15,0.15
2006-06-22,39.99,32.21,35.74,22.93,50.46,2.4,2.83,26.54,0.01,0.06,0.15,0.15
2006-06-23,41.2,32.21,36.28,21.55,45.6,2.3,2.76,25.83,0.0,0.06,0.15,0.15
2006-06-24,40.82,32.55,36.09,20.59,42.74,3.15,3.75,25.44,0.0,0.06,0.15,0.15
2006-06-25,38.49,30.36,34.18,25.62,65.38,3.44,3.98,26.06,0.0,0.06,0.15,0.15
2006-06-26,39.51,30.09,34.27,26.25,68.09,3.48,4.06,25.94,0.0,0.06,0.15,0.15
2006-06-27,41.17,30.1,34.88,24.49,60.74,2.7,3.09,25.84,0.02,0.06,0.15,0.15
2006-06-28,41.31,32.14,36.57,23.9,51.53,2.3,2.71,26.21,0.16,0.07,0.15,0.15
2006-06-29,41.07,32.26,36.03,23.5,51.1,2.9,3.36,25.63,0.02,0.07,0.15,0.15
2006-06-30,39.21,30.69,34.58,23.66,58.82,4.29,4.99,27.02,0.0,0.07,0.15,0.15
2006-07-01,38.1,30.78,33.97,22.04,54.45,7.15,8.53,28.47,0.0,0.07,0.15,0.15
2006-07-02,37.83,30.25,33.84,21.97,54.92,6.59,7.85,28.76,0.0,0.07,0.15,0.15
2006-07-03,37.51,28.85,33.23,22.35,58.66,4.91,5.77,27.65,0.0,0.07,0.15,0.15
2006-07-04,37.81,29.08,33.6,21.79,55.42,3.42,4.0,27.66,0.0,0.07,0.15,0.15
2006-07-05,37.69,29.83,33.64,23.52,59.97,4.36,5.07,25.89,0.0,0.06,0.15,0.15
2006-07-06,37.9,30.38,33.67,25.26,64.54,4.59,5.35,24.39,0.0,0.06,0.15,0.15
2006-07-07,38.12,30.78,34.15,22.57,55.95,3.58,4.13,22.16,0.0,0.07,0.15,0.15
2006-07-08,40.07,30.21,34.43,22.34,54.02,2.65,3.06,23.0,0.0,0.06,0.15,0.15
2006-07-09,39.51,29.78,34.08,25.09,63.53,3.34,3.84,24.47,0.0,0.06,0.15,0.15
2006-07-10,36.63,30.15,32.87,25.56,67.37,5.03,5.84,24.88,0.0,0.06,0.15,0.15
2006-07-11,37.78,28.86,32.95,23.31,59.56,3.72,4.27,23.29,0.0,0.06,0.15,0.15
2006-07-12,38.03,28.89,32.94,23.59,61.08,2.41,2.73,23.48,0.0,0.06,0.15,0.15
2006-07-13,38.43,29.69,33.96,21.92,53.28,2.19,2.51,24.87,0.0,0.06,0.15,0.15
2006-07-14,39.03,30.32,34.42,21.41,51.05,2.16,2.48,25.05,0.0,0.06,0.15,0.15
2006-07-15,38.77,29.69,33.8,23.34,59.29,3.08,3.59,25.94,0.0,0.06,0.15,0.15
2006-07-16,38.69,29.78,33.9,25.47,65.33,3.96,4.57,26.24,0.0,0.06,0.15,0.15
2006-07-17,38.59,30.27,33.78,25.8,67.47,3.89,4.47,25.85,0.0,0.06,0.15,0.15
2006-07-18,40.72,29.37,35.3,23.44,54.9,2.92,3.53,24.04,0.0,0.06,0.15,0.15
2006-07-19,41.96,32.13,37.25,20.09,40.09,3.62,4.44,24.67,0.0,0.06,0.15,0.15
2006-07-20,40.8,30.84,36.02,21.3,45.94,3.74,4.47,25.26,0.01,0.06,0.15,0.15
2006-07-21,42.16,30.98,36.73,19.91,41.27,3.17,3.81,25.38,0.0,0.06,0.15,0.15
2006-07-22,43.07,30.81,37.07,19.04,39.18,2.41,2.97,25.47,0.0,0.06,0.15,0.15
2006-07-23,41.9,32.3,36.42,20.37,43.47,2.58,3.04,26.43,0.0,0.05,0.15,0.15
2006-07-24,40.74,31.6,35.62,22.6,52.58,2.3,2.66,22.84,5.76,0.12,0.15,0.15
2006-07-25,40.82,32.14,36.24,21.55,45.39,1.96,2.34,23.5,0.15,0.16,0.16,0.16
2006-07-26,39.26,33.46,36.26,21.47,43.93,2.57,3.04,24.67,0.0,0.12,0.16,0.16
2006-07-27,40.71,32.85,36.7,20.33,41.14,2.83,3.49,25.78,0.0,0.11,0.15,0.16
2006-07-28,41.18,32.06,36.46,22.72,48.58,2.69,3.29,21.55,0.0,0.1,0.15,0.16
2006-07-29,40.94,32.98,36.22,24.21,52.34,2.2,2.6,20.9,0.0,0.09,0.15,0.15
2006-07-30,38.55,31.15,34.4,24.44,59.73,2.14,2.42,23.22,0.0,0.09,0.15,0.15
2006-07-31,39.37,30.92,34.75,24.23,57.07,3.85,4.5,20.6,0.0,0.09,0.15,0.15
2006-08-01,37.42,30.79,33.99,22.41,52.99,4.41,5.15,13.29,0.0,0.09,0.15,0.15
2006-08-02,37.48,32.26,34.46,22.64,51.13,3.99,4.61,20.13,0.0,0.09,0.15,0.15
2006-08-03,38.34,32.23,35.07,22.76,50.11,2.23,2.58,20.05,0.0,0.09,0.15,0.15
2006-08-04,39.41,32.08,35.48,23.48,51.9,3.85,4.55,22.99,0.0,0.09,0.15,0.15
2006-08-05,38.71,31.43,34.42,24.68,59.24,4.42,5.24,23.55,0.0,0.08,0.15,0.15
2006-08-06,38.24,30.36,34.05,24.07,58.15,4.22,4.98,24.22,0.0,0.08,0.15,0.15
2006-08-07,39.57,30.36,35.06,23.81,54.78,3.82,4.53,23.84,0.0,0.08,0.15,0.15
2006-08-08,38.76,33.0,35.51,23.67,51.69,3.82,4.51,22.27,0.0,0.08,0.15,0.15
2006-08-09,38.39,31.98,35.21,22.63,49.66,3.74,4.38,23.07,0.0,0.08,0.15,0.15
2006-08-10,39.53,31.44,35.23,20.31,43.33,2.25,2.64,23.21,0.0,0.08,0.15,0.15
2006-08-11,41.71,31.55,36.27,22.16,47.98,2.14,2.58,23.67,0.0,0.08,0.15,0.15
2006-08-12,42.53,32.21,37.04,21.43,44.39,1.69,2.06,23.48,0.0,0.07,0.15,0.15
2006-08-13,41.75,33.18,36.68,21.4,44.67,1.9,2.23,24.45,0.0,0.07,0.15,0.15
2006-08-14,42.47,33.3,37.25,22.28,45.35,1.64,1.97,24.46,0.0,0.07,0.15,0.15
2006-08-15,41.95,33.2,37.03,22.25,45.35,2.03,2.42,23.67,0.0,0.07,0.15,0.15
2006-08-16,41.51,33.05,37.58,23.38,46.78,1.74,2.22,22.47,0.0,0.07,0.15,0.15
2006-08-17,41.69,33.47,37.27,19.16,38.12,4.15,5.0,22.65,0.0,0.07,0.15,0.15
2006-08-18,40.9,31.89,36.16,18.74,41.54,3.88,4.69,24.03,0.0,0.06,0.15,0.15
2006-08-19,40.77,29.87,35.24,20.6,45.82,3.16,3.76,25.05,0.0,0.06,0.15,0.15
2006-08-20,41.13,30.73,35.29,19.12,42.95,2.07,2.45,24.95,0.0,0.06,0.15,0.15
2006-08-21,41.6,30.32,36.03,15.99,38.44,2.1,2.72,25.72,0.0,0.06,0.15,0.15
2006-08-22,41.2,30.26,35.86,15.38,33.0,2.35,2.98,25.81,0.0,0.06,0.15,0.15
2006-08-23,41.8,30.55,36.05,18.03,38.32,2.49,3.03,25.58,0.0,0.05,0.15,0.15
2006-08-24,41.39,30.99,36.12,20.05,42.37,3.23,3.84,24.64,0.0,0.05,0.15,0.15
2006-08-25,40.81,30.46,35.69,21.43,47.12,3.99,4.7,24.62,0.22,0.06,0.15,0.15
2006-08-26,39.14,30.36,34.91,20.72,45.92,3.37,3.92,23.8,0.0,0.06,0.15,0.15
2006-08-27,38.86,32.33,35.25,20.11,42.27,2.8,3.32,24.1,0.0,0.06,0.15,0.15
2006-08-28,39.2,30.97,34.97,18.52,39.32,2.52,2.97,24.05,0.0,0.06,0.15,0.15
2006-08-29,39.54,31.42,35.31,18.54,39.03,2.85,3.39,24.79,0.0,0.06,0.15,0.15
2006-08-30,40.1,31.55,35.53,19.99,43.0,2.69,3.24,23.9,0.0,0.06,0.15,0.15
2006-08-31,38.54,31.48,34.67,21.07,47.43,2.34,2.7,23.82,0.0,0.06,0.15,0.15
2006-09-01,37.84,30.0,33.87,19.52,45.69,1.88,2.16,22.58,0.0,0.06,0.15,0.15
2006-09-02,39.34,30.62,34.73,20.37,46.89,2.53,3.04,22.7,0.0,0.06,0.15,0.15
2006-09-03,39.61,30.33,34.47,20.68,47.94,3.43,4.08,22.63,0.0,0.06,0.15,0.15
2006-09-04,38.24,29.41,33.85,20.96,50.25,3.08,3.63,23.09,0.0,0.06,0.15,0.15
2006-09-05,37.95,30.27,34.09,21.29,49.02,3.48,4.07,21.71,0.01,0.06,0.15,0.15
2006-09-06,38.0,30.28,34.08,19.99,45.29,2.7,3.13,23.36,0.0,0.06,0.15,0.15
2006-09-07,38.44,31.07,34.14,18.88,43.06,2.51,2.91,23.4,0.0,0.06,0.15,0.15
2006-09-08,37.7,30.14,33.32,22.56,56.83,2.74,3.17,23.24,0.0,0.06,0.15,0.15
2006-09-09,37.67,29.59,33.13,22.95,59.32,2.2,2.53,22.88,0.0,0.06,0.15,0.15
2006-09-10,38.7,29.75,33.61,22.13,55.0,2.44,2.82,22.73,0.0,0.06,0.15,0.15
2006-09-11,37.23,29.7,32.89,23.68,61.97,2.05,2.38,22.22,0.0,0.06,0.15,0.15
2006-09-12,39.65,29.27,34.07,21.12,51.99,1.54,1.78,22.28,0.0,0.06,0.15,0.15
2006-09-13,40.51,30.77,35.05,19.65,45.16,1.43,1.71,22.57,0.0,0.06,0.15,0.15
2006-09-14,40.48,29.94,34.97,18.53,41.95,2.5,3.04,22.78,0.0,0.05,0.15,0.15
2006-09-15,39.96,28.42,33.97,19.08,45.85,3.05,3.58,22.73,0.0,0.05,0.15,0.15
2006-09-16,39.16,28.2,33.6,19.92,48.74,3.12,3.65,22.55,0.0,0.05,0.15,0.15
2006-09-17,37.6,28.89,33.15,20.15,49.67,3.17,3.64,23.04,0.0,0.05,0.15,0.15
2006-09-18,36.44,30.01,32.95,21.43,52.42,2.76,3.17,22.2,0.0,0.05,0.15,0.15
2006-09-19,37.61,29.92,33.29,21.03,51.23,2.44,2.89,21.84,0.0,0.05,0.15,0.15
2006-09-20,39.68,30.92,34.75,19.09,43.55,2.2,2.61,21.31,0.0,0.05,0.15,0.15
2006-09-21,40.42,30.88,35.11,19.54,44.15,1.78,2.09,21.93,0.0,0.05,0.15,0.15
2006-09-22,38.25,30.92,34.04,22.76,55.04,2.69,3.15,21.39,0.0,0.05,0.15,0.15
2006-09-23,38.07,30.59,33.76,21.43,51.92,2.94,3.47,21.9,0.0,0.05,0.15,0.15
2006-09-24,38.3,30.07,33.6,19.99,49.25,2.52,3.01,22.3,0.0,0.05,0.15,0.15
2006-09-25,37.34,29.1,32.62,21.15,56.41,1.62,1.91,21.56,0.0,0.05,0.15,0.15
2006-09-26,38.14,28.91,32.96,17.87,44.85,1.53,1.76,21.19,0.0,0.05,0.15,0.15
2006-09-27,37.18,28.32,32.15,17.74,46.25,1.79,2.07,21.78,0.0,0.05,0.15,0.15
2006-09-28,37.89,27.62,32.55,20.0,49.99,2.45,2.88,22.4,0.0,0.05,0.15,0.15
2006-09-29,37.3,27.52,31.95,21.08,56.3,2.65,3.04,19.95,0.0,0.05,0.15,0.15
2006-09-30,35.59,28.45,31.41,20.83,55.65,2.05,2.3,20.74,0.0,0.05,0.15,0.15
2006-10-01,36.51,28.84,32.0,20.29,52.06,1.6,1.83,20.76,0.0,0.05,0.15,0.15
2006-10-02,36.45,29.4,32.55,20.5,50.94,2.31,2.72,20.77,0.0,0.05,0.15,0.15
2006-10-03,37.1,29.54,32.93,20.71,51.93,2.7,3.24,20.96,0.0,0.05,0.15,0.15
2006-10-04,39.38,29.84,33.76,20.73,51.82,1.94,2.39,20.77,0.0,0.05,0.15,0.15
2006-10-05,38.23,29.53,33.02,21.0,53.74,2.21,2.64,19.08,0.0,0.05,0.15,0.15
2006-10-06,36.71,29.34,32.35,22.64,60.98,4.17,4.99,20.64,0.0,0.05,0.15,0.15
2006-10-07,33.52,28.23,30.66,20.47,55.65,4.33,5.08,20.53,0.0,0.05,0.15,0.15
2006-10-08,33.97,28.43,30.73,20.03,54.38,3.62,4.34,20.17,0.0,0.05,0.15,0.15
2006-10-09,33.66,27.81,30.36,18.6,50.53,2.11,2.5,21.2,0.0,0.05,0.15,0.15
2006-10-10,35.76,27.7,31.49,19.83,51.42,3.18,3.76,19.95,0.0,0.05,0.15,0.15
2006-10-11,35.22,27.29,31.06,20.09,54.91,2.38,2.77,19.14,0.0,0.05,0.15,0.15
2006-10-12,34.93,27.37,30.78,19.87,54.94,2.15,2.51,18.75,0.0,0.05,0.15,0.15
2006-10-13,35.01,28.25,30.95,21.88,60.99,2.95,3.49,19.53,0.0,0.05,0.15,0.15
2006-10-14,34.7,28.02,30.88,21.56,60.19,3.03,3.58,19.42,0.0,0.05,0.15,0.15
2006-10-15,35.5,28.15,31.4,20.4,54.93,1.87,2.21,18.95,0.0,0.05,0.15,0.15
2006-10-16,35.5,26.75,30.99,18.69,52.03,1.87,2.27,17.63,0.0,0.05,0.15,0.15
2006-10-17,34.87,28.0,31.0,19.15,51.52,1.67,1.93,18.77,0.0,0.05,0.15,0.15
2006-10-18,35.75,26.88,30.76,19.42,55.82,1.67,2.0,19.78,0.0,0.05,0.15,0.15
2006-10-19,35.39,27.31,30.58,21.58,63.84,3.28,3.94,18.63,0.0,0.05,0.15,0.15
2006-10-20,35.1,26.77,30.38,21.71,63.39,2.71,3.28,19.31,0.0,0.05,0.15,0.15
2006-10-21,33.87,26.6,29.8,21.0,61.74,2.13,2.48,18.57,0.0,0.05,0.15,0.15
2006-10-22,34.59,27.59,30.04,20.29,59.3,2.19,2.55,18.01,0.0,0.05,0.15,0.15
2006-10-23,34.2,26.02,29.5,19.44,58.58,2.23,2.61,18.28,0.0,0.06,0.15,0.15
2006-10-24,33.82,25.97,29.52,17.08,51.36,1.49,1.76,17.56,0.0,0.06,0.15,0.15
2006-10-25,34.65,25.27,29.58,15.93,47.86,1.86,2.22,18.39,0.0,0.06,0.15,0.15
2006-10-26,33.5,25.39,29.25,16.28,49.1,1.71,2.03,18.02,0.0,0.06,0.15,0.15
2006-10-27,33.87,26.18,29.63,17.62,50.88,1.94,2.34,17.64,0.0,0.06,0.15,0.15
2006-10-28,33.48,26.31,29.71,17.15,49.28,2.2,2.67,17.58,0.13,0.06,0.15,0.15
2006-10-29,34.15,26.36,30.02,17.44,49.09,2.31,2.83,17.86,0.0,0.06,0.15,0.15
2006-10-30,33.97,27.21,30.32,17.49,48.53,1.79,2.22,17.7,0.0,0.06,0.15,0.15
2006-10-31,33.47,27.19,29.88,17.75,49.7,1.79,2.12,17.38,0.0,0.06,0.15,0.15
2006-11-01,34.87,27.2,30.1,19.21,55.34,1.96,2.41,17.21,0.0,0.06,0.15,0.15
2006-11-02,34.69,26.29,29.91,20.57,60.98,1.88,2.22,16.77,0.01,0.06,0.15,0.15
2006-11-03,34.68,26.42,30.16,16.83,48.1,1.76,2.15,17.71,0.92,0.08,0.15,0.15
2006-11-04,32.99,25.59,29.01,16.04,48.0,2.9,3.49,16.3,0.0,0.1,0.15,0.15
2006-11-05,32.18,25.57,28.6,19.85,61.34,3.48,4.17,16.93,0.01,0.1,0.15,0.15
2006-11-06,31.88,25.83,28.57,21.54,66.85,2.56,3.06,15.43,0.68,0.12,0.15,0.15
2006-11-07,33.6,26.18,28.93,19.61,60.67,1.56,1.86,16.65,0.0,0.12,0.15,0.15
2006-11-08,32.63,24.99,28.03,21.62,71.22,2.81,3.35,16.95,0.0,0.12,0.15,0.15
2006-11-09,31.18,25.82,28.07,22.16,71.9,3.35,4.05,13.99,0.0,0.11,0.15,0.15
2006-11-10,31.9,25.93,28.4,20.06,61.91,2.79,3.34,16.05,0.0,0.11,0.15,0.15
2006-11-11,31.11,25.32,27.75,19.28,61.27,2.14,2.46,16.17,0.0,0.11,0.15,0.15
2006-11-12,31.31,25.56,27.84,18.49,58.23,2.44,2.85,16.14,0.0,0.11,0.15,0.15
2006-11-13,31.55,24.65,27.83,17.43,55.78,2.42,2.85,14.6,0.0,0.11,0.15,0.15
2006-11-14,31.57,25.97,28.13,18.08,56.47,2.26,2.64,15.51,0.0,0.1,0.15,0.15
2006-11-15,31.96,24.92,28.07,17.5,55.26,2.29,2.7,14.91,0.0,0.1,0.15,0.15
2006-11-16,32.0,25.02,28.01,18.28,58.34,2.51,2.93,12.92,0.05,0.1,0.15,0.15
2006-11-17,29.34,25.05,26.79,18.32,60.75,3.42,4.06,14.82,0.06,0.1,0.15,0.15
2006-11-18,28.1,24.69,26.01,16.81,57.42,5.01,5.97,13.65,0.0,0.1,0.15,0.15
2006-11-19,28.22,23.59,25.54,16.28,57.08,4.19,5.01,15.24,0.0,0.1,0.15,0.15
2006-11-20,27.07,23.4,25.08,17.98,65.21,4.44,5.29,13.17,0.05,0.1,0.15,0.15
2006-11-21,26.27,22.39,24.37,14.39,54.61,4.8,5.75,16.37,0.0,0.1,0.15,0.15
2006-11-22,27.58,21.92,24.33,10.64,42.82,1.97,2.33,15.64,0.0,0.1,0.15,0.15
2006-11-23,27.87,21.77,24.28,10.08,41.52,1.97,2.32,15.93,0.0,0.1,0.15,0.15
2006-11-24,28.34,22.58,24.71,11.49,44.86,1.86,2.18,15.55,0.0,0.1,0.15,0.15
2006-11-25,28.97,22.62,25.22,16.04,58.14,1.51,1.82,15.12,0.07,0.1,0.15,0.15
2006-11-26,28.78,21.78,24.77,16.89,63.17,4.18,4.97,7.99,3.14,0.15,0.15,0.15
2006-11-27,24.46,19.82,22.02,14.8,64.44,3.49,4.1,15.2,0.03,0.18,0.15,0.15
2006-11-28,25.42,20.63,23.05,16.1,65.24,3.81,4.57,11.94,0.07,0.16,0.15,0.15
2006-11-29,25.35,21.29,23.21,15.32,61.47,4.17,4.98,13.24,0.03,0.15,0.15,0.15
2006-11-30,25.74,21.11,23.07,14.67,59.39,3.36,4.06,11.9,0.0,0.14,0.15,0.15
2006-12-01,27.26,20.69,23.66,14.86,58.91,2.62,3.07,8.94,0.94,0.15,0.15,0.15
2006-12-02,19.98,17.91,19.03,15.67,80.94,4.07,4.73,1.92,52.04,0.43,0.21,0.2
2006-12-03,22.67,18.53,20.62,13.21,63.27,5.59,6.73,10.61,0.55,0.35,0.26,0.25
2006-12-04,22.01,16.95,19.57,9.21,52.26,4.17,5.08,15.7,0.69,0.31,0.25,0.25
2006-12-05,22.01,16.14,18.73,8.47,52.68,3.11,3.86,15.02,0.0,0.28,0.24,0.25
2006-12-06,23.55,16.66,20.03,10.05,53.49,1.86,2.4,12.71,0.0,0.27,0.24,0.24
2006-12-07,25.49,18.53,21.4,15.03,68.06,3.81,4.54,10.24,0.01,0.27,0.24,0.24
2006-12-08,24.65,19.84,21.94,13.05,57.62,1.95,2.34,8.79,1.58,0.28,0.23,0.24
2006-12-09,24.12,19.42,21.55,15.12,67.13,3.21,3.9,10.19,0.69,0.3,0.24,0.24
2006-12-10,24.83,18.57,21.4,12.08,56.18,2.78,3.36,14.4,0.0,0.28,0.24,0.24
2006-12-11,24.11,18.54,21.09,11.95,56.78,3.66,4.45,5.27,0.61,0.27,0.23,0.24
2006-12-12,22.41,19.15,20.52,16.97,80.11,3.92,4.69,5.01,14.21,0.39,0.25,0.26
2006-12-13,22.86,19.12,20.56,13.56,64.91,2.72,3.31,13.75,0.19,0.33,0.26,0.27
2006-12-14,20.34,17.43,19.07,14.45,74.64,2.46,2.89,7.23,7.52,0.39,0.27,0.27
2006-12-15,22.63,17.7,19.91,13.65,67.79,2.84,3.45,12.94,0.0,0.34,0.27,0.28
2006-12-16,24.2,18.09,20.93,11.71,56.77,2.53,2.99,9.38,0.0,0.32,0.27,0.27
2006-12-17,26.73,19.76,22.43,17.14,73.18,4.55,5.47,10.05,0.09,0.32,0.26,0.27
2006-12-18,22.48,18.26,19.82,15.68,77.61,5.34,6.4,5.37,2.81,0.35,0.27,0.28
2006-12-19,19.89,16.72,18.23,12.24,68.4,5.66,6.89,9.84,0.12,0.34,0.27,0.28
2006-12-20,21.93,16.76,19.29,10.78,58.16,1.31,1.6,14.44,0.0,0.32,0.26,0.27
2006-12-21,23.13,18.07,19.95,10.82,56.32,1.48,1.81,14.61,0.0,0.31,0.26,0.27
2006-12-22,22.54,17.38,19.77,10.37,55.07,1.69,2.04,13.16,0.06,0.31,0.26,0.27
2006-12-23,22.7,18.03,19.79,13.06,65.9,2.97,3.63,11.77,0.76,0.32,0.26,0.27
2006-12-24,23.06,15.99,19.5,13.93,71.89,2.62,3.12,10.3,7.37,0.34,0.26,0.27
2006-12-25,21.15,16.87,19.02,13.07,68.84,2.21,2.74,11.73,2.1,0.38,0.28,0.28
2006-12-26,21.95,18.15,19.44,10.53,56.54,1.54,1.84,13.86,0.0,0.34,0.27,0.28
2006-12-27,22.96,17.68,19.65,9.76,54.04,1.56,1.9,14.8,0.0,0.33,0.27,0.28
2006-12-28,24.39,16.58,20.01,13.83,69.49,3.3,4.04,11.91,0.0,0.32,0.27,0.28
2006-12-29,22.37,17.31,19.35,13.44,68.84,4.31,5.14,11.5,0.07,0.32,0.27,0.28
2006-12-30,19.91,16.88,18.32,12.13,67.43,7.03,8.41,6.82,0.04,0.32,0.27,0.28
2006-12-31,19.28,15.8,17.21,10.88,66.82,5.96,7.11,9.65,0.0,0.31,0.26,0.28
2007-01-01,19.83,15.74,17.7,9.87,60.45,2.49,3.06,11.52,0.0,0.31,0.26,0.27
2007-01-02,19.32,15.69,17.39,10.26,63.36,4.69,5.66,13.52,0.0,0.31,0.26,0.27
2007-01-03,20.18,15.45,17.57,9.22,58.37,3.61,4.44,11.79,0.0,0.31,0.26,0.27
2007-01-04,20.93,14.98,17.59,6.3,48.7,2.52,3.05,15.47,0.0,0.3,0.26,0.27
2007-01-05,20.45,14.47,16.85,4.71,46.34,2.54,3.09,15.05,0.0,0.3,0.26,0.27
2007-01-06,21.01,13.15,16.97,5.85,48.91,1.57,1.9,14.47,0.0,0.3,0.26,0.27
2007-01-07,21.73,15.75,18.26,10.84,63.07,2.04,2.47,11.9,0.0,0.3,0.25,0.27
2007-01-08,21.67,17.06,18.77,13.23,70.87,2.92,3.5,9.07,0.0,0.3,0.25,0.26
2007-01-09,20.35,15.78,18.0,10.9,63.89,4.78,5.87,15.2,0.0,0.29,0.25,0.26
2007-01-10,20.69,15.48,17.75,10.92,64.85,3.0,3.7,14.44,0.0,0.29,0.25,0.26
2007-01-11,20.13,15.99,17.81,11.11,65.26,1.54,1.89,12.93,0.0,0.29,0.25,0.26
2007-01-12,23.73,16.47,19.21,10.12,56.88,2.96,3.59,14.48,0.0,0.29,0.25,0.26
2007-01-13,24.74,16.69,19.79,11.49,60.64,3.03,3.77,14.97,0.0,0.28,0.25,0.26
2007-01-14,23.9,17.42,20.0,12.25,62.7,2.55,3.05,14.63,0.0,0.28,0.25,0.26
2007-01-15,22.0,17.97,19.77,14.03,70.41,5.64,6.88,13.42,0.0,0.28,0.24,0.26
2007-01-16,21.99,17.21,19.54,13.85,70.61,2.34,2.84,13.55,0.0,0.28,0.24,0.25
2007-01-17,19.99,17.12,18.35,14.29,77.49,5.48,6.65,6.92,0.37,0.29,0.24,0.25
2007-01-18,20.34,15.53,17.74,11.58,67.88,3.2,3.91,13.36,0.0,0.29,0.24,0.25
2007-01-19,21.86,16.43,18.82,10.64,59.94,2.27,2.66,8.6,0.05,0.28,0.24,0.25
2007-01-20,22.03,16.48,18.74,10.38,58.92,1.64,1.95,15.56,0.02,0.28,0.24,0.25
2007-01-21,23.38,16.75,19.77,11.16,58.56,1.56,1.97,13.68,0.05,0.28,0.24,0.25
2007-01-22,22.56,18.0,20.24,14.19,69.18,3.15,3.91,12.65,3.8,0.31,0.24,0.25
2007-01-23,20.52,16.7,18.84,14.65,77.36,4.68,5.7,7.57,5.02,0.36,0.25,0.26
2007-01-24,22.68,16.66,19.27,10.76,58.99,3.24,4.02,16.84,0.0,0.31,0.25,0.26
2007-01-25,23.03,15.42,18.83,7.91,50.64,3.78,4.7,16.96,0.0,0.29,0.25,0.26
2007-01-26,23.22,15.46,18.9,7.55,49.21,2.86,3.52,17.26,0.0,0.28,0.25,0.26
2007-01-27,23.18,17.17,19.69,11.14,58.9,1.82,2.23,17.47,0.0,0.28,0.25,0.26
2007-01-28,22.47,16.89,19.21,11.71,63.38,2.36,2.9,16.81,0.0,0.28,0.24,0.25
2007-01-29,23.99,16.63,19.48,11.06,60.3,1.67,2.04,18.03,0.0,0.28,0.24,0.25
2007-01-30,24.26,17.64,20.42,10.95,55.83,1.69,2.14,17.73,0.0,0.27,0.24,0.25
2007-01-31,26.38,17.2,21.3,13.79,65.21,2.43,3.14,16.68,0.0,0.27,0.24,0.25
2007-02-01,25.91,18.16,21.79,15.98,71.91,2.2,2.8,15.83,0.01,0.27,0.24,0.25
2007-02-02,26.65,19.35,22.44,15.88,67.98,1.85,2.22,6.39,1.28,0.28,0.24,0.25
2007-02-03,25.25,19.58,21.79,16.31,71.99,1.97,2.4,16.21,0.21,0.29,0.24,0.25
2007-02-04,29.8,19.38,24.38,16.2,63.19,4.15,5.31,14.34,0.26,0.27,0.24,0.25
2007-02-05,25.26,18.42,21.87,14.2,64.49,3.33,4.09,16.86,0.03,0.27,0.24,0.25
2007-02-06,24.53,17.74,20.68,13.37,64.76,2.25,2.77,17.12,0.0,0.26,0.23,0.24
2007-02-07,28.05,18.39,22.05,14.15,63.63,3.62,4.35,14.61,2.15,0.28,0.23,0.24
2007-02-08,24.41,18.58,21.03,16.65,76.47,4.45,5.28,16.52,3.0,0.33,0.24,0.25
2007-02-09,21.78,16.92,19.02,9.62,56.04,5.18,6.3,18.5,0.0,0.29,0.24,0.25
2007-02-10,23.79,16.82,19.72,11.47,60.44,1.6,1.95,17.83,0.0,0.27,0.24,0.25
2007-02-11,21.99,16.9,19.13,14.03,72.97,2.75,3.26,17.9,0.0,0.27,0.24,0.25
2007-02-12,24.07,17.81,20.29,14.32,70.6,4.18,5.16,18.53,0.0,0.26,0.23,0.24
2007-02-13,24.92,17.46,20.63,11.82,59.01,1.49,1.91,18.94,0.0,0.26,0.23,0.24
2007-02-14,25.67,18.17,21.03,13.04,62.2,1.59,2.02,11.59,0.24,0.26,0.23,0.24
2007-02-15,22.56,17.04,19.38,13.92,72.08,2.89,3.54,19.86,0.0,0.26,0.23,0.24
2007-02-16,22.97,16.6,19.05,13.04,69.78,2.95,3.62,19.66,0.0,0.25,0.23,0.24
2007-02-17,23.3,16.39,19.19,12.8,68.16,4.26,5.14,19.18,0.0,0.25,0.23,0.24
2007-02-18,22.57,16.43,19.35,12.56,65.91,3.48,4.2,19.06,0.0,0.24,0.23,0.24
2007-02-19,28.13,17.66,22.72,11.78,53.12,3.49,4.44,15.97,0.09,0.24,0.22,0.23
2007-02-20,23.28,18.1,21.12,14.57,67.07,5.76,6.91,16.12,0.01,0.23,0.22,0.23
2007-02-21,22.03,16.79,19.19,12.35,65.6,3.71,4.53,20.4,0.0,0.23,0.22,0.23
2007-02-22,23.78,16.95,19.95,12.46,63.42,1.34,1.67,19.07,0.0,0.23,0.22,0.23
2007-02-23,23.41,17.4,20.54,12.31,61.09,1.27,1.5,18.37,0.0,0.22,0.22,0.23
2007-02-24,25.9,18.2,21.26,12.18,59.11,1.9,2.31,20.44,0.0,0.22,0.22,0.23
2007-02-25,25.98,17.1,20.86,12.03,61.05,1.53,1.82,20.57,0.0,0.21,0.22,0.23
2007-02-26,28.09,18.98,22.64,8.41,43.33,2.3,2.83,19.47,0.0,0.2,0.22,0.23
2007-02-27,24.96,18.3,21.16,14.43,69.68,5.5,6.71,19.49,0.0,0.2,0.21,0.22
2007-02-28,23.71,18.03,20.58,13.06,63.67,4.53,5.52,20.79,0.0,0.2,0.21,0.22
2007-03-01,27.42,17.77,22.04,12.08,56.95,1.83,2.35,20.96,0.0,0.2,0.21,0.22
2007-03-02,26.44,17.97,21.43,13.81,66.24,3.32,4.05,15.42,0.0,0.2,0.21,0.22
2007-03-03,22.82,17.31,19.84,13.75,69.25,4.31,5.18,19.91,0.0,0.2,0.21,0.22
2007-03-04,23.79,16.97,19.85,13.78,69.72,2.33,2.83,20.58,0.0,0.2,0.21,0.22
2007-03-05,25.0,17.19,20.55,12.34,62.21,1.89,2.26,21.22,0.0,0.2,0.21,0.22
2007-03-06,26.73,18.03,21.37,12.17,59.35,1.63,1.92,18.94,0.0,0.19,0.21,0.22
2007-03-07,26.51,17.94,21.8,10.96,53.64,2.13,2.56,20.02,0.0,0.19,0.21,0.22
2007-03-08,24.24,18.14,20.93,14.6,68.78,4.72,5.72,21.08,0.0,0.18,0.21,0.21
2007-03-09,26.7,18.08,22.01,13.3,60.54,1.55,1.84,20.61,0.0,0.18,0.21,0.21
2007-03-10,28.39,20.23,23.32,13.5,58.06,3.05,3.62,20.8,0.0,0.18,0.2,0.21
2007-03-11,25.0,18.72,21.64,14.12,65.02,5.75,6.94,22.22,0.0,0.17,0.2,0.21
2007-03-12,27.31,17.33,21.83,13.23,61.53,2.16,2.63,22.03,0.0,0.17,0.2,0.21
2007-03-13,28.1,17.67,22.69,9.94,50.47,2.16,2.64,22.22,0.0,0.17,0.2,0.21
2007-03-14,32.0,20.11,25.72,14.17,56.09,4.07,5.06,21.04,0.0,0.16,0.2,0.21
2007-03-15,33.14,22.1,26.93,16.08,57.53,5.51,6.79,19.32,0.0,0.16,0.2,0.21
2007-03-16,30.3,22.32,26.73,14.65,49.78,5.72,7.06,19.38,0.0,0.16,0.2,0.21
2007-03-17,26.47,19.19,22.57,12.39,55.34,5.85,6.86,10.71,1.85,0.17,0.2,0.2
2007-03-18,23.41,17.55,20.47,13.5,65.26,4.03,4.69,15.84,3.45,0.27,0.21,0.21
2007-03-19,22.68,18.49,20.55,9.91,51.67,6.97,8.42,22.69,0.0,0.23,0.2,0.21
2007-03-20,23.0,17.31,19.94,9.39,52.44,5.85,7.06,24.32,0.0,0.2,0.2,0.21
2007-03-21,26.25,17.38,21.72,11.74,57.05,2.47,2.99,22.76,0.0,0.19,0.2,0.21
2007-03-22,30.19,20.48,24.78,7.29,35.38,2.51,3.24,21.91,0.0,0.17,0.2,0.21
2007-03-23,29.06,21.15,25.07,12.6,47.02,3.2,4.08,20.8,0.0,0.16,0.2,0.2
2007-03-24,29.06,21.18,24.8,13.98,52.57,2.73,3.33,18.42,0.0,0.16,0.2,0.2
2007-03-25,28.51,21.7,24.7,14.57,54.98,2.09,2.43,22.78,0.0,0.16,0.19,0.2
2007-03-26,30.1,23.15,26.22,11.71,41.7,1.99,2.4,19.56,0.0,0.15,0.19,0.2
2007-03-27,31.21,23.43,27.44,13.08,43.03,2.92,3.8,22.39,0.0,0.15,0.19,0.2
2007-03-28,33.43,23.49,28.18,14.79,46.84,3.83,4.83,21.82,0.0,0.15,0.19,0.2
2007-03-29,29.2,22.0,24.98,17.19,63.73,5.0,6.05,9.05,0.16,0.15,0.19,0.2
2007-03-30,26.8,20.48,23.21,12.03,53.0,6.07,7.29,23.07,0.0,0.15,0.19,0.2
2007-03-31,26.97,19.48,22.91,11.4,51.84,5.7,6.9,24.76,0.0,0.14,0.19,0.2
2007-04-01,26.92,18.3,22.64,9.79,49.38,2.81,3.44,25.42,0.0,0.14,0.19,0.2
2007-04-02,33.6,21.1,26.32,9.89,39.28,3.35,4.14,15.22,2.36,0.14,0.19,0.2
2007-04-03,32.41,21.65,26.72,15.73,53.3,5.91,7.21,17.11,0.1,0.2,0.19,0.2
2007-04-04,31.71,23.16,26.56,16.58,56.57,5.2,6.38,17.82,0.22,0.18,0.19,0.2
2007-04-05,32.94,22.97,27.62,15.82,50.67,4.3,5.32,20.15,0.01,0.16,0.19,0.2
2007-04-06,31.49,23.02,27.19,16.59,55.28,2.81,3.51,24.06,0.01,0.15,0.19,0.2
2007-04-07,29.19,20.45,24.54,17.15,68.62,3.53,4.19,26.01,0.0,0.14,0.19,0.19
2007-04-08,31.45,20.01,25.45,16.5,63.84,2.19,2.66,25.03,0.0,0.14,0.19,0.19
2007-04-09,32.87,21.94,27.2,13.02,47.92,1.86,2.27,25.13,0.0,0.13,0.19,0.19
2007-04-10,34.2,24.87,29.2,13.55,41.66,1.89,2.58,22.64,0.0,0.12,0.18,0.19
2007-04-11,33.82,26.25,29.19,14.94,44.55,2.0,2.52,23.1,0.0,0.12,0.18,0.19
2007-04-12,34.16,26.27,29.55,14.06,40.36,2.42,3.19,21.66,0.01,0.12,0.18,0.19
2007-04-13,31.14,26.34,28.83,15.65,45.93,2.95,3.8,22.73,0.0,0.12,0.18,0.19
2007-04-14,35.81,26.42,30.73,13.84,38.12,2.06,2.77,24.38,0.0,0.11,0.18,0.19
2007-04-15,31.06,23.92,27.56,15.09,49.23,4.35,5.21,23.32,0.0,0.11,0.18,0.19
2007-04-16,29.11,21.86,25.58,14.37,53.97,4.43,5.2,25.85,0.0,0.11,0.18,0.19
2007-04-17,29.11,18.71,23.88,15.98,65.61,3.26,3.89,27.56,0.0,0.11,0.18,0.19
2007-04-18,32.92,20.96,26.43,16.27,60.05,3.13,3.84,25.8,0.0,0.11,0.18,0.18
2007-04-19,33.12,22.33,27.4,15.5,54.17,2.95,3.61,24.95,0.0,0.11,0.18,0.18
2007-04-20,34.27,24.13,28.3,14.28,46.27,2.78,3.37,24.13,0.0,0.11,0.18,0.18
2007-04-21,34.03,24.5,28.45,15.81,50.5,2.45,2.99,24.74,0.0,0.1,0.18,0.18
2007-04-22,33.76,23.38,28.14,17.14,57.74,4.04,4.88,25.07,0.0,0.1,0.18,0.18
2007-04-23,33.56,23.58,28.11,17.19,58.64,3.5,4.25,25.93,0.0,0.1,0.18,0.18
2007-04-24,33.85,23.48,28.45,16.0,53.33,2.55,3.12,26.28,0.0,0.1,0.18,0.18
2007-04-25,34.76,26.3,30.13,13.75,40.33,2.47,2.99,26.22,0.0,0.1,0.17,0.18
2007-04-26,35.95,25.21,29.86,17.0,51.86,2.27,2.76,26.05,0.0,0.1,0.17,0.18
2007-04-27,36.85,25.3,30.45,17.54,51.44,1.9,2.33,26.06,0.0,0.1,0.17,0.18
2007-04-28,36.08,26.76,30.91,15.59,43.59,2.34,2.82,25.77,0.0,0.09,0.17,0.18
2007-04-29,35.72,25.19,30.38,16.79,48.84,2.85,3.46,25.85,0.0,0.09,0.17,0.18
2007-04-30,38.56,26.39,32.58,12.06,32.44,1.6,2.08,26.38,0.0,0.09,0.17,0.18
2007-05-01,36.92,26.87,31.37,17.61,47.9,2.0,2.49,26.06,0.0,0.09,0.17,0.18
2007-05-02,36.53,26.88,30.48,18.35,52.76,3.07,3.62,25.98,0.0,0.09,0.17,0.18
2007-05-03,34.9,25.41,29.9,19.97,61.75,3.78,4.53,28.1,0.0,0.09,0.17,0.17
2007-05-04,39.39,24.71,31.03,18.0,56.41,2.18,2.65,27.34,0.0,0.09,0.17,0.17
2007-05-05,37.66,25.43,31.47,14.74,43.53,2.14,2.58,28.14,0.0,0.08,0.17,0.17
2007-05-06,36.91,26.79,31.49,17.05,46.89,3.28,3.88,26.92,0.0,0.08,0.17,0.17
2007-05-07,34.88,26.16,30.2,19.44,58.16,4.14,4.95,27.79,0.0,0.08,0.17,0.17
2007-05-08,38.5,25.26,31.62,17.75,50.51,2.03,2.47,25.55,0.0,0.08,0.17,0.17
2007-05-09,36.84,28.18,32.08,18.31,48.23,1.96,2.3,24.42,0.0,0.08,0.17,0.17
2007-05-10,38.45,26.82,31.81,18.12,50.55,1.67,1.97,25.81,0.0,0.08,0.17,0.17
2007-05-11,37.34,28.88,32.75,14.93,37.44,1.62,1.9,25.93,0.06,0.08,0.17,0.17
2007-05-12,38.71,29.73,33.95,13.68,32.95,2.06,2.52,25.44,0.1,0.08,0.17,0.17
2007-05-13,39.34,30.79,34.76,11.81,28.21,2.2,2.78,27.15,0.0,0.08,0.16,0.17
2007-05-14,38.51,31.28,34.61,13.09,29.29,2.52,3.08,27.32,0.0,0.08,0.16,0.17
2007-05-15,38.12,29.87,33.86,13.17,32.94,2.95,3.5,25.73,0.0,0.08,0.16,0.17
2007-05-16,38.15,28.6,32.7,21.32,56.16,3.39,4.01,26.56,0.0,0.08,0.16,0.17
2007-05-17,37.2,28.59,32.49,21.15,56.94,4.14,4.87,25.44,0.0,0.08,0.16,0.17
2007-05-18,36.43,27.62,31.66,18.83,54.74,4.06,4.79,27.38,0.0,0.08,0.16,0.17
2007-05-19,37.06,26.16,31.09,19.04,56.67,2.94,3.55,26.25,0.0,0.08,0.16,0.17
2007-05-20,39.02,26.32,31.9,17.14,50.87,1.91,2.27,27.38,0.0,0.08,0.16,0.17
2007-05-21,37.5,26.48,31.31,19.35,57.13,2.27,2.69,26.59,0.0,0.07,0.16,0.17
2007-05-22,37.95,27.11,32.44,17.24,48.13,1.0,1.24,25.82,0.0,0.07,0.16,0.16
2007-05-23,40.22,27.74,34.11,15.24,36.68,2.18,2.79,26.54,0.0,0.07,0.16,0.16
2007-05-24,38.93,29.85,34.2,14.79,33.51,1.64,1.99,26.75,0.0,0.07,0.16,0.16
2007-05-25,39.11,29.48,33.55,15.56,37.4,2.61,3.08,26.75,0.0,0.07,0.16,0.16
2007-05-26,36.92,28.75,32.61,17.2,44.38,2.7,3.14,26.88,0.0,0.07,0.16,0.16
2007-05-27,38.78,28.29,32.87,19.68,51.08,1.76,2.07,26.64,0.0,0.07,0.16,0.16
2007-05-28,39.89,29.64,34.1,19.52,46.66,1.52,1.86,26.48,0.0,0.07,0.16,0.16
2007-05-29,37.59,28.53,32.76,21.7,57.38,2.15,2.45,23.22,0.0,0.07,0.16,0.16
2007-05-30,38.05,28.97,33.55,18.52,44.51,1.89,2.21,25.75,0.0,0.07,0.16,0.16
2007-05-31,40.12,30.17,34.77,20.89,47.66,2.7,3.29,25.49,0.0,0.07,0.16,0.16
2007-06-01,39.29,30.53,34.67,21.04,48.64,2.39,2.88,26.59,0.0,0.07,0.16,0.16
2007-06-02,40.96,31.1,35.34,21.91,49.22,1.99,2.44,26.49,0.0,0.07,0.16,0.16
2007-06-03,39.23,30.15,34.54,21.2,50.01,2.07,2.42,26.52,0.0,0.07,0.16,0.16
2007-06-04,39.33,29.82,34.26,21.4,53.59,3.14,3.73,27.34,0.0,0.07,0.16,0.16
2007-06-05,37.91,29.76,33.61,23.28,56.6,5.68,6.77,25.19,0.79,0.09,0.16,0.16
2007-06-06,36.36,30.3,33.33,22.06,53.53,4.42,5.25,21.67,0.67,0.11,0.16,0.16
2007-06-07,36.36,30.33,33.2,22.4,54.57,3.96,4.67,23.62,6.92,0.18,0.16,0.16
2007-06-08,30.96,28.23,29.64,23.93,71.68,8.05,9.59,26.17,5.68,0.28,0.18,0.18
2007-06-09,35.88,28.41,32.25,22.93,61.05,2.22,2.7,25.81,1.11,0.21,0.18,0.18
2007-06-10,37.71,29.58,33.09,22.58,56.99,2.86,3.49,26.25,0.07,0.18,0.18,0.18
2007-06-11,36.71,28.5,32.28,24.85,67.81,2.98,3.49,27.31,0.0,0.16,0.18,0.18
2007-06-12,39.6,28.7,33.47,23.46,60.32,1.97,2.28,26.92,0.0,0.15,0.17,0.18
2007-06-13,39.58,30.73,34.7,20.58,47.35,1.83,2.13,27.45,0.0,0.14,0.17,0.17
2007-06-14,40.43,29.98,34.83,23.34,57.56,2.29,2.69,27.38,0.0,0.14,0.17,0.17
2007-06-15,40.9,30.07,35.58,22.56,52.87,1.99,2.42,26.24,0.0,0.14,0.17,0.17
2007-06-16,39.62,30.36,34.97,20.83,45.8,3.86,4.7,26.17,0.0,0.13,0.17,0.17
2007-06-17,39.36,28.35,33.95,21.45,52.06,3.58,4.35,26.52,0.0,0.13,0.17,0.17
2007-06-18,40.37,29.4,34.77,20.28,45.86,2.89,3.54,26.19,0.0,0.13,0.16,0.17
2007-06-19,40.77,30.22,35.1,23.19,54.02,3.99,4.77,25.52,0.0,0.12,0.16,0.17
2007-06-20,39.77,30.95,34.84,23.56,54.53,2.61,3.06,24.36,0.0,0.12,0.16,0.17
2007-06-21,38.33,30.62,34.54,24.79,58.39,4.21,5.0,24.83,0.03,0.12,0.16,0.16
2007-06-22,36.98,30.76,34.11,24.76,59.51,3.25,3.87,25.01,0.04,0.12,0.16,0.16
2007-06-23,38.15,30.66,34.83,22.86,51.77,2.89,3.34,26.09,0.0,0.11,0.16,0.16
2007-06-24,40.05,32.91,35.98,23.21,49.01,2.96,3.46,25.09,0.01,0.11,0.16,0.16
2007-06-25,39.34,32.75,35.47,23.84,52.22,2.64,3.04,23.88,0.0,0.1,0.16,0.16
2007-06-26,38.72,32.61,35.27,21.45,47.35,4.04,4.66,23.32,0.06,0.1,0.16,0.16
2007-06-27,38.66,31.7,34.78,22.73,53.07,3.18,3.66,23.68,0.01,0.1,0.16,0.16
2007-06-28,37.76,32.14,34.35,24.67,59.99,4.18,4.84,22.89,0.0,0.09,0.16,0.16
2007-06-29,38.23,31.03,34.22,24.7,61.28,3.25,3.77,24.58,0.0,0.09,0.16,0.16
2007-06-30,39.08,29.99,34.92,18.65,44.69,2.24,2.67,24.71,0.0,0.09,0.16,0.16
2007-07-01,39.94,33.37,36.29,12.53,26.14,1.82,2.16,25.13,0.0,0.09,0.16,0.16
2007-07-02,39.97,30.5,35.07,19.66,45.8,2.25,2.59,24.11,0.0,0.08,0.16,0.16
2007-07-03,42.01,31.01,35.98,19.5,42.36,1.46,1.72,24.73,0.0,0.08,0.16,0.16
2007-07-04,40.6,31.52,35.68,23.65,53.15,1.72,1.96,24.54,0.0,0.08,0.16,0.16
2007-07-05,38.9,31.22,34.38,25.25,61.96,3.57,4.08,26.11,0.01,0.08,0.16,0.16
2007-07-06,37.48,30.03,33.55,24.93,64.19,4.55,5.27,26.35,0.0,0.08,0.16,0.16
2007-07-07,36.9,30.34,33.31,26.12,69.01,4.81,5.61,26.4,0.0,0.08,0.16,0.16
2007-07-08,38.07,29.56,33.62,25.1,65.4,4.57,5.32,26.42,0.0,0.08,0.16,0.16
2007-07-09,38.39,30.18,34.2,22.95,57.25,3.79,4.39,26.34,0.0,0.08,0.15,0.16
2007-07-10,38.62,29.63,34.28,20.84,51.04,2.64,3.09,25.36,0.0,0.08,0.15,0.16
2007-07-11,39.26,30.85,34.78,21.05,48.28,2.92,3.41,25.54,0.0,0.08,0.15,0.16
2007-07-12,39.01,30.87,34.96,20.69,47.42,2.19,2.53,25.46,0.0,0.08,0.15,0.16
2007-07-13,39.89,31.15,35.21,20.51,47.65,2.84,3.24,26.49,0.0,0.08,0.15,0.16
2007-07-14,39.16,30.81,34.42,25.83,64.02,3.41,3.92,26.12,0.0,0.07,0.15,0.16
2007-07-15,40.57,30.71,34.99,25.43,62.14,3.41,3.92,26.05,0.0,0.07,0.15,0.16
2007-07-16,38.59,30.95,34.37,25.85,64.27,4.1,4.73,24.69,0.0,0.07,0.15,0.16
2007-07-17,38.59,30.12,33.93,23.57,57.98,3.7,4.24,25.96,0.0,0.07,0.15,0.16
2007-07-18,38.33,30.66,34.3,24.64,59.2,1.97,2.23,23.61,0.04,0.08,0.15,0.16
2007-07-19,38.95,32.66,35.54,23.94,52.06,2.01,2.27,23.84,0.01,0.08,0.15,0.15
2007-07-20,39.39,32.14,35.21,23.56,52.72,2.87,3.28,24.56,0.0,0.08,0.15,0.15
2007-07-21,40.69,31.8,35.69,23.93,53.66,2.73,3.14,22.2,0.0,0.07,0.15,0.15
2007-07-22,41.23,32.63,37.07,21.73,44.3,2.48,3.01,22.84,0.0,0.07,0.15,0.15
2007-07-23,39.92,32.45,35.78,24.21,53.06,6.31,7.48,23.94,0.0,0.07,0.15,0.15
2007-07-24,39.77,31.82,35.13,24.29,55.68,5.96,7.04,23.42,0.0,0.07,0.15,0.15
2007-07-25,38.86,30.76,35.09,22.57,50.51,2.95,3.41,24.74,0.01,0.07,0.15,0.15
2007-07-26,38.49,31.91,35.21,22.8,49.64,2.88,3.26,24.17,0.01,0.07,0.15,0.15
2007-07-27,38.55,32.63,35.14,24.18,54.39,2.72,3.07,24.56,0.01,0.07,0.15,0.15
2007-07-28,38.29,31.11,34.75,23.13,53.9,2.84,3.25,25.02,0.0,0.07,0.15,0.15
2007-07-29,41.15,31.75,36.55,18.1,37.32,2.1,2.5,25.58,0.0,0.07,0.15,0.15
2007-07-30,42.73,32.33,37.22,21.41,43.44,2.4,2.97,24.76,0.0,0.07,0.15,0.15
2007-07-31,41.88,32.17,36.8,23.69,49.76,4.8,5.74,24.68,0.0,0.07,0.15,0.15
2007-08-01,41.41,31.81,36.7,22.37,46.8,3.43,4.09,24.85,0.0,0.07,0.15,0.15
2007-08-02,41.91,33.27,36.97,21.89,44.41,2.54,2.97,24.89,0.0,0.07,0.15,0.15
2007-08-03,41.88,33.07,37.5,21.7,42.9,1.28,1.63,25.66,0.0,0.06,0.15,0.15
2007-08-04,42.47,33.01,37.63,22.04,43.06,3.07,3.7,24.26,0.0,0.06,0.15,0.15
2007-08-05,41.76,31.48,36.81,22.66,46.85,3.02,3.53,25.56,0.0,0.06,0.15,0.15
2007-08-06,41.82,32.59,36.52,24.08,51.26,2.73,3.15,24.94,0.0,0.06,0.15,0.15
2007-08-07,40.35,32.73,36.12,23.5,51.27,1.89,2.18,24.64,0.0,0.06,0.15,0.15
2007-08-08,41.42,32.6,36.67,22.21,47.15,1.82,2.17,24.47,0.0,0.06,0.15,0.15
2007-08-09,40.08,32.09,35.93,23.37,52.56,2.22,2.54,25.11,0.01,0.06,0.15,0.15
2007-08-10,42.05,31.56,36.76,21.92,47.48,1.5,1.77,23.16,0.02,0.06,0.15,0.15
2007-08-11,40.52,33.04,36.66,22.6,46.37,2.93,3.42,23.65,0.02,0.06,0.15,0.15
2007-08-12,41.83,32.52,36.75,23.09,49.18,2.3,2.69,23.97,0.0,0.06,0.15,0.15
2007-08-13,40.31,33.18,36.41,22.44,46.84,1.84,2.15,24.34,0.0,0.06,0.15,0.15
2007-08-14,42.39,32.72,37.54,18.76,37.72,2.99,3.65,25.34,0.0,0.06,0.15,0.15
2007-08-15,42.12,30.75,36.43,21.65,46.31,4.15,4.96,24.86,0.0,0.06,0.15,0.15
2007-08-16,41.29,30.38,36.13,23.28,51.14,3.14,3.67,24.56,0.0,0.06,0.15,0.15
2007-08-17,41.23,33.42,36.94,21.87,44.26,3.02,3.52,24.49,0.0,0.06,0.15,0.15
2007-08-18,41.36,33.38,36.92,21.72,43.42,4.05,4.78,24.41,0.0,0.06,0.15,0.15
2007-08-19,40.48,32.58,36.22,20.96,43.39,3.53,4.12,24.2,0.0,0.06,0.15,0.15
2007-08-20,40.14,31.59,35.82,21.57,46.55,2.76,3.24,24.0,0.0,0.06,0.15,0.15
2007-08-21,39.77,30.77,34.91,24.34,56.57,3.3,3.78,23.44,0.0,0.06,0.15,0.15
2007-08-22,39.94,32.07,35.6,23.98,53.09,2.29,2.62,22.94,0.0,0.06,0.15,0.15
2007-08-23,39.77,31.74,35.45,23.48,52.08,3.53,4.07,23.32,0.0,0.06,0.15,0.15
2007-08-24,39.72,31.11,35.26,22.56,49.54,2.94,3.36,23.3,0.0,0.06,0.15,0.15
2007-08-25,39.41,31.63,35.44,22.45,48.37,2.52,2.88,23.74,0.0,0.06,0.15,0.15
2007-08-26,40.04,32.36,35.9,22.34,47.3,1.86,2.13,23.44,0.0,0.06,0.15,0.15
2007-08-27,41.31,33.07,36.73,21.38,44.69,2.36,2.78,23.81,0.0,0.06,0.15,0.15
2007-08-28,40.24,31.71,35.73,19.76,41.39,2.67,3.13,24.7,0.0,0.06,0.15,0.15
2007-08-29,39.91,32.37,35.87,19.9,41.28,2.23,2.65,23.63,0.0,0.06,0.15,0.15
2007-08-30,40.88,32.15,36.14,21.36,44.67,2.36,2.82,21.96,0.0,0.06,0.15,0.15
2007-08-31,41.51,31.95,36.22,21.33,44.92,2.59,3.07,23.04,0.0,0.06,0.15,0.15
2007-09-01,39.31,32.27,35.32,22.1,48.78,2.22,2.58,24.32,0.0,0.06,0.15,0.15
2007-09-02,41.4,30.95,36.02,21.03,46.02,1.93,2.39,23.51,0.0,0.06,0.15,0.15
2007-09-03,41.41,31.21,36.33,17.6,36.01,2.92,3.63,23.62,0.01,0.05,0.15,0.15
2007-09-04,40.98,31.38,35.86,18.7,38.97,2.57,3.07,23.94,0.0,0.05,0.15,0.15
2007-09-05,40.65,32.06,35.83,19.35,40.65,2.01,2.41,23.62,0.02,0.05,0.15,0.15
2007-09-06,39.16,31.05,34.56,22.26,52.3,1.44,1.66,23.84,0.0,0.05,0.15,0.15
2007-09-07,40.74,31.02,35.68,18.7,41.33,1.82,2.24,24.31,0.02,0.05,0.15,0.15
2007-09-08,38.95,29.38,33.65,20.82,51.3,6.35,7.52,23.05,0.0,0.05,0.15,0.15
2007-09-09,37.68,28.98,32.64,23.98,62.66,5.65,6.61,21.68,0.04,0.05,0.15,0.15
2007-09-10,37.23,29.52,32.93,22.61,56.88,2.94,3.34,22.28,0.0,0.06,0.15,0.15
2007-09-11,36.78,30.17,32.9,21.24,52.46,2.14,2.42,22.75,0.0,0.06,0.15,0.15
2007-09-12,37.39,29.12,32.93,22.33,56.24,2.27,2.6,22.12,0.0,0.06,0.15,0.15
2007-09-13,38.08,30.44,33.75,21.19,49.65,2.14,2.48,22.72,0.0,0.06,0.15,0.15
2007-09-14,37.2,29.47,33.01,20.17,49.42,2.57,3.0,22.53,0.0,0.06,0.15,0.15
2007-09-15,36.81,29.34,32.46,21.16,54.34,2.78,3.19,21.21,0.0,0.06,0.15,0.15
2007-09-16,37.32,28.98,32.53,22.93,61.68,2.53,2.92,19.44,0.0,0.06,0.15,0.15
2007-09-17,38.65,28.94,33.44,19.3,47.12,1.86,2.22,20.45,0.0,0.06,0.15,0.15
2007-09-18,39.05,29.44,33.64,21.9,53.73,2.96,3.47,21.36,0.0,0.06,0.15,0.15
2007-09-19,38.44,30.72,33.85,20.54,48.92,1.97,2.29,22.04,0.0,0.06,0.15,0.15
2007-09-20,39.51,29.93,34.03,20.04,48.12,2.1,2.48,22.75,0.0,0.06,0.15,0.15
2007-09-21,39.56,30.05,34.46,19.8,45.67,1.98,2.38,22.44,0.0,0.05,0.15,0.15
2007-09-22,40.37,30.47,35.33,15.07,35.59,2.14,2.6,22.99,0.0,0.05,0.15,0.15
2007-09-23,39.79,29.49,34.46,16.94,40.23,1.71,2.09,22.65,0.0,0.05,0.15,0.15
2007-09-24,38.96,29.24,33.76,14.42,34.89,3.48,4.22,22.62,0.0,0.05,0.15,0.15
2007-09-25,38.24,27.89,32.88,11.67,30.65,2.25,2.74,23.36,0.0,0.05,0.15,0.15
2007-09-26,37.92,29.81,33.08,13.57,33.7,1.99,2.33,23.91,0.0,0.05,0.15,0.15
2007-09-27,37.42,28.76,32.49,15.96,41.76,1.98,2.33,23.54,0.0,0.05,0.15,0.15
2007-09-28,37.46,29.01,32.5,16.42,41.88,1.92,2.25,23.21,0.0,0.05,0.15,0.15
2007-09-29,37.61,29.0,32.74,15.0,38.69,2.0,2.39,23.05,0.0,0.05,0.15,0.15
2007-09-30,37.84,27.44,32.37,14.63,38.23,1.72,2.05,23.08,0.0,0.05,0.15,0.15
2007-10-01,36.88,28.66,32.2,16.76,43.45,1.5,1.69,21.35,0.0,0.05,0.15,0.15
2007-10-02,37.57,27.72,32.48,16.77,42.61,1.93,2.29,20.73,0.0,0.05,0.15,0.15
2007-10-03,36.94,28.49,32.52,16.49,40.72,1.98,2.41,20.13,0.0,0.05,0.14,0.15
2007-10-04,37.14,28.11,32.4,14.18,36.44,3.74,4.49,20.27,0.0,0.05,0.14,0.15
2007-10-05,35.73,28.05,31.55,10.49,30.56,3.95,4.79,21.41,0.0,0.05,0.14,0.15
2007-10-06,35.51,26.15,30.7,6.58,24.79,3.23,3.96,20.81,0.0,0.05,0.14,0.15
2007-10-07,35.97,26.37,30.99,9.71,29.48,2.95,3.62,21.45,0.0,0.04,0.14,0.15
2007-10-08,35.4,27.62,30.85,17.6,49.25,2.4,2.86,20.21,0.0,0.04,0.14,0.15
2007-10-09,34.46,27.52,30.69,22.97,65.29,1.78,2.04,18.79,0.0,0.04,0.14,0.15
2007-10-10,36.36,27.58,31.43,17.06,46.63,4.18,5.01,18.83,0.0,0.05,0.14,0.15
2007-10-11,35.91,26.51,30.59,14.65,44.66,3.84,4.61,19.5,0.0,0.04,0.14,0.15
2007-10-12,34.3,26.39,30.08,13.69,38.37,2.75,3.36,20.44,0.0,0.05,0.14,0.15
2007-10-13,34.87,24.71,29.59,11.91,37.15,2.26,2.79,21.1,0.0,0.05,0.14,0.15
2007-10-14,34.41,26.73,29.8,18.92,55.65,2.38,2.88,20.26,0.0,0.05,0.14,0.15
2007-10-15,34.23,27.51,29.97,21.95,64.84,1.97,2.32,19.93,0.0,0.05,0.14,0.15
2007-10-16,34.2,26.65,29.66,20.57,62.6,1.77,2.09,19.28,0.0,0.05,0.14,0.15
2007-10-17,34.49,25.83,29.58,20.38,62.06,2.07,2.4,19.85,0.0,0.05,0.14,0.15
2007-10-18,35.3,26.23,30.31,17.96,52.61,1.38,1.64,19.38,0.0,0.05,0.14,0.15
2007-10-19,34.17,24.47,29.15,14.99,47.19,2.15,2.62,19.85,0.0,0.05,0.14,0.15
2007-10-20,33.11,25.1,28.83,17.24,51.53,2.25,2.74,18.99,0.0,0.05,0.14,0.15
2007-10-21,33.0,27.03,29.63,18.82,53.75,3.43,4.16,19.33,0.0,0.05,0.14,0.15
2007-10-22,32.87,27.18,29.62,20.56,59.49,3.82,4.64,18.57,0.0,0.05,0.14,0.15
2007-10-23,33.07,27.19,29.65,18.43,52.45,2.14,2.51,18.25,0.0,0.05,0.14,0.15
2007-10-24,33.69,26.72,29.83,18.36,51.69,1.65,2.01,17.68,0.0,0.05,0.14,0.15
2007-10-25,33.86,25.37,29.32,18.39,54.36,1.72,2.09,17.58,0.0,0.05,0.14,0.15
2007-10-26,33.99,25.0,29.31,16.74,49.73,1.97,2.41,18.53,0.0,0.05,0.14,0.15
2007-10-27,34.08,25.48,29.7,14.99,42.82,1.7,2.13,18.23,0.0,0.05,0.14,0.15
2007-10-28,34.45,25.18,29.69,13.15,37.85,1.49,1.83,19.04,0.0,0.05,0.14,0.15
2007-10-29,33.65,26.29,29.46,14.51,42.48,1.94,2.32,18.89,0.0,0.05,0.14,0.15
2007-10-30,34.4,24.67,29.23,11.98,39.32,2.44,3.05,19.37,0.0,0.05,0.14,0.15
2007-10-31,33.93,22.82,27.73,10.72,40.31,2.45,3.12,19.14,0.0,0.05,0.14,0.15
2007-11-01,33.55,22.72,27.81,9.91,35.81,2.01,2.54,18.05,0.0,0.05,0.14,0.15
2007-11-02,31.5,25.25,27.79,13.64,44.23,1.28,1.57,9.14,0.0,0.05,0.14,0.15
2007-11-03,30.11,25.38,27.35,18.93,60.82,3.18,3.74,11.0,0.0,0.05,0.14,0.15
2007-11-04,30.33,25.25,27.46,20.22,65.46,3.29,3.91,17.09,0.0,0.05,0.14,0.15
2007-11-05,30.13,25.33,27.29,20.31,66.52,3.1,3.68,16.11,0.0,0.05,0.14,0.15
2007-11-06,30.98,25.41,27.74,18.96,60.22,3.72,4.56,17.28,0.0,0.05,0.14,0.15
2007-11-07,30.86,24.55,27.29,19.26,63.09,2.31,2.82,17.21,0.0,0.05,0.14,0.15
2007-11-08,31.33,24.18,26.95,17.42,58.42,2.19,2.66,17.77,0.0,0.05,0.14,0.15
2007-11-09,31.6,22.92,26.57,17.94,62.98,2.08,2.46,17.54,0.0,0.05,0.14,0.15
2007-11-10,30.67,23.69,26.5,18.19,63.0,2.71,3.23,17.84,0.0,0.05,0.14,0.15
2007-11-11,30.28,23.32,26.12,13.92,50.7,2.14,2.51,17.45,0.0,0.05,0.14,0.15
2007-11-12,30.08,22.73,25.8,14.04,51.89,1.8,2.11,15.98,0.0,0.05,0.14,0.15
2007-11-13,29.27,22.64,25.81,19.18,68.43,1.83,2.16,16.39,0.0,0.05,0.14,0.15
2007-11-14,29.38,23.58,26.03,18.98,66.67,1.74,2.03,15.7,0.0,0.05,0.14,0.15
2007-11-15,30.86,24.0,26.88,18.53,62.36,1.32,1.58,15.25,0.0,0.05,0.14,0.15
2007-11-16,31.95,23.42,27.12,16.99,57.33,1.65,1.98,14.96,0.0,0.05,0.14,0.15
2007-11-17,30.8,24.33,26.62,18.04,62.94,1.6,1.87,15.63,0.0,0.05,0.14,0.15
2007-11-18,30.09,22.56,25.57,20.02,74.36,2.24,2.6,13.73,0.0,0.05,0.14,0.15
2007-11-19,30.19,22.7,25.95,20.09,72.88,2.48,2.93,15.32,0.0,0.05,0.14,0.15
2007-11-20,30.83,23.71,26.69,17.89,61.6,1.24,1.48,14.85,0.0,0.05,0.14,0.15
2007-11-21,30.33,23.38,26.42,14.54,51.24,1.46,1.77,15.16,0.0,0.05,0.14,0.15
2007-11-22,30.36,22.59,25.96,13.6,49.47,1.46,1.75,15.44,0.0,0.05,0.14,0.15
2007-11-23,29.53,22.34,25.4,15.3,56.29,1.76,2.11,16.18,0.0,0.05,0.14,0.15
2007-11-24,29.11,23.09,25.79,17.5,61.15,2.43,2.9,15.23,0.0,0.05,0.14,0.15
2007-11-25,29.15,24.06,26.03,18.67,64.7,2.69,3.28,15.44,0.0,0.05,0.14,0.15
2007-11-26,29.84,23.04,26.28,17.79,60.87,2.92,3.56,14.92,0.0,0.05,0.14,0.15
2007-11-27,28.27,24.27,26.01,16.0,54.91,5.64,6.89,14.78,0.0,0.05,0.14,0.15
2007-11-28,26.4,21.62,24.07,13.9,53.73,6.26,7.51,15.65,0.0,0.05,0.14,0.15
2007-11-29,25.43,20.71,22.84,15.19,62.65,4.43,5.37,13.83,0.0,0.05,0.14,0.15
2007-11-30,26.29,21.16,23.46,14.8,58.94,4.63,5.69,14.74,0.0,0.05,0.14,0.15
2007-12-01,28.01,20.35,23.98,11.27,46.88,2.67,3.28,14.04,0.0,0.05,0.14,0.15
2007-12-02,29.14,19.92,23.97,10.06,43.55,2.51,3.12,14.36,0.0,0.05,0.14,0.15
2007-12-03,27.52,21.01,24.02,13.75,53.81,3.98,4.81,12.95,0.0,0.05,0.14,0.15
2007-12-04,28.09,21.13,24.46,14.26,54.67,1.99,2.4,12.15,0.0,0.05,0.14,0.15
2007-12-05,27.14,22.61,24.51,17.28,65.05,2.43,2.87,12.92,0.0,0.05,0.14,0.15
2007-12-06,28.05,21.74,24.82,15.74,58.38,1.78,2.14,13.64,0.0,0.05,0.14,0.15
2007-12-07,28.18,22.11,24.71,17.04,63.88,1.92,2.38,12.12,0.0,0.05,0.14,0.15
2007-12-08,27.88,20.86,23.81,17.93,71.08,3.14,3.82,13.78,0.0,0.05,0.14,0.15
2007-12-09,27.46,21.6,24.33,19.27,74.37,4.77,5.76,12.96,0.0,0.05,0.14,0.15
2007-12-10,27.57,23.04,24.9,16.8,61.98,5.88,7.12,13.24,0.0,0.05,0.14,0.15
2007-12-11,26.68,21.38,23.91,14.11,55.31,5.83,7.08,14.53,0.0,0.05,0.14,0.15
2007-12-12,25.78,20.56,22.65,13.37,56.48,3.09,3.82,14.46,0.0,0.05,0.14,0.15
2007-12-13,27.15,18.71,22.98,11.49,50.4,1.7,2.02,14.4,0.0,0.05,0.14,0.15
2007-12-14,26.33,19.25,22.71,13.85,59.07,1.84,2.23,14.01,0.0,0.05,0.14,0.15
2007-12-15,26.53,21.31,23.58,14.45,57.44,1.77,2.15,14.2,0.0,0.05,0.14,0.15
2007-12-16,26.37,21.46,23.34,13.95,56.31,2.21,2.64,13.63,0.0,0.05,0.14,0.15
2007-12-17,25.97,21.04,22.88,11.83,50.9,1.86,2.17,13.44,0.0,0.05,0.14,0.15
2007-12-18,25.98,19.51,22.46,14.12,60.51,2.99,3.6,13.72,0.0,0.05,0.14,0.15
2007-12-19,25.82,20.28,22.45,16.36,69.66,4.01,4.93,13.16,0.0,0.05,0.14,0.15
2007-12-20,25.23,20.14,22.15,15.75,67.82,3.29,4.03,13.9,0.0,0.05,0.14,0.15
2007-12-21,26.29,20.77,22.89,14.75,61.32,1.75,2.14,13.22,0.0,0.05,0.14,0.15
2007-12-22,26.86,19.31,22.8,14.78,63.14,2.43,2.95,13.34,0.0,0.05,0.14,0.15
2007-12-23,24.08,19.51,21.74,15.58,68.53,4.9,5.85,11.01,0.0,0.05,0.14,0.15
2007-12-24,23.16,18.43,20.73,12.54,60.07,2.46,3.06,13.73,0.0,0.05,0.14,0.15
2007-12-25,24.31,19.51,21.45,10.39,50.05,1.77,2.16,13.8,0.0,0.05,0.14,0.15
2007-12-26,24.2,19.51,21.34,11.67,54.68,2.55,3.1,13.32,0.0,0.05,0.14,0.15
2007-12-27,23.11,18.62,20.78,13.69,64.35,3.6,4.32,11.3,0.02,0.05,0.14,0.15
2007-12-28,21.07,17.95,19.33,11.25,59.97,3.28,3.97,13.27,0.0,0.05,0.14,0.15
2007-12-29,22.49,17.92,19.71,9.52,52.21,1.18,1.44,13.63,0.0,0.06,0.14,0.15
2007-12-30,23.65,18.49,20.62,10.06,51.9,1.74,2.09,14.05,0.0,0.06,0.14,0.15
2007-12-31,25.41,17.51,20.99,12.98,62.96,2.1,2.59,14.02,0.0,0.06,0.14,0.15
2008-01-01,24.26,19.09,21.32,14.1,64.39,1.7,1.98,13.33,0.02,0.06,0.14,0.15
2008-01-02,25.74,19.01,21.8,12.88,59.54,1.58,1.88,13.51,0.0,0.06,0.14,0.15
2008-01-03,26.96,18.58,22.45,9.46,47.23,2.61,3.26,13.92,0.0,0.06,0.14,0.15
2008-01-04,26.47,19.45,22.97,12.32,53.55,3.51,4.33,13.54,0.35,0.06,0.14,0.15
2008-01-05,24.94,20.01,21.88,13.66,61.2,3.01,3.63,10.36,1.84,0.12,0.15,0.15
2008-01-06,23.32,19.4,21.04,14.82,68.59,5.43,6.51,9.91,5.35,0.23,0.16,0.16
2008-01-07,19.05,15.35,17.34,8.58,57.26,7.87,9.42,12.51,0.03,0.2,0.16,0.16
2008-01-08,19.21,15.08,17.38,9.25,59.85,5.2,6.18,9.67,0.78,0.2,0.16,0.16
2008-01-09,19.88,16.14,17.69,9.89,61.14,5.16,6.17,10.09,0.37,0.2,0.16,0.16
2008-01-10,20.5,15.65,17.79,9.04,57.54,3.61,4.36,14.7,0.0,0.18,0.16,0.16
2008-01-11,20.63,14.96,17.97,10.84,63.84,2.87,3.36,5.46,0.55,0.17,0.16,0.16
2008-01-12,21.9,17.6,19.2,14.26,73.81,2.29,2.74,5.96,3.02,0.24,0.17,0.17
2008-01-13,25.37,18.03,19.84,15.79,78.16,5.28,6.35,5.24,5.35,0.26,0.17,0.17
2008-01-14,22.61,18.03,19.68,16.18,80.37,3.11,3.65,5.05,10.74,0.32,0.19,0.18
2008-01-15,18.95,15.31,17.52,14.78,83.95,5.48,6.48,1.76,23.04,0.4,0.23,0.22
2008-01-16,17.67,15.04,16.2,12.05,76.74,5.16,6.1,5.79,20.41,0.44,0.27,0.26
2008-01-17,18.91,13.82,16.21,7.72,57.75,3.29,3.99,14.83,0.03,0.35,0.27,0.27
2008-01-18,18.7,12.71,15.66,5.38,51.43,3.13,3.87,16.09,0.0,0.32,0.27,0.27
2008-01-19,20.29,15.02,17.38,6.8,50.54,2.3,2.85,14.88,0.0,0.3,0.26,0.26
2008-01-20,20.83,14.59,17.56,8.21,55.15,2.33,2.85,16.84,0.0,0.29,0.26,0.26
2008-01-21,21.37,15.34,18.22,11.24,64.33,1.75,2.06,11.38,0.08,0.29,0.25,0.26
2008-01-22,20.75,17.81,19.04,14.44,74.82,2.25,2.69,10.17,0.02,0.29,0.25,0.26
2008-01-23,21.97,17.04,18.84,12.49,67.41,4.99,6.0,4.72,0.38,0.29,0.25,0.26
2008-01-24,22.7,17.55,19.47,14.95,75.64,3.64,4.31,12.63,0.3,0.3,0.25,0.26
2008-01-25,20.9,16.31,18.5,12.19,67.02,3.55,4.27,15.22,0.0,0.29,0.25,0.26
2008-01-26,22.74,17.08,19.47,12.12,63.5,2.57,3.02,13.03,0.01,0.28,0.25,0.26
2008-01-27,23.32,17.23,19.45,15.31,78.06,4.07,4.88,4.75,0.84,0.29,0.25,0.26
2008-01-28,21.73,16.3,18.84,13.04,70.56,4.74,5.68,13.69,0.11,0.29,0.25,0.26
2008-01-29,20.74,15.51,17.67,9.18,58.41,3.5,4.31,17.96,0.0,0.28,0.25,0.26
2008-01-30,21.94,15.74,18.31,7.21,48.94,1.23,1.46,16.57,0.0,0.27,0.24,0.25
2008-01-31,24.08,16.23,19.92,9.15,50.94,1.17,1.44,15.65,0.0,0.27,0.24,0.25
2008-02-01,18.52,14.52,16.62,9.03,61.43,9.49,11.53,10.42,0.0,0.27,0.24,0.25
2008-02-02,19.65,14.45,16.66,5.71,49.91,5.28,6.44,17.56,0.0,0.26,0.24,0.25
2008-02-03,19.49,14.58,16.92,10.01,64.28,5.81,6.98,14.46,0.0,0.26,0.24,0.25
2008-02-04,18.75,14.12,16.43,8.06,58.59,4.96,5.9,13.33,0.01,0.26,0.24,0.25
2008-02-05,17.33,12.46,14.55,2.77,47.33,4.25,5.14,17.95,0.18,0.26,0.23,0.24
2008-02-06,18.0,10.9,14.36,2.28,45.24,2.77,3.44,18.85,0.0,0.25,0.23,0.24
2008-02-07,19.29,12.81,15.62,2.23,41.44,2.02,2.41,18.6,0.0,0.25,0.23,0.24
2008-02-08,21.77,13.0,17.17,4.89,45.56,2.1,2.59,18.8,0.0,0.24,0.23,0.24
2008-02-09,22.77,14.68,18.25,7.88,51.6,2.15,2.65,18.37,0.0,0.24,0.23,0.24
2008-02-10,24.28,16.2,19.53,8.78,51.91,1.73,2.22,19.45,0.0,0.24,0.23,0.24
2008-02-11,24.63,14.87,19.23,9.08,55.42,3.11,4.0,18.4,0.0,0.24,0.23,0.24
2008-02-12,25.87,15.6,20.14,10.86,60.19,2.57,3.33,16.97,0.0,0.23,0.23,0.23
2008-02-13,25.73,15.97,20.37,11.25,59.73,2.52,3.18,18.07,0.0,0.23,0.22,0.23
2008-02-14,25.89,17.27,21.23,10.6,52.6,2.37,2.98,17.38,0.0,0.23,0.22,0.23
2008-02-15,27.94,18.51,22.51,9.35,45.2,2.37,2.93,19.33,0.0,0.23,0.22,0.23
2008-02-16,24.63,18.22,20.91,14.25,66.95,2.91,3.57,18.71,0.0,0.23,0.22,0.23
2008-02-17,24.3,17.71,20.24,14.61,71.79,2.72,3.33,19.35,0.0,0.23,0.22,0.23
2008-02-18,25.44,17.21,20.58,15.06,73.46,2.21,2.66,18.86,0.0,0.23,0.22,0.23
2008-02-19,27.02,17.61,21.61,12.26,59.27,1.44,1.71,19.81,0.0,0.23,0.22,0.23
2008-02-20,25.68,19.31,21.59,12.99,60.14,4.06,4.82,18.18,0.0,0.22,0.22,0.22
2008-02-21,20.18,16.05,18.49,9.6,57.52,7.44,8.95,19.65,0.0,0.22,0.21,0.22
2008-02-22,22.38,15.72,18.52,8.67,55.02,2.62,3.24,15.78,0.0,0.22,0.21,0.22
2008-02-23,23.49,15.67,19.09,7.83,50.62,1.98,2.44,17.65,0.0,0.22,0.21,0.22
2008-02-24,23.94,15.63,19.17,6.96,47.01,2.03,2.52,19.51,0.0,0.21,0.21,0.22
2008-02-25,25.43,16.03,19.87,8.27,50.77,1.43,1.79,20.29,0.0,0.21,0.21,0.22
2008-02-26,28.41,15.94,21.5,9.66,52.16,2.04,2.67,20.3,0.0,0.21,0.21,0.22
2008-02-27,27.48,17.49,22.59,9.02,44.6,1.89,2.5,20.1,0.0,0.2,0.21,0.22
2008-02-28,27.19,18.44,22.92,9.37,47.41,2.52,3.09,20.64,0.0,0.2,0.21,0.21
2008-02-29,24.26,17.63,20.37,15.6,76.69,4.59,5.61,21.06,0.0,0.2,0.2,0.21
2008-03-01,23.03,16.54,19.54,14.68,75.04,3.97,4.85,21.4,0.0,0.2,0.2,0.21
2008-03-02,24.67,16.46,20.03,15.1,75.72,2.95,3.57,22.34,0.0,0.2,0.2,0.21
2008-03-03,25.77,15.55,20.69,12.39,63.96,1.97,2.32,21.29,0.0,0.19,0.2,0.21
2008-03-04,27.73,18.8,22.81,8.6,45.17,2.87,3.52,21.82,0.0,0.18,0.2,0.21
2008-03-05,23.05,17.64,20.19,13.34,67.19,6.4,7.75,20.82,0.0,0.18,0.2,0.21
2008-03-06,26.23,16.7,20.95,9.85,52.22,2.7,3.3,21.1,0.0,0.18,0.2,0.21
2008-03-07,26.71,18.94,22.1,11.51,54.56,2.19,2.68,20.91,0.0,0.17,0.2,0.21
2008-03-08,27.02,18.74,22.03,14.09,64.29,2.55,3.15,21.47,0.0,0.17,0.2,0.2
2008-03-09,27.45,17.47,21.7,14.33,68.39,2.16,2.65,21.72,0.0,0.17,0.2,0.2
2008-03-10,29.68,18.76,23.76,10.4,53.91,2.34,2.92,22.45,0.01,0.16,0.2,0.2
2008-03-11,29.51,19.6,23.57,8.52,43.67,1.6,1.93,23.68,0.0,0.15,0.19,0.2
2008-03-12,28.61,18.44,22.99,10.77,53.87,1.95,2.29,22.9,0.0,0.15,0.19,0.2
2008-03-13,29.46,19.56,23.81,6.17,37.92,1.83,2.21,24.08,0.0,0.15,0.19,0.2
2008-03-14,30.65,20.21,24.99,9.57,40.67,2.95,3.76,24.0,0.0,0.14,0.19,0.2
2008-03-15,29.5,20.65,24.93,11.39,47.56,2.62,3.22,22.09,0.0,0.14,0.19,0.2
2008-03-16,25.54,18.79,21.7,14.62,67.44,3.38,4.08,23.73,0.0,0.14,0.19,0.2
2008-03-17,28.29,17.31,22.44,16.35,73.32,2.77,3.43,21.72,0.0,0.14,0.19,0.2
2008-03-18,32.4,19.37,24.98,15.16,62.73,1.81,2.36,23.02,0.0,0.14,0.19,0.2
2008-03-19,31.36,21.58,25.54,13.61,53.71,2.2,2.65,22.09,0.0,0.13,0.19,0.2
2008-03-20,31.26,22.14,25.7,11.8,46.97,2.9,3.53,20.11,0.0,0.13,0.19,0.19
2008-03-21,28.47,20.19,23.61,16.4,69.71,4.75,5.77,23.88,0.0,0.13,0.19,0.19
2008-03-22,27.98,18.89,22.92,16.53,70.52,3.19,3.87,23.98,0.0,0.13,0.19,0.19
2008-03-23,31.6,19.31,24.65,15.79,64.32,1.63,1.94,23.31,0.0,0.13,0.19,0.19
2008-03-24,32.53,21.16,25.89,13.88,55.95,1.71,2.04,23.39,0.09,0.13,0.18,0.19
2008-03-25,31.99,22.2,26.32,9.85,41.21,2.36,2.78,23.4,0.07,0.12,0.18,0.19
2008-03-26,32.2,23.41,27.2,5.53,27.76,2.65,3.28,24.55,0.19,0.12,0.18,0.19
2008-03-27,33.77,22.97,27.45,8.33,34.49,2.07,2.76,23.39,0.0,0.12,0.18,0.19
2008-03-28,32.98,23.11,27.52,10.61,39.2,2.16,2.74,23.08,0.0,0.11,0.18,0.19
2008-03-29,31.61,22.05,26.34,10.33,40.83,2.78,3.37,23.64,0.0,0.11,0.18,0.19
2008-03-30,31.96,22.13,26.56,11.74,45.6,2.15,2.56,25.17,0.0,0.11,0.18,0.19
2008-03-31,32.22,23.24,27.34,9.27,36.37,2.19,2.61,25.49,0.0,0.11,0.18,0.19
2008-04-01,32.61,23.64,27.57,9.17,34.54,3.36,4.11,23.98,0.0,0.1,0.18,0.19
2008-04-02,33.26,23.63,27.58,12.93,46.05,4.47,5.4,24.22,0.0,0.1,0.18,0.19
2008-04-03,29.52,21.63,24.97,16.26,63.71,6.15,7.38,26.59,0.0,0.1,0.18,0.18
2008-04-04,28.8,20.71,24.51,16.2,63.36,4.95,5.92,24.89,0.0,0.1,0.18,0.18
2008-04-05,30.7,21.1,25.37,14.7,58.07,4.39,5.32,23.38,0.0,0.1,0.18,0.18
2008-04-06,31.16,22.1,25.83,15.55,59.78,3.41,4.1,24.98,0.0,0.1,0.18,0.18
2008-04-07,33.46,20.69,26.95,17.29,59.21,3.58,4.48,23.91,0.0,0.1,0.18,0.18
2008-04-08,30.23,24.05,26.96,20.4,68.84,3.87,4.76,19.55,0.0,0.1,0.18,0.18
2008-04-09,32.16,23.62,27.33,19.1,64.71,2.88,3.44,18.13,0.01,0.11,0.18,0.18
2008-04-10,31.74,24.27,27.38,19.32,64.22,2.95,3.56,22.65,0.0,0.11,0.17,0.18
2008-04-11,31.26,23.4,26.69,17.85,64.12,3.14,3.73,24.81,0.0,0.11,0.17,0.18
2008-04-12,31.38,22.09,26.51,18.71,66.13,4.89,5.88,25.33,0.0,0.1,0.17,0.18
2008-04-13,32.13,23.54,26.96,18.52,64.7,6.24,7.5,24.02,0.0,0.1,0.17,0.18
2008-04-14,29.38,23.05,25.84,17.6,62.75,4.6,5.45,24.5,0.0,0.1,0.17,0.18
2008-04-15,34.43,23.19,28.63,12.98,44.84,2.12,2.66,22.92,0.0,0.1,0.17,0.18
2008-04-16,35.42,23.98,29.23,10.09,35.32,2.26,3.04,25.11,0.0,0.1,0.17,0.18
2008-04-17,35.67,23.22,28.72,14.36,45.99,2.39,3.01,25.31,0.0,0.09,0.17,0.18
2008-04-18,33.4,24.73,28.53,13.43,44.23,2.55,3.13,24.62,0.0,0.09,0.17,0.18
2008-04-19,30.47,22.61,25.99,18.33,66.38,4.55,5.4,21.07,0.0,0.09,0.17,0.17
2008-04-20,29.74,21.03,24.98,16.43,63.22,4.28,5.08,24.53,0.0,0.09,0.17,0.17
2008-04-21,32.48,22.05,26.74,9.95,41.83,2.69,3.3,23.24,0.0,0.09,0.17,0.17
2008-04-22,29.88,21.62,25.25,15.65,59.52,2.93,3.5,25.46,0.0,0.09,0.17,0.17
2008-04-23,33.27,21.2,26.31,11.96,45.52,1.69,2.0,26.17,0.0,0.09,0.17,0.17
2008-04-24,35.11,22.95,28.15,14.86,51.55,1.59,1.91,25.03,0.0,0.09,0.17,0.17
2008-04-25,35.52,22.87,28.26,15.09,55.09,1.99,2.39,25.56,0.0,0.08,0.17,0.17
2008-04-26,33.79,24.72,28.64,13.7,45.17,2.05,2.46,25.87,0.0,0.08,0.17,0.17
2008-04-27,34.57,24.35,28.73,16.05,53.11,2.95,3.53,26.93,0.0,0.08,0.17,0.17
2008-04-28,33.97,24.16,28.45,15.0,50.85,3.22,3.9,27.27,0.0,0.08,0.17,0.17
2008-04-29,34.24,23.08,28.71,13.07,44.71,2.9,3.48,26.78,0.0,0.08,0.17,0.17
2008-04-30,35.34,25.96,29.99,13.17,40.04,2.06,2.47,26.41,0.0,0.08,0.17,0.17
2008-05-01,34.61,26.34,29.89,17.17,49.98,2.87,3.42,21.32,0.0,0.08,0.16,0.17
2008-05-02,34.67,25.44,29.43,17.76,54.8,2.99,3.6,23.59,0.0,0.08,0.16,0.17
2008-05-03,34.92,25.01,29.76,17.49,52.15,3.14,3.77,23.18,0.0,0.08,0.16,0.17
2008-05-04,35.28,25.85,30.49,16.9,49.3,3.32,4.03,24.66,0.0,0.08,0.16,0.17
2008-05-05,35.79,26.91,31.7,15.59,42.07,2.31,2.82,24.37,0.0,0.08,0.16,0.17
2008-05-06,36.96,29.66,32.67,13.82,34.16,3.17,3.85,22.99,0.0,0.08,0.16,0.17
2008-05-07,34.7,26.34,30.1,18.46,55.0,4.83,5.78,26.1,0.0,0.08,0.16,0.17
2008-05-08,35.32,25.6,30.15,17.22,52.55,4.57,5.52,25.9,0.0,0.08,0.16,0.17
2008-05-09,36.77,26.07,31.0,13.83,40.57,2.53,3.05,25.72,0.0,0.08,0.16,0.17
2008-05-10,37.58,28.83,33.02,10.93,29.04,2.2,2.71,24.3,0.0,0.07,0.16,0.17
2008-05-11,37.3,27.61,31.91,14.98,41.34,3.0,3.54,26.76,0.0,0.07,0.16,0.16
2008-05-12,37.42,27.13,31.67,17.58,48.05,2.59,3.11,26.43,0.0,0.07,0.16,0.16
2008-05-13,36.76,27.81,31.91,18.74,50.16,3.64,4.34,26.52,0.0,0.07,0.16,0.16
2008-05-14,37.0,27.42,31.88,17.61,48.74,5.08,6.12,27.71,0.0,0.07,0.16,0.16
2008-05-15,37.39,27.02,31.93,19.45,54.4,3.99,4.78,27.5,0.0,0.07,0.16,0.16
2008-05-16,37.19,27.6,32.06,19.98,54.52,2.92,3.5,26.56,0.0,0.07,0.16,0.16
2008-05-17,37.55,26.93,31.73,18.92,53.24,2.81,3.4,28.07,0.0,0.07,0.16,0.16
2008-05-18,35.44,26.16,30.66,21.73,63.64,3.21,3.81,27.77,0.0,0.07,0.16,0.16
2008-05-19,37.07,27.09,31.7,22.04,63.82,3.72,4.45,27.54,0.0,0.07,0.16,0.16
2008-05-20,36.79,27.2,31.51,22.13,64.1,4.47,5.29,27.01,0.0,0.07,0.16,0.16
2008-05-21,35.22,26.77,30.37,21.16,63.58,5.84,6.89,27.59,0.0,0.07,0.16,0.16
2008-05-22,33.96,25.7,29.44,21.48,65.43,4.72,5.5,27.07,0.0,0.07,0.16,0.16
2008-05-23,35.64,23.72,29.74,17.93,55.89,2.59,3.01,28.28,0.0,0.07,0.16,0.16
2008-05-24,38.13,27.0,32.28,17.68,46.19,1.87,2.26,28.04,0.0,0.07,0.16,0.16
2008-05-25,37.86,27.9,32.59,16.83,42.5,3.28,3.96,27.71,0.0,0.07,0.16,0.16
2008-05-26,38.07,29.36,33.46,17.28,40.05,2.97,3.67,26.68,0.0,0.07,0.16,0.16
2008-05-27,37.73,29.49,33.36,18.68,44.46,2.81,3.38,27.31,0.0,0.07,0.16,0.16
2008-05-28,38.65,30.12,33.72,17.72,41.37,2.86,3.44,27.07,0.0,0.07,0.16,0.16
2008-05-29,38.19,28.76,33.45,16.57,40.7,3.05,3.59,27.53,0.0,0.07,0.16,0.16
2008-05-30,38.63,29.21,33.77,18.82,45.51,3.73,4.43,27.2,0.0,0.07,0.16,0.16
2008-05-31,38.74,28.73,33.47,21.16,54.56,4.0,4.78,27.34,0.0,0.07,0.15,0.16
2008-06-01,38.86,28.12,33.2,22.27,60.06,3.91,4.66,27.94,0.0,0.07,0.15,0.16
2008-06-02,38.25,28.71,33.22,22.34,59.3,3.88,4.63,28.3,0.0,0.07,0.15,0.16
2008-06-03,38.03,28.43,33.13,22.41,58.54,3.13,3.74,27.46,0.0,0.07,0.15,0.16
2008-06-04,41.17,28.35,34.8,18.02,44.2,1.61,2.05,26.92,0.0,0.07,0.15,0.16
2008-06-05,39.71,29.34,34.37,23.39,56.26,3.25,3.87,26.49,0.0,0.06,0.15,0.16
2008-06-06,37.19,29.93,32.94,25.11,65.02,3.18,3.62,25.4,0.0,0.07,0.15,0.16
2008-06-07,38.53,29.37,33.22,23.25,58.98,2.0,2.27,26.16,0.0,0.07,0.15,0.16
2008-06-08,37.05,28.19,32.07,22.47,61.15,2.96,3.37,27.24,0.0,0.07,0.15,0.16
2008-06-09,36.7,27.45,31.29,22.88,65.3,4.14,4.77,26.27,0.0,0.07,0.15,0.16
2008-06-10,35.27,26.4,30.27,21.48,63.28,4.26,4.91,25.08,0.0,0.07,0.15,0.16
2008-06-11,35.14,26.19,30.69,19.8,58.19,3.86,4.46,23.53,0.0,0.07,0.15,0.15
2008-06-12,36.13,28.5,31.83,19.81,52.95,3.99,4.64,20.16,0.0,0.07,0.15,0.15
2008-06-13,34.52,28.82,31.33,21.13,57.41,6.22,7.29,25.84,0.0,0.07,0.15,0.15
2008-06-14,35.1,27.82,30.91,21.87,60.48,4.98,5.78,24.24,0.0,0.07,0.15,0.15
2008-06-15,34.56,27.61,30.55,22.63,64.23,5.01,5.83,22.58,0.0,0.07,0.15,0.15
2008-06-16,35.07,27.04,30.75,23.13,66.97,4.63,5.37,22.47,0.0,0.07,0.15,0.15
2008-06-17,37.93,26.94,31.53,22.53,64.21,3.75,4.32,22.74,0.0,0.07,0.15,0.15
2008-06-18,35.33,27.4,30.93,23.07,65.88,3.71,4.26,21.57,0.0,0.07,0.15,0.15
2008-06-19,35.41,27.72,31.11,21.04,59.07,3.51,4.06,21.58,0.0,0.07,0.15,0.15
2008-06-20,36.52,27.57,32.05,18.28,48.66,2.95,3.46,21.57,0.0,0.07,0.15,0.15
2008-06-21,37.51,29.24,32.9,13.82,36.4,2.53,2.98,22.34,0.0,0.07,0.15,0.15
2008-06-22,37.27,28.41,32.59,17.39,44.98,4.14,4.96,24.06,0.0,0.07,0.15,0.15
2008-06-23,37.78,27.78,32.72,19.66,52.73,3.8,4.56,27.1,0.0,0.07,0.15,0.15
2008-06-24,37.79,27.93,32.57,19.83,52.85,3.14,3.75,27.21,0.0,0.06,0.15,0.15
2008-06-25,39.29,29.06,33.69,18.48,45.97,2.54,3.04,27.18,0.0,0.06,0.15,0.15
2008-06-26,40.0,28.09,33.62,20.71,55.47,2.66,3.15,27.55,0.0,0.06,0.15,0.15
2008-06-27,40.17,28.31,33.77,20.66,53.62,2.1,2.46,26.69,0.0,0.06,0.15,0.15
2008-06-28,43.2,30.03,35.95,20.73,46.52,0.98,1.17,25.77,0.0,0.06,0.15,0.15
2008-06-29,43.21,32.41,37.58,17.59,35.9,2.85,3.71,26.55,0.0,0.06,0.15,0.15
2008-06-30,43.48,30.1,36.68,20.89,46.1,2.87,3.52,26.83,0.0,0.05,0.15,0.15
2008-07-01,41.12,30.11,35.06,22.06,51.89,2.61,3.05,26.62,0.03,0.05,0.15,0.15
2008-07-02,38.17,29.78,33.73,21.2,54.37,2.89,3.37,24.81,0.0,0.06,0.15,0.15
2008-07-03,37.31,29.21,32.7,19.08,49.39,3.15,3.73,24.87,0.0,0.06,0.15,0.15
2008-07-04,36.72,27.71,32.11,17.97,49.93,3.47,4.11,25.18,0.0,0.06,0.15,0.15
2008-07-05,37.9,27.94,32.77,20.56,52.91,2.6,3.05,24.64,0.0,0.06,0.15,0.15
2008-07-06,40.66,28.87,34.54,20.48,48.24,1.58,1.9,24.94,0.0,0.06,0.15,0.15
2008-07-07,40.38,30.0,34.78,22.93,55.02,1.48,1.7,24.25,0.0,0.06,0.15,0.15
2008-07-08,40.49,31.24,35.14,22.93,53.52,1.63,1.91,23.89,0.0,0.06,0.15,0.15
2008-07-09,41.07,31.91,35.55,22.4,49.9,1.88,2.21,24.59,0.0,0.06,0.15,0.15
2008-07-10,39.35,31.33,34.86,22.77,53.56,2.35,2.68,24.43,0.0,0.06,0.15,0.15
2008-07-11,38.41,30.56,34.14,22.59,55.74,3.38,3.89,23.72,0.0,0.06,0.15,0.15
2008-07-12,39.16,29.76,34.37,20.59,49.88,2.44,2.81,23.08,0.0,0.06,0.15,0.15
2008-07-13,43.35,31.58,37.1,18.43,38.15,3.09,3.83,22.65,0.0,0.06,0.15,0.15
2008-07-14,41.36,30.33,35.44,23.24,53.03,5.78,6.93,23.13,0.0,0.05,0.15,0.15
2008-07-15,42.82,30.39,36.42,22.01,49.22,3.54,4.31,23.61,0.0,0.05,0.15,0.15
2008-07-16,42.78,31.33,36.24,22.69,50.63,2.51,2.93,24.62,0.0,0.05,0.15,0.15
2008-07-17,40.6,31.85,35.53,24.53,56.44,1.92,2.25,25.54,0.0,0.05,0.15,0.15
2008-07-18,40.65,30.92,35.17,23.08,53.57,1.98,2.29,25.99,0.0,0.05,0.15,0.15
2008-07-19,39.25,30.65,34.73,21.76,50.75,2.15,2.48,26.33,0.0,0.05,0.15,0.15
2008-07-20,40.9,30.84,35.76,19.1,42.16,1.91,2.27,25.21,0.0,0.05,0.15,0.15
2008-07-21,42.77,32.74,37.66,18.54,35.14,2.2,2.77,23.62,0.0,0.05,0.15,0.15
2008-07-22,43.18,32.32,37.4,20.35,40.41,3.92,4.76,26.08,0.0,0.05,0.15,0.15
2008-07-23,42.1,31.28,36.41,20.35,42.67,4.33,5.24,26.14,0.0,0.05,0.15,0.15
2008-07-24,41.36,30.52,36.14,21.84,47.12,3.08,3.65,25.82,0.0,0.05,0.15,0.15
2008-07-25,40.96,32.94,36.75,20.84,41.95,2.85,3.37,25.8,0.0,0.05,0.15,0.15
2008-07-26,40.43,32.0,36.01,21.82,46.34,1.92,2.27,25.54,0.0,0.05,0.15,0.15
2008-07-27,42.01,31.98,37.15,22.02,45.47,2.12,2.61,24.88,0.0,0.05,0.15,0.15
2008-07-28,42.76,32.41,37.54,22.28,45.03,3.14,3.78,26.02,0.0,0.05,0.15,0.15
2008-07-29,40.05,33.0,36.18,23.72,50.9,2.07,2.4,22.96,0.0,0.05,0.15,0.15
2008-07-30,41.21,32.65,36.53,23.76,50.37,1.92,2.22,22.74,0.0,0.05,0.15,0.15
2008-07-31,41.7,32.89,36.48,24.09,51.56,2.57,2.94,23.88,0.0,0.05,0.15,0.15
2008-08-01,40.84,33.05,36.29,23.75,50.97,2.13,2.48,24.08,0.0,0.05,0.15,0.15
2008-08-02,41.52,31.65,36.28,22.87,48.52,4.61,5.5,22.76,0.0,0.05,0.15,0.15
2008-08-03,39.61,30.9,34.56,23.95,55.85,6.45,7.65,20.66,0.0,0.05,0.15,0.15
2008-08-04,38.91,31.77,34.9,23.29,52.37,5.29,6.28,20.29,0.04,0.05,0.15,0.15
2008-08-05,36.75,30.68,33.26,24.05,59.61,5.57,6.52,17.93,0.04,0.05,0.15,0.15
2008-08-06,37.1,29.52,32.73,24.34,62.77,5.81,6.81,21.19,0.03,0.06,0.15,0.15
2008-08-07,38.24,29.24,33.5,23.34,57.26,4.31,5.01,22.74,0.05,0.06,0.15,0.15
2008-08-08,39.66,29.95,34.88,23.62,54.11,3.52,4.14,23.16,0.09,0.06,0.15,0.15
2008-08-09,40.88,31.59,35.78,23.26,50.3,2.76,3.2,23.22,0.0,0.06,0.15,0.15
2008-08-10,40.4,32.46,35.85,24.51,53.56,2.22,2.57,21.76,0.0,0.06,0.15,0.15
2008-08-11,38.75,32.1,35.24,24.92,56.62,2.56,2.96,22.84,0.0,0.06,0.15,0.15
2008-08-12,39.55,30.97,34.95,23.45,55.4,2.68,3.05,23.64,0.0,0.06,0.15,0.15
2008-08-13,40.46,32.0,36.02,22.3,47.39,2.25,2.69,23.88,0.0,0.06,0.15,0.15
2008-08-14,41.7,32.32,36.34,23.64,50.56,2.83,3.32,21.68,0.0,0.06,0.15,0.15
2008-08-15,39.66,32.35,35.7,24.05,52.88,1.98,2.29,22.44,0.0,0.06,0.15,0.15
2008-08-16,41.46,32.51,36.49,21.76,45.34,4.16,5.0,22.85,0.01,0.06,0.15,0.15
2008-08-17,41.94,30.46,35.97,20.12,43.63,4.1,4.93,24.22,0.0,0.06,0.15,0.15
2008-08-18,40.64,30.38,35.58,19.11,40.92,2.92,3.48,23.78,0.0,0.06,0.15,0.15
2008-08-19,41.06,30.83,35.49,20.67,45.1,3.15,3.72,24.24,0.03,0.06,0.15,0.15
2008-08-20,40.29,31.21,35.37,20.38,44.81,4.19,4.93,23.68,0.0,0.06,0.15,0.15
2008-08-21,39.9,31.46,35.47,18.56,39.79,3.1,3.68,24.17,0.0,0.06,0.15,0.15
2008-08-22,40.58,32.11,35.65,17.77,37.67,2.42,2.86,24.12,0.0,0.06,0.15,0.15
2008-08-23,40.59,31.03,35.68,19.99,42.97,2.59,3.25,23.72,0.0,0.05,0.15,0.15
2008-08-24,40.02,30.86,35.53,19.91,42.62,2.4,2.9,23.3,0.0,0.05,0.15,0.15
2008-08-25,39.49,30.43,34.68,20.35,45.73,2.7,3.13,23.33,0.01,0.05,0.15,0.15
2008-08-26,40.08,30.8,34.86,21.6,49.72,1.97,2.29,22.92,0.0,0.05,0.15,0.15
2008-08-27,40.73,30.66,35.4,22.67,52.41,1.62,1.91,24.91,0.0,0.05,0.15,0.15
2008-08-28,41.56,30.9,35.96,20.99,45.27,2.42,2.97,24.46,0.0,0.05,0.15,0.15
2008-08-29,40.96,30.6,35.85,19.46,42.29,2.04,2.51,22.45,0.0,0.05,0.15,0.15
2008-08-30,41.16,30.81,35.56,20.66,45.39,3.34,4.0,21.75,0.0,0.05,0.15,0.15
2008-08-31,40.59,30.25,34.93,22.39,51.76,4.2,4.94,22.67,0.0,0.05,0.15,0.15
2008-09-01,38.82,30.06,33.96,22.02,53.07,4.53,5.31,22.5,0.0,0.05,0.15,0.15
2008-09-02,37.72,29.84,33.19,22.19,54.58,4.01,4.65,21.35,0.01,0.05,0.15,0.15
2008-09-03,37.87,28.68,33.12,21.67,53.7,2.75,3.14,22.94,0.0,0.05,0.15,0.15
2008-09-04,38.28,30.02,33.66,20.98,50.56,2.23,2.58,22.71,0.0,0.05,0.15,0.15
2008-09-05,36.73,29.25,32.67,23.23,60.67,2.03,2.31,23.1,0.0,0.05,0.15,0.15
2008-09-06,37.11,30.22,33.45,24.21,60.69,1.42,1.68,22.69,0.0,0.05,0.15,0.15
2008-09-07,38.69,30.2,34.23,21.12,50.06,5.22,6.21,21.65,0.0,0.05,0.15,0.15
2008-09-08,38.12,28.54,32.95,21.86,55.97,5.3,6.31,22.23,0.0,0.05,0.14,0.15
2008-09-09,38.04,28.24,32.91,19.83,49.1,3.86,4.53,21.87,0.0,0.05,0.14,0.15
2008-09-10,37.81,30.05,33.49,17.83,41.93,3.24,3.84,21.25,0.0,0.05,0.14,0.15
2008-09-11,38.07,29.79,33.74,17.21,40.3,2.28,2.73,21.44,0.0,0.05,0.14,0.15
2008-09-12,38.44,30.13,33.73,18.48,43.92,2.51,3.03,21.4,0.0,0.05,0.14,0.15
2008-09-13,37.6,29.1,32.85,22.16,56.32,2.68,3.12,21.45,0.0,0.05,0.14,0.15
2008-09-14,38.29,28.88,33.08,23.11,59.92,2.27,2.64,21.64,0.0,0.05,0.14,0.15
2008-09-15,37.69,29.17,33.11,23.79,62.06,2.42,2.8,21.54,0.0,0.05,0.14,0.15
2008-09-16,34.9,29.43,31.97,26.95,76.83,3.0,3.56,21.02,0.0,0.05,0.14,0.15
2008-09-17,36.93,29.27,32.29,23.92,65.79,4.0,4.79,22.42,0.0,0.05,0.14,0.15
2008-09-18,34.93,29.04,31.68,23.15,62.26,2.98,3.55,18.25,0.0,0.05,0.14,0.15
2008-09-19,36.79,28.66,32.28,21.68,56.69,1.27,1.49,18.59,0.0,0.05,0.14,0.15
2008-09-20,38.81,28.23,33.02,19.97,49.87,2.18,2.58,20.09,0.0,0.05,0.14,0.15
2008-09-21,38.12,30.01,33.34,22.98,58.84,2.28,2.66,20.41,0.0,0.05,0.14,0.15
2008-09-22,35.84,28.3,31.51,25.2,72.39,2.7,3.18,21.26,0.0,0.05,0.14,0.15
2008-09-23,36.19,28.54,31.7,24.2,68.67,1.83,2.15,21.18,0.0,0.05,0.14,0.15
2008-09-24,37.86,27.23,31.95,21.44,59.02,1.4,1.6,21.85,0.0,0.05,0.14,0.15
2008-09-25,38.81,27.89,33.06,19.61,51.01,2.61,3.12,21.42,0.0,0.05,0.14,0.15
2008-09-26,38.69,28.49,33.14,16.21,40.85,2.97,3.57,22.12,0.0,0.05,0.14,0.15
2008-09-27,37.88,28.31,32.33,18.23,48.65,3.69,4.39,20.63,0.0,0.05,0.14,0.15
2008-09-28,35.07,28.35,31.28,23.29,65.23,3.86,4.63,21.06,0.0,0.05,0.14,0.15
2008-09-29,35.65,27.98,31.49,21.39,57.74,3.05,3.63,21.82,0.0,0.05,0.14,0.15
2008-09-30,36.71,27.68,31.82,19.82,52.61,1.78,2.1,21.48,0.0,0.05,0.14,0.15
2008-10-01,36.08,28.92,32.22,20.07,51.3,1.98,2.31,21.01,0.0,0.05,0.14,0.15
2008-10-02,36.55,28.87,32.13,21.36,56.69,3.08,3.62,21.29,0.0,0.05,0.14,0.15
2008-10-03,35.49,28.19,31.39,22.03,60.68,2.54,2.99,21.22,0.0,0.05,0.14,0.15
2008-10-04,36.38,27.74,31.75,20.31,53.37,1.74,2.07,20.21,0.0,0.05,0.14,0.15
2008-10-05,36.21,29.39,32.04,20.74,53.04,2.71,3.13,19.27,0.0,0.05,0.14,0.15
2008-10-06,35.18,28.77,31.42,21.49,57.34,4.22,5.01,20.36,0.0,0.05,0.14,0.15
2008-10-07,35.42,28.29,31.32,22.39,61.2,3.88,4.64,21.01,0.0,0.05,0.14,0.15
2008-10-08,36.04,27.77,31.15,21.06,58.78,3.08,3.72,20.73,0.0,0.05,0.14,0.15
2008-10-09,36.59,27.64,31.59,18.22,49.5,2.12,2.54,20.54,0.0,0.05,0.14,0.15
2008-10-10,36.45,27.98,31.54,16.81,45.08,1.82,2.15,19.63,0.0,0.05,0.14,0.15
2008-10-11,36.83,27.85,31.71,15.95,42.59,1.47,1.78,19.79,0.0,0.05,0.14,0.15
2008-10-12,36.87,27.41,31.68,18.62,49.13,2.15,2.63,19.65,0.0,0.05,0.14,0.15
2008-10-13,35.73,27.96,31.28,18.11,49.29,2.14,2.6,19.53,0.0,0.05,0.14,0.15
2008-10-14,35.65,27.17,30.85,20.46,59.48,2.64,3.19,20.5,0.0,0.05,0.14,0.15
2008-10-15,37.83,27.56,32.45,16.98,46.36,2.13,2.66,19.53,0.0,0.05,0.14,0.15
2008-10-16,38.74,28.2,32.8,12.54,33.57,1.92,2.41,20.02,0.0,0.05,0.14,0.15
2008-10-17,36.36,25.54,30.79,17.05,48.8,2.43,2.99,19.23,0.0,0.05,0.14,0.15
2008-10-18,35.06,25.58,30.11,17.74,52.44,2.12,2.56,19.11,0.0,0.05,0.14,0.15
2008-10-19,35.48,26.06,30.17,15.81,46.18,1.59,1.88,18.71,0.0,0.05,0.14,0.15
2008-10-20,35.47,24.78,29.87,15.81,47.73,2.06,2.57,18.84,0.0,0.05,0.14,0.15
2008-10-21,35.29,24.5,29.6,15.11,46.57,2.97,3.59,18.72,0.0,0.05,0.14,0.15
2008-10-22,34.36,24.96,29.42,18.04,53.34,2.63,3.17,18.51,0.0,0.05,0.14,0.15
2008-10-23,34.42,24.42,29.35,15.22,46.47,1.83,2.3,18.82,0.29,0.06,0.14,0.15
2008-10-24,35.47,25.99,30.29,13.74,39.74,1.74,2.24,18.65,0.0,0.06,0.14,0.15
2008-10-25,34.72,25.13,29.64,13.46,40.49,2.03,2.54,18.8,0.0,0.06,0.14,0.15
2008-10-26,34.0,26.42,29.86,19.43,56.73,2.61,3.06,18.03,0.0,0.06,0.14,0.15
2008-10-27,33.74,26.64,29.7,21.89,65.74,3.29,3.93,18.12,0.0,0.06,0.14,0.15
2008-10-28,32.46,26.72,29.25,22.39,68.01,4.27,5.18,17.55,0.0,0.06,0.14,0.15
2008-10-29,32.84,26.67,29.32,19.24,57.19,3.41,4.19,17.97,0.0,0.06,0.14,0.15
2008-10-30,34.15,25.39,29.45,16.39,49.28,1.67,2.04,18.71,0.0,0.06,0.14,0.15
2008-10-31,34.64,24.88,29.16,18.3,57.85,2.78,3.39,17.85,0.0,0.06,0.14,0.15
2008-11-01,32.96,25.08,28.95,18.07,55.41,1.94,2.4,17.34,0.0,0.06,0.14,0.15
2008-11-02,33.95,26.79,30.13,17.97,50.26,1.95,2.35,15.83,0.0,0.06,0.14,0.15
2008-11-03,34.41,24.84,29.49,16.01,48.11,2.12,2.67,16.87,0.0,0.06,0.14,0.15
2008-11-04,33.46,24.76,28.53,13.25,42.27,2.36,2.91,17.64,0.0,0.06,0.14,0.15
2008-11-05,32.1,26.07,28.73,19.79,60.05,2.71,3.22,17.62,0.0,0.06,0.14,0.15
2008-11-06,31.1,25.96,28.07,19.94,62.64,2.91,3.51,16.85,0.0,0.06,0.14,0.15
2008-11-07,30.97,25.8,27.88,18.41,57.65,2.97,3.59,17.14,0.0,0.06,0.14,0.15
2008-11-08,30.19,25.36,27.49,19.55,62.64,2.88,3.46,15.84,0.0,0.06,0.14,0.15
2008-11-09,30.86,25.23,27.57,18.28,57.89,2.51,3.05,17.06,0.0,0.06,0.14,0.15
2008-11-10,31.54,25.71,27.99,16.67,51.39,1.59,1.89,16.46,0.0,0.06,0.14,0.15
2008-11-11,31.64,25.55,28.08,15.39,48.09,2.34,2.82,16.56,0.0,0.06,0.14,0.15
2008-11-12,31.32,25.14,27.86,14.65,45.58,2.22,2.67,15.39,0.0,0.06,0.14,0.15
2008-11-13,29.77,23.24,26.18,12.19,43.54,3.08,3.68,15.86,0.0,0.06,0.14,0.15
2008-11-14,29.58,22.66,25.61,11.24,41.7,2.23,2.75,15.92,0.0,0.06,0.14,0.15
2008-11-15,30.39,22.44,25.92,14.05,49.16,2.31,2.81,13.6,0.0,0.06,0.14,0.15
2008-11-16,27.97,23.63,25.54,15.69,54.84,3.04,3.62,14.33,0.53,0.07,0.15,0.15
2008-11-17,27.72,23.56,25.35,13.4,47.93,1.05,1.24,14.29,0.17,0.09,0.15,0.15
2008-11-18,27.55,23.34,24.86,13.82,50.91,2.32,2.8,16.37,0.0,0.09,0.15,0.15
2008-11-19,28.98,21.73,24.91,10.54,41.89,2.42,2.91,16.65,0.0,0.09,0.15,0.15
2008-11-20,30.07,20.45,24.78,9.48,40.61,1.9,2.41,16.88,0.0,0.09,0.15,0.15
2008-11-21,29.12,20.87,24.65,10.26,42.15,1.6,1.96,16.38,0.0,0.08,0.15,0.15
2008-11-22,28.84,22.83,25.1,13.9,51.55,1.2,1.44,16.03,0.0,0.08,0.15,0.15
2008-11-23,28.8,21.81,24.99,16.4,60.6,1.67,2.03,15.99,0.0,0.08,0.15,0.15
2008-11-24,28.56,23.09,25.22,16.08,57.95,2.51,2.99,15.32,0.0,0.08,0.15,0.15
2008-11-25,28.46,22.81,25.47,18.0,64.22,5.32,6.52,15.29,0.0,0.08,0.15,0.15
2008-11-26,27.25,22.84,24.77,16.56,60.97,3.82,4.61,14.95,0.09,0.08,0.15,0.15
2008-11-27,26.31,22.11,23.88,16.99,65.89,2.87,3.44,12.81,0.57,0.1,0.15,0.15
2008-11-28,27.63,21.71,24.24,16.02,62.09,1.83,2.21,14.21,0.23,0.12,0.15,0.15
2008-11-29,28.74,21.78,24.64,15.94,61.0,3.66,4.42,10.74,0.22,0.12,0.15,0.15
2008-11-30,29.92,20.54,24.6,13.69,54.41,1.99,2.47,15.09,0.0,0.12,0.15,0.15
2008-12-01,28.32,20.78,23.87,15.35,60.75,2.57,3.04,12.66,0.13,0.11,0.15,0.15
2008-12-02,24.66,21.2,22.76,15.84,65.48,3.85,4.58,13.55,0.24,0.12,0.15,0.15
2008-12-03,23.8,20.78,22.07,13.26,57.96,3.76,4.55,10.69,0.16,0.12,0.15,0.15
2008-12-04,23.79,19.97,21.56,13.7,61.33,2.69,3.27,9.25,1.68,0.16,0.15,0.15
2008-12-05,23.49,19.12,21.1,11.43,54.5,2.35,2.92,12.21,0.81,0.18,0.15,0.15
2008-12-06,22.52,19.0,20.55,10.91,54.44,2.16,2.64,10.29,1.42,0.2,0.16,0.16
2008-12-07,23.79,18.96,20.98,9.85,49.6,2.46,3.01,14.7,1.53,0.21,0.16,0.16
2008-12-08,24.5,19.5,21.6,9.22,45.75,1.57,1.92,14.74,0.0,0.18,0.16,0.16
2008-12-09,24.84,20.18,21.91,11.39,51.93,1.72,2.06,15.09,0.0,0.17,0.16,0.16
2008-12-10,24.72,19.7,21.52,13.01,59.05,1.82,2.18,14.96,0.0,0.16,0.16,0.16
2008-12-11,25.14,19.86,21.86,15.89,69.49,2.1,2.55,14.82,0.0,0.15,0.16,0.16
2008-12-12,24.94,19.71,21.83,15.23,67.28,3.25,4.01,14.81,0.0,0.15,0.16,0.16
2008-12-13,24.75,20.16,21.99,16.21,70.23,3.7,4.55,13.57,0.0,0.14,0.16,0.16
2008-12-14,25.46,19.34,22.13,15.15,65.73,2.18,2.6,14.27,0.0,0.14,0.15,0.16
2008-12-15,23.56,20.07,21.81,15.7,68.57,3.02,3.57,12.1,0.02,0.13,0.15,0.16
2008-12-16,23.05,19.52,21.0,12.54,59.42,6.38,7.7,12.25,0.01,0.13,0.15,0.16
2008-12-17,21.75,17.5,20.27,11.1,56.15,5.6,6.68,10.47,1.91,0.16,0.15,0.16
2008-12-18,21.51,16.09,18.61,9.44,55.8,2.76,3.45,14.19,0.46,0.19,0.16,0.16
2008-12-19,21.62,17.03,18.89,7.89,49.3,2.42,2.98,13.07,0.17,0.17,0.16,0.16
2008-12-20,22.06,17.16,19.07,6.54,44.57,2.43,2.9,14.5,0.0,0.16,0.16,0.16
2008-12-21,23.52,15.6,19.03,5.65,44.19,2.98,3.65,14.84,0.0,0.15,0.16,0.16
2008-12-22,26.61,16.37,20.73,6.45,41.62,2.26,2.87,14.93,0.0,0.14,0.16,0.16
2008-12-23,27.17,17.46,21.69,7.92,43.13,1.78,2.24,15.05,0.0,0.13,0.16,0.16
2008-12-24,24.84,19.01,21.22,13.26,62.04,1.79,2.16,14.66,0.0,0.13,0.16,0.16
2008-12-25,24.38,17.94,20.54,14.47,70.29,2.95,3.63,15.0,0.0,0.12,0.16,0.16
2008-12-26,23.9,17.46,20.08,14.56,72.09,3.11,3.84,15.06,0.01,0.12,0.16,0.16
2008-12-27,23.26,16.26,19.42,16.6,85.18,2.46,3.05,14.21,0.0,0.12,0.16,0.16
2008-12-28,24.8,18.15,20.94,16.75,79.22,3.66,4.53,14.24,0.0,0.12,0.16,0.16
2008-12-29,24.59,18.23,21.08,17.34,80.4,2.77,3.46,13.96,0.0,0.12,0.16,0.16
2008-12-30,25.73,18.84,21.82,16.84,75.09,2.13,2.59,13.7,0.0,0.12,0.16,0.16
2008-12-31,25.99,19.73,22.01,16.7,73.9,2.15,2.55,13.73,0.01,0.12,0.16,0.16
2009-01-01,26.76,18.67,22.03,13.74,62.92,1.38,1.61,14.9,0.0,0.12,0.16,0.16
2009-01-02,27.51,19.03,22.33,12.58,57.88,3.78,4.52,14.32,0.0,0.11,0.16,0.16
2009-01-03,22.27,17.16,20.09,12.05,61.31,6.6,7.93,14.23,0.0,0.11,0.16,0.16
2009-01-04,20.89,16.08,18.33,11.28,64.02,4.7,5.67,12.83,0.0,0.11,0.16,0.16
2009-01-05,21.83,16.8,18.97,10.95,60.27,4.45,5.46,14.77,0.0,0.11,0.16,0.16
2009-01-06,21.09,16.3,18.5,10.45,60.25,4.43,5.41,14.56,0.0,0.11,0.16,0.16
2009-01-07,22.37,16.64,18.9,11.65,63.81,2.18,2.69,14.82,0.0,0.11,0.15,0.16
2009-01-08,22.53,16.34,19.15,13.49,70.73,2.63,3.27,11.63,0.0,0.11,0.15,0.16
2009-01-09,22.47,17.37,19.37,12.27,64.64,2.94,3.61,14.88,0.0,0.11,0.15,0.16
2009-01-10,22.44,16.59,19.2,11.36,61.65,2.85,3.47,14.96,0.0,0.11,0.15,0.16
2009-01-11,23.31,18.43,20.68,9.48,49.94,2.26,2.74,13.44,0.0,0.11,0.15,0.16
2009-01-12,22.41,17.89,19.99,12.45,62.66,1.71,2.06,10.55,2.04,0.14,0.16,0.16
2009-01-13,20.7,17.0,18.57,14.25,76.37,2.1,2.55,7.5,5.47,0.26,0.17,0.17
2009-01-14,20.65,17.01,18.69,10.88,60.87,1.84,2.18,13.57,2.37,0.24,0.17,0.17
2009-01-15,19.17,16.64,17.68,8.66,56.12,1.9,2.19,12.88,4.74,0.28,0.18,0.18
2009-01-16,20.71,16.67,18.28,6.54,46.66,1.77,2.1,13.48,0.0,0.22,0.18,0.18
2009-01-17,21.31,17.0,18.85,6.16,44.02,1.1,1.32,16.09,0.0,0.2,0.18,0.18
2009-01-18,22.0,15.07,18.37,6.82,48.17,1.82,2.29,14.96,0.0,0.18,0.18,0.18
2009-01-19,21.71,16.32,18.29,10.54,61.84,2.65,3.3,7.38,3.15,0.22,0.18,0.18
2009-01-20,20.62,13.97,17.52,9.32,59.63,1.91,2.34,14.43,0.34,0.23,0.18,0.18
2009-01-21,21.04,16.46,18.26,11.16,63.83,2.09,2.5,15.99,0.03,0.2,0.18,0.18
2009-01-22,21.18,15.78,18.05,10.5,62.44,3.64,4.52,14.67,0.0,0.19,0.18,0.18
2009-01-23,20.43,15.25,17.39,11.06,67.67,4.45,5.36,11.13,7.74,0.23,0.18,0.18
2009-01-24,18.7,14.11,16.32,9.09,63.5,4.55,5.46,13.88,2.01,0.28,0.2,0.2
2009-01-25,20.66,14.21,17.28,11.45,69.37,2.73,3.38,16.41,0.0,0.23,0.2,0.2
2009-01-26,21.69,15.79,18.37,12.5,69.84,3.25,4.01,17.04,0.0,0.21,0.2,0.2
2009-01-27,22.11,16.6,18.67,12.79,69.83,2.94,3.59,17.34,0.0,0.2,0.19,0.2
2009-01-28,22.57,15.64,18.75,14.22,76.51,3.9,4.82,16.66,0.0,0.2,0.19,0.2
2009-01-29,23.0,17.33,19.8,13.9,69.84,2.43,3.01,16.12,0.0,0.2,0.19,0.2
2009-01-30,25.36,17.43,20.59,12.23,61.73,1.39,1.74,17.16,0.0,0.19,0.19,0.2
2009-01-31,25.84,16.13,20.65,11.32,59.6,2.16,2.74,17.49,0.0,0.19,0.19,0.2
2009-02-01,27.67,17.39,21.99,11.83,56.82,1.75,2.21,17.1,0.0,0.18,0.19,0.19
2009-02-02,23.81,17.93,20.26,13.47,66.22,4.78,5.81,16.94,0.0,0.18,0.19,0.19
2009-02-03,22.33,16.87,19.36,12.64,66.31,5.84,7.11,17.75,0.0,0.18,0.19,0.19
2009-02-04,21.86,17.2,19.2,11.46,61.51,6.25,7.56,18.65,0.0,0.18,0.19,0.19
2009-02-05,23.58,16.69,19.92,11.02,57.43,1.72,2.13,17.71,0.0,0.18,0.19,0.19
2009-02-06,24.65,15.15,19.72,10.91,58.81,2.14,2.64,17.47,0.0,0.18,0.19,0.19
2009-02-07,25.15,16.79,20.86,12.44,60.9,2.64,3.21,15.79,0.01,0.18,0.19,0.19
2009-02-08,25.04,18.61,21.43,13.27,61.32,1.66,1.97,16.26,0.04,0.18,0.18,0.19
2009-02-09,24.87,18.28,20.91,13.81,66.31,3.09,3.72,18.05,0.0,0.18,0.18,0.19
2009-02-10,25.57,17.0,20.48,13.15,67.41,1.36,1.63,17.25,0.0,0.18,0.18,0.19
2009-02-11,27.96,17.01,22.32,10.54,52.51,3.21,4.05,17.79,0.0,0.17,0.18,0.19
2009-02-12,21.39,17.97,19.72,10.53,56.27,7.71,9.26,16.97,0.0,0.17,0.18,0.19
2009-02-13,22.17,16.56,19.01,11.64,63.35,3.57,4.33,16.41,0.0,0.17,0.18,0.19
2009-02-14,24.15,16.47,19.68,11.2,60.39,1.15,1.42,17.76,0.0,0.17,0.18,0.18
2009-02-15,25.58,16.7,20.59,11.62,58.55,1.49,1.81,16.5,0.0,0.17,0.18,0.18
2009-02-16,25.65,17.82,21.55,11.83,56.69,1.94,2.46,15.5,0.0,0.16,0.18,0.18
2009-02-17,28.57,19.52,23.17,13.14,57.08,1.58,2.16,15.13,0.09,0.16,0.18,0.18
2009-02-18,26.34,19.3,22.35,14.69,64.21,2.37,3.03,17.46,0.02,0.16,0.18,0.18
2009-02-19,23.59,17.91,20.31,15.57,75.9,3.59,4.33,17.44,0.0,0.16,0.18,0.18
2009-02-20,24.63,16.53,20.02,13.75,70.07,2.34,2.8,18.97,0.0,0.16,0.18,0.18
2009-02-21,27.82,17.61,21.93,9.83,50.54,2.04,2.57,18.89,0.0,0.15,0.18,0.18
2009-02-22,29.53,19.7,24.21,11.64,48.67,2.71,3.53,17.53,0.0,0.14,0.18,0.18
2009-02-23,29.08,20.45,24.06,13.15,54.0,3.06,3.83,19.03,0.0,0.14,0.17,0.18
2009-02-24,29.99,20.32,24.28,14.39,58.49,1.84,2.18,18.64,0.0,0.13,0.17,0.18
2009-02-25,30.82,21.86,25.51,11.77,45.69,2.46,3.15,18.88,0.0,0.13,0.17,0.18
2009-02-26,30.82,21.93,25.55,10.9,42.3,2.54,3.19,19.55,0.0,0.12,0.17,0.18
2009-02-27,33.0,22.68,27.29,11.16,39.34,1.97,2.64,19.8,0.0,0.12,0.17,0.18
2009-02-28,33.11,22.73,27.58,10.45,37.43,4.54,5.85,19.61,0.07,0.12,0.17,0.18
2009-03-01,32.31,21.16,25.59,10.62,43.46,4.04,5.0,15.9,0.03,0.11,0.17,0.18
2009-03-02,24.33,19.05,21.36,13.21,61.18,7.05,8.52,15.09,0.44,0.12,0.17,0.18
2009-03-03,22.45,17.64,19.82,9.9,53.86,5.26,6.28,18.77,0.0,0.13,0.17,0.18
2009-03-04,23.01,17.16,19.82,12.01,62.56,5.18,6.21,21.92,0.0,0.12,0.17,0.18
2009-03-05,24.01,19.14,20.87,11.59,57.69,5.72,6.95,20.11,0.0,0.12,0.17,0.18
2009-03-06,24.04,19.04,21.09,11.56,55.79,6.45,7.76,22.35,0.0,0.12,0.17,0.17
2009-03-07,24.92,18.16,20.96,12.73,61.51,3.05,3.71,22.68,0.0,0.12,0.17,0.17
2009-03-08,29.25,17.66,22.88,11.37,52.29,1.42,1.69,23.13,0.0,0.11,0.17,0.17
2009-03-09,30.86,18.87,24.21,9.71,47.11,1.61,1.99,23.2,0.0,0.11,0.17,0.17
2009-03-10,31.79,21.58,25.26,5.46,35.88,1.87,2.3,20.18,0.0,0.1,0.17,0.17
2009-03-11,29.67,21.86,25.07,9.02,40.78,1.82,2.33,22.57,0.0,0.1,0.17,0.17
2009-03-12,27.7,19.99,23.17,15.7,67.33,2.25,2.63,21.63,0.0,0.1,0.17,0.17
2009-03-13,25.98,19.19,22.13,15.07,67.49,2.52,3.03,19.12,0.0,0.1,0.17,0.17
2009-03-14,28.72,18.12,22.72,12.05,57.79,1.92,2.27,23.03,0.0,0.1,0.17,0.17
2009-03-15,29.6,20.27,24.62,8.3,40.05,1.8,2.2,21.8,0.0,0.1,0.17,0.17
2009-03-16,31.27,23.12,26.67,5.73,29.32,1.75,2.16,21.4,0.0,0.1,0.17,0.17
2009-03-17,32.5,23.68,27.28,7.48,32.18,2.75,3.52,22.3,0.0,0.1,0.17,0.17
2009-03-18,31.16,22.11,26.14,12.73,46.6,3.1,3.85,21.57,0.0,0.09,0.17,0.17
2009-03-19,32.14,23.9,26.3,13.27,47.7,2.32,2.8,21.5,0.0,0.09,0.17,0.17
2009-03-20,30.98,22.52,26.23,14.13,50.63,3.42,4.11,23.18,0.0,0.09,0.17,0.17
2009-03-21,30.71,20.81,25.59,14.6,57.24,4.12,5.02,23.51,0.0,0.09,0.16,0.17
2009-03-22,33.99,25.39,29.55,11.82,35.24,2.89,3.8,20.65,0.58,0.1,0.16,0.17
2009-03-23,31.07,24.23,26.86,18.66,62.18,3.85,4.72,20.07,0.8,0.13,0.17,0.17
2009-03-24,32.35,21.92,26.79,17.87,62.24,1.79,2.23,22.81,0.1,0.14,0.17,0.17
2009-03-25,33.76,24.26,28.26,18.35,57.82,3.05,3.77,19.95,1.74,0.16,0.17,0.17
2009-03-26,26.33,20.74,23.74,15.39,60.17,5.37,6.3,7.22,3.49,0.24,0.18,0.18
2009-03-27,29.93,20.69,24.49,17.26,65.18,3.42,4.02,14.68,1.72,0.22,0.18,0.18
2009-03-28,28.74,21.8,24.72,17.32,64.83,2.74,3.21,17.55,7.34,0.23,0.18,0.18
2009-03-29,27.49,21.44,23.76,18.48,73.07,4.64,5.51,5.89,11.25,0.35,0.21,0.2
2009-03-30,29.28,21.38,24.66,19.0,71.99,5.09,6.18,12.6,5.78,0.32,0.22,0.21
2009-03-31,23.48,19.27,21.51,10.64,51.44,5.02,5.94,16.75,6.9,0.32,0.23,0.23
2009-04-01,25.86,18.28,21.93,9.03,46.28,2.08,2.45,19.66,0.0,0.25,0.22,0.23
2009-04-02,26.44,19.38,22.74,11.82,53.56,1.68,1.96,22.62,0.0,0.23,0.22,0.22
2009-04-03,25.25,19.3,22.34,12.55,55.59,3.24,3.83,12.16,0.16,0.22,0.22,0.22
2009-04-04,23.03,19.48,21.11,15.2,69.23,2.29,2.74,17.6,1.11,0.26,0.22,0.22
2009-04-05,26.41,20.06,22.65,15.96,67.44,3.0,3.52,24.75,0.06,0.24,0.22,0.22
2009-04-06,25.99,19.25,22.38,17.05,73.39,4.39,5.28,24.87,0.0,0.23,0.21,0.22
2009-04-07,28.16,20.23,23.69,17.65,71.75,2.78,3.4,25.05,0.0,0.22,0.21,0.22
2009-04-08,30.3,19.29,24.49,15.82,64.68,1.67,1.96,25.27,0.0,0.21,0.21,0.22
2009-04-09,30.87,21.95,26.45,15.3,53.88,2.23,2.83,22.81,0.0,0.2,0.21,0.21
2009-04-10,32.13,23.94,27.73,15.95,51.84,2.82,3.58,17.76,0.01,0.2,0.2,0.21
2009-04-11,32.98,23.26,27.76,18.5,60.61,3.86,4.75,23.88,0.02,0.19,0.2,0.21
2009-04-12,31.48,23.95,27.31,17.22,55.98,4.04,4.97,17.36,0.77,0.2,0.2,0.21
2009-04-13,29.9,22.89,25.83,16.51,57.85,3.18,3.8,22.62,2.05,0.23,0.2,0.21
2009-04-14,28.61,20.71,24.21,17.62,69.92,4.29,5.12,24.83,0.0,0.21,0.2,0.21
2009-04-15,27.76,20.16,23.68,15.1,61.33,2.72,3.28,26.43,0.0,0.19,0.2,0.21
2009-04-16,34.49,19.75,27.09,10.98,44.29,2.61,3.25,23.89,0.0,0.17,0.2,0.21
2009-04-17,36.01,23.93,29.05,14.98,47.21,4.78,5.87,21.49,0.0,0.16,0.2,0.21
2009-04-18,31.81,25.17,28.09,16.6,52.15,4.25,5.24,17.84,0.0,0.15,0.2,0.2
2009-04-19,32.81,24.45,28.32,11.28,39.28,2.48,3.19,25.25,0.0,0.15,0.2,0.2
2009-04-20,32.28,22.27,27.17,14.43,50.87,3.0,3.71,23.83,0.0,0.14,0.19,0.2
2009-04-21,32.08,22.84,26.89,15.95,56.77,3.25,3.89,24.55,0.0,0.14,0.19,0.2
2009-04-22,28.44,21.9,24.88,15.94,60.82,5.58,6.69,28.06,0.0,0.14,0.19,0.2
2009-04-23,30.22,20.66,25.36,16.36,62.12,3.2,3.86,27.33,0.0,0.14,0.19,0.2
2009-04-24,33.77,21.41,27.38,13.52,49.04,1.5,1.82,27.67,0.0,0.14,0.19,0.2
2009-04-25,35.02,24.99,29.72,7.57,29.2,1.8,2.29,26.21,0.0,0.13,0.19,0.2
2009-04-26,37.51,25.67,31.02,9.81,30.21,2.39,3.31,24.49,0.0,0.12,0.19,0.2
2009-04-27,36.12,26.5,30.99,10.88,31.14,2.78,3.68,24.06,0.0,0.11,0.19,0.19
2009-04-28,36.31,28.8,31.69,10.33,28.62,2.1,2.74,23.47,0.0,0.11,0.19,0.19
2009-04-29,36.19,27.2,31.38,10.9,31.09,2.51,3.27,25.45,0.0,0.11,0.19,0.19
2009-04-30,36.45,27.35,31.49,10.54,30.43,2.41,3.23,25.66,0.0,0.11,0.18,0.19
2009-05-01,37.62,26.6,32.39,9.3,26.46,3.74,4.91,26.52,0.0,0.1,0.18,0.19
2009-05-02,36.83,26.31,31.25,13.75,38.85,6.0,7.35,24.87,0.0,0.1,0.18,0.19
2009-05-03,30.99,23.91,27.32,17.97,61.44,5.54,6.6,27.26,0.0,0.1,0.18,0.19
2009-05-04,35.86,22.55,27.91,17.16,59.6,2.61,3.14,25.68,0.0,0.1,0.18,0.19
2009-05-05,35.31,23.68,28.87,15.73,51.52,1.82,2.19,25.61,0.0,0.1,0.18,0.19
2009-05-06,36.11,26.16,30.87,13.27,37.88,2.52,3.34,19.67,0.03,0.1,0.18,0.19
2009-05-07,36.32,27.23,31.03,12.61,35.26,2.84,3.63,21.59,0.44,0.11,0.18,0.19
2009-05-08,35.33,26.82,30.46,15.63,44.58,2.84,3.42,23.82,0.0,0.11,0.18,0.18
2009-05-09,36.97,25.98,30.75,20.22,59.61,2.95,3.6,24.87,0.0,0.11,0.18,0.18
2009-05-10,38.93,26.32,31.94,20.28,57.93,1.88,2.24,25.99,0.0,0.1,0.18,0.18
2009-05-11,39.76,27.83,33.25,16.28,42.27,2.08,2.55,25.52,0.0,0.1,0.18,0.18
2009-05-12,38.5,28.68,33.11,17.99,44.03,2.56,3.07,26.09,0.0,0.1,0.18,0.18
2009-05-13,37.04,26.84,31.39,20.4,57.67,3.88,4.61,26.92,0.0,0.1,0.18,0.18
2009-05-14,36.93,27.0,31.41,21.92,62.93,3.41,4.1,26.54,1.27,0.14,0.18,0.18
2009-05-15,36.82,26.62,31.18,21.74,63.83,3.91,4.65,27.3,0.0,0.12,0.18,0.18
2009-05-16,36.59,26.12,30.75,22.11,66.25,4.28,5.05,26.92,0.0,0.11,0.18,0.18
2009-05-17,35.72,26.05,30.54,21.61,64.39,5.09,6.07,25.34,0.0,0.11,0.17,0.18
2009-05-18,34.59,26.79,30.18,19.21,57.59,6.1,7.26,24.66,0.0,0.1,0.17,0.18
2009-05-19,33.22,25.84,29.32,19.95,61.16,4.9,5.82,27.36,0.0,0.1,0.17,0.18
2009-05-20,35.39,25.37,30.09,20.79,64.15,2.67,3.17,26.97,0.0,0.1,0.17,0.18
2009-05-21,38.1,25.93,32.09,17.19,48.72,1.73,2.03,27.11,0.0,0.1,0.17,0.18
2009-05-22,40.62,27.47,33.52,14.93,38.34,1.59,1.95,27.41,0.0,0.09,0.17,0.18
2009-05-23,40.39,29.77,34.29,13.45,33.09,1.76,2.18,27.77,0.0,0.08,0.17,0.18
2009-05-24,38.73,29.43,33.59,13.04,33.0,2.23,2.61,28.14,0.0,0.08,0.17,0.17
2009-05-25,38.68,27.83,32.81,16.87,43.04,2.98,3.57,27.85,0.0,0.08,0.17,0.17
2009-05-26,39.19,28.73,33.76,15.13,37.39,2.37,2.85,27.75,0.0,0.08,0.17,0.17
2009-05-27,40.63,30.13,34.91,11.44,28.7,1.91,2.26,28.76,0.0,0.08,0.17,0.17
2009-05-28,39.8,30.59,34.91,10.59,27.33,2.04,2.4,28.72,0.0,0.08,0.17,0.17
2009-05-29,40.34,28.28,33.75,17.45,43.91,2.31,2.72,27.79,0.0,0.08,0.17,0.17
2009-05-30,40.58,28.81,33.66,21.67,56.03,3.15,3.77,27.56,0.0,0.08,0.17,0.17
2009-05-31,40.21,29.28,33.79,23.33,62.2,4.26,5.12,27.3,0.0,0.08,0.17,0.17
2009-06-01,36.24,28.19,31.69,22.08,61.19,4.86,5.71,28.4,0.0,0.08,0.17,0.17
2009-06-02,35.9,27.13,31.25,20.61,60.49,3.97,4.65,27.81,0.0,0.08,0.17,0.17
2009-06-03,38.54,26.69,32.04,19.38,53.47,2.22,2.64,26.63,0.0,0.08,0.16,0.17
2009-06-04,36.27,26.41,31.18,19.95,57.84,2.65,3.12,28.52,0.0,0.08,0.16,0.17
2009-06-05,39.1,26.74,32.56,18.16,46.7,1.81,2.1,27.56,0.0,0.08,0.16,0.17
2009-06-06,39.76,28.53,33.43,19.28,48.03,2.26,2.63,27.82,0.0,0.07,0.16,0.17
2009-06-07,37.88,29.21,32.9,19.21,48.46,2.82,3.27,27.66,0.0,0.07,0.16,0.17
2009-06-08,38.93,27.7,32.99,20.17,55.56,4.89,5.84,26.33,0.0,0.07,0.16,0.17
2009-06-09,38.5,28.16,32.84,20.68,56.34,3.81,4.51,27.11,0.0,0.07,0.16,0.17
2009-06-10,40.83,27.59,33.62,20.64,54.62,1.75,2.1,27.29,0.0,0.07,0.16,0.17
2009-06-11,41.22,29.78,35.29,18.82,43.83,1.15,1.42,27.51,0.0,0.07,0.16,0.17
2009-06-12,41.61,30.59,35.49,17.6,39.23,2.49,3.05,26.82,0.0,0.07,0.16,0.16
2009-06-13,40.9,31.61,35.84,15.02,31.85,3.21,3.87,26.85,0.0,0.07,0.16,0.16
2009-06-14,39.79,29.98,34.5,15.23,34.47,4.02,4.84,26.49,0.0,0.07,0.16,0.16
2009-06-15,37.97,29.15,33.21,20.82,53.1,5.14,6.16,24.37,0.0,0.07,0.16,0.16
2009-06-16,38.55,29.22,33.25,24.23,64.8,3.7,4.37,26.61,0.0,0.07,0.16,0.16
2009-06-17,39.28,28.3,33.24,20.85,55.27,2.92,3.42,26.16,0.0,0.07,0.16,0.16
2009-06-18,38.5,30.89,34.49,15.38,33.64,2.34,2.73,25.91,0.0,0.07,0.16,0.16
2009-06-19,39.38,31.39,35.19,15.79,35.11,3.45,4.1,26.47,0.0,0.07,0.16,0.16
2009-06-20,36.35,29.55,32.7,22.81,59.9,5.04,5.94,26.53,0.0,0.07,0.16,0.16
2009-06-21,39.41,27.61,33.45,22.32,58.2,2.52,3.0,26.19,0.0,0.07,0.16,0.16
2009-06-22,40.69,28.96,34.99,19.79,46.99,3.2,3.91,26.01,0.0,0.07,0.16,0.16
2009-06-23,41.07,29.43,34.84,20.19,46.92,2.55,3.03,26.25,0.0,0.07,0.16,0.16
2009-06-24,39.43,30.83,34.69,19.69,44.81,2.98,3.51,26.8,0.0,0.07,0.16,0.16
2009-06-25,37.71,29.66,33.77,16.04,37.5,2.77,3.28,26.07,0.0,0.07,0.16,0.16
2009-06-26,39.52,30.81,34.36,19.49,44.89,2.18,2.54,26.36,0.0,0.07,0.16,0.16
2009-06-27,39.74,28.92,33.99,20.72,52.29,2.92,3.42,27.43,0.0,0.07,0.16,0.16
2009-06-28,40.58,29.89,34.86,20.69,50.96,2.35,2.75,26.26,0.0,0.07,0.16,0.16
2009-06-29,43.56,30.77,36.27,19.35,44.93,2.22,2.64,27.5,0.0,0.07,0.16,0.16
2009-06-30,44.17,31.01,36.96,19.74,45.59,2.62,3.19,26.11,0.0,0.06,0.15,0.16
2009-07-01,44.24,31.03,36.97,23.0,53.9,1.37,1.63,27.44,0.0,0.06,0.15,0.16
2009-07-02,43.69,32.39,37.27,20.6,43.19,1.93,2.29,27.83,0.0,0.06,0.15,0.16
2009-07-03,39.11,30.87,34.63,24.09,58.58,3.0,3.42,26.72,0.0,0.06,0.15,0.16
2009-07-04,38.62,28.9,33.68,21.5,56.34,2.95,3.41,25.77,0.0,0.06,0.15,0.16
2009-07-05,38.83,28.54,33.64,19.67,49.81,1.67,1.95,23.74,0.0,0.06,0.15,0.16
2009-07-06,39.2,30.44,34.67,22.66,52.7,1.82,2.16,24.89,0.0,0.06,0.15,0.16
2009-07-07,38.17,31.16,34.19,22.92,53.74,2.15,2.46,25.63,0.0,0.06,0.15,0.16
2009-07-08,38.28,30.31,33.8,23.31,57.37,3.77,4.35,26.17,0.0,0.06,0.15,0.16
2009-07-09,38.64,30.7,33.98,23.38,57.84,4.74,5.56,25.84,0.0,0.07,0.15,0.16
2009-07-10,42.38,29.35,34.94,24.98,61.81,2.36,2.76,24.76,0.0,0.07,0.15,0.16
2009-07-11,39.04,31.12,34.51,25.9,65.44,2.38,2.84,25.28,0.0,0.07,0.15,0.16
2009-07-12,40.15,31.46,34.74,25.07,61.82,2.39,2.8,24.76,0.0,0.07,0.15,0.15
2009-07-13,41.58,30.65,35.24,23.62,57.34,1.64,1.93,24.07,0.0,0.07,0.15,0.15
2009-07-14,39.26,31.71,34.65,22.75,52.77,2.22,2.53,24.18,0.0,0.07,0.15,0.15
2009-07-15,40.53,30.62,34.74,24.32,58.42,2.06,2.36,23.36,0.0,0.07,0.15,0.15
2009-07-16,40.74,31.53,35.62,24.26,54.39,3.29,3.89,22.81,0.0,0.07,0.15,0.15
2009-07-17,39.46,31.49,34.92,24.66,57.27,3.45,3.95,23.52,0.0,0.07,0.15,0.15
2009-07-18,40.71,31.56,35.47,24.72,56.89,3.16,3.6,24.27,0.0,0.07,0.15,0.15
2009-07-19,39.61,32.02,35.5,24.23,54.86,2.28,2.61,21.84,0.0,0.07,0.15,0.15
2009-07-20,38.45,31.6,34.62,23.99,55.92,2.02,2.36,22.81,0.0,0.07,0.15,0.15
2009-07-21,40.63,31.79,35.8,24.86,55.56,1.62,1.87,25.36,0.0,0.07,0.15,0.15
2009-07-22,41.25,32.64,35.99,25.69,58.09,2.6,2.96,26.03,0.0,0.07,0.15,0.15
2009-07-23,42.16,32.57,36.94,24.01,50.75,1.28,1.45,26.0,0.0,0.07,0.15,0.15
2009-07-24,39.57,32.55,35.75,25.78,57.93,4.43,5.22,23.96,0.0,0.07,0.15,0.15
2009-07-25,41.91,31.08,36.05,24.64,55.45,4.84,5.73,24.03,0.0,0.07,0.15,0.15
2009-07-26,40.86,32.2,35.83,25.04,56.06,3.89,4.5,24.42,0.0,0.07,0.15,0.15
2009-07-27,38.42,31.0,34.1,25.27,63.74,4.33,4.97,25.63,0.0,0.07,0.15,0.15
2009-07-28,39.61,29.93,34.19,25.21,63.79,4.31,5.0,26.42,0.0,0.07,0.15,0.15
2009-07-29,37.89,30.18,33.87,24.17,61.89,3.58,4.15,26.11,0.0,0.07,0.15,0.15
2009-07-30,39.58,30.67,34.89,19.55,46.53,2.55,3.04,24.83,0.0,0.07,0.15,0.15
2009-07-31,39.82,29.86,34.51,19.4,47.99,2.21,2.58,21.01,0.0,0.07,0.15,0.15
2009-08-01,39.63,31.71,34.74,17.55,39.13,2.0,2.36,19.72,0.0,0.06,0.15,0.15
2009-08-02,39.69,30.59,34.82,19.66,44.26,1.06,1.23,20.45,0.0,0.06,0.15,0.15
2009-08-03,41.84,31.79,36.06,19.69,42.9,1.95,2.35,21.5,0.0,0.06,0.15,0.15
2009-08-04,41.8,31.31,35.96,19.39,43.86,2.37,2.79,24.01,0.0,0.06,0.15,0.15
2009-08-05,41.3,31.59,35.91,18.86,42.07,3.22,3.81,23.38,0.0,0.06,0.15,0.15
2009-08-06,40.97,30.82,35.47,20.72,47.61,3.68,4.4,22.94,0.0,0.06,0.15,0.15
2009-08-07,41.32,31.61,35.99,19.96,43.22,4.01,4.82,22.62,0.0,0.06,0.15,0.15
2009-08-08,40.59,31.44,35.22,21.68,50.66,4.37,5.22,23.3,0.0,0.06,0.15,0.15
2009-08-09,40.41,30.65,35.08,24.31,59.65,4.25,5.06,24.16,0.0,0.06,0.15,0.15
2009-08-10,40.23,29.58,34.05,24.27,63.18,3.26,3.82,24.28,0.0,0.06,0.15,0.15
2009-08-11,42.24,29.34,35.2,22.78,55.08,1.76,2.06,24.56,0.0,0.06,0.15,0.15
2009-08-12,39.16,31.28,34.7,25.32,60.0,4.29,5.03,22.94,0.0,0.06,0.15,0.15
2009-08-13,39.35,30.59,34.46,24.31,58.07,3.39,3.92,22.55,0.0,0.06,0.15,0.15
2009-08-14,38.84,30.36,34.3,24.82,59.71,3.14,3.58,23.51,0.0,0.06,0.15,0.15
2009-08-15,38.46,31.64,34.61,23.65,55.02,2.83,3.22,22.65,0.0,0.06,0.15,0.15
2009-08-16,38.46,31.05,34.23,25.17,60.86,4.33,5.12,22.67,0.09,0.06,0.15,0.15
2009-08-17,38.12,30.38,33.66,25.31,63.19,6.72,7.93,23.09,0.01,0.06,0.15,0.15
2009-08-18,39.51,30.14,34.44,23.89,56.54,4.3,5.06,22.88,0.0,0.06,0.15,0.15
2009-08-19,38.94,30.2,34.31,23.33,54.69,3.41,3.92,22.91,0.0,0.06,0.15,0.15
2009-08-20,38.22,30.2,34.03,23.92,57.86,3.03,3.47,22.57,0.0,0.06,0.15,0.15
2009-08-21,38.07,31.78,34.52,22.48,51.1,3.78,4.34,22.41,0.0,0.06,0.15,0.15
2009-08-22,39.0,31.6,34.86,22.47,50.78,3.35,3.9,23.03,0.0,0.06,0.15,0.15
2009-08-23,39.74,31.77,35.32,21.44,47.4,2.92,3.44,23.31,0.0,0.06,0.15,0.15
2009-08-24,40.78,31.24,35.56,20.73,46.06,2.36,2.78,23.73,0.0,0.06,0.15,0.15
2009-08-25,40.94,32.06,36.18,17.64,36.5,2.29,2.75,23.41,0.0,0.06,0.15,0.15
2009-08-26,38.6,31.16,34.78,22.78,52.31,2.74,3.24,23.55,0.0,0.06,0.15,0.15
2009-08-27,40.64,30.32,35.29,22.91,53.4,2.49,2.91,22.96,0.0,0.06,0.15,0.15
2009-08-28,40.97,30.16,35.24,22.77,52.43,3.37,3.96,23.13,0.0,0.06,0.15,0.15
2009-08-29,39.97,29.7,34.36,23.46,56.04,3.3,3.8,22.49,0.0,0.06,0.15,0.15
2009-08-30,38.69,31.25,34.74,24.2,56.25,2.27,2.6,22.38,0.0,0.06,0.15,0.15
2009-08-31,38.89,31.46,34.62,25.04,60.36,3.26,3.77,23.1,0.0,0.06,0.15,0.15
2009-09-01,39.14,31.57,34.57,24.52,58.26,1.83,2.14,22.87,0.0,0.06,0.15,0.15
2009-09-02,39.38,31.12,34.45,23.37,55.22,2.07,2.35,22.88,0.0,0.06,0.15,0.15
2009-09-03,37.4,30.98,33.73,23.8,57.83,1.84,2.05,23.24,0.02,0.06,0.15,0.15
2009-09-04,37.95,30.11,33.44,22.84,56.74,1.92,2.18,23.48,0.01,0.06,0.15,0.15
2009-09-05,39.36,30.28,33.74,21.82,52.82,2.64,3.07,22.85,0.27,0.07,0.15,0.15
2009-09-06,39.06,29.61,33.69,22.43,54.81,1.61,1.85,23.65,0.06,0.07,0.15,0.15
2009-09-07,41.09,30.66,35.34,22.83,51.59,2.52,2.99,22.69,0.02,0.07,0.15,0.15
2009-09-08,41.84,30.93,35.55,21.64,49.39,3.28,3.86,22.93,0.01,0.07,0.15,0.15
2009-09-09,39.14,30.51,34.25,21.86,51.76,2.48,2.93,22.94,0.0,0.06,0.15,0.15
2009-09-10,38.7,30.12,33.72,23.27,57.64,1.95,2.26,22.98,0.0,0.06,0.15,0.15
2009-09-11,39.96,31.32,35.01,20.79,45.6,1.64,1.88,23.16,0.0,0.06,0.15,0.15
2009-09-12,40.01,30.18,34.85,22.23,50.52,3.13,3.65,21.65,0.01,0.06,0.15,0.15
2009-09-13,39.27,30.2,34.34,22.11,52.26,3.17,3.65,22.45,0.0,0.06,0.15,0.15
2009-09-14,38.26,30.02,33.64,22.68,56.05,2.76,3.16,22.39,0.0,0.06,0.15,0.15
2009-09-15,37.08,29.76,32.58,23.13,59.89,3.42,3.97,23.39,0.0,0.06,0.15,0.15
2009-09-16,37.28,28.87,32.6,23.14,59.58,4.59,5.44,22.58,0.0,0.06,0.15,0.15
2009-09-17,36.84,30.12,33.14,22.93,56.64,2.66,3.11,21.49,0.0,0.06,0.15,0.15
2009-09-18,38.38,29.46,33.43,22.26,54.7,2.8,3.26,22.29,0.0,0.06,0.15,0.15
2009-09-19,37.37,28.69,32.74,22.96,58.98,4.21,4.88,21.56,0.0,0.06,0.15,0.15
2009-09-20,37.09,29.82,32.88,20.49,50.73,3.82,4.41,21.64,0.0,0.06,0.15,0.15
2009-09-21,36.64,30.04,32.72,19.71,48.77,4.05,4.78,21.16,0.0,0.06,0.15,0.15
2009-09-22,36.22,29.73,32.4,23.3,60.57,3.84,4.54,21.58,0.0,0.06,0.15,0.15
2009-09-23,37.71,28.86,32.56,23.5,63.0,3.32,3.91,21.64,0.0,0.06,0.15,0.15
2009-09-24,37.78,28.47,32.42,23.34,63.69,3.07,3.64,21.73,0.0,0.06,0.15,0.15
2009-09-25,38.21,27.85,32.23,21.5,58.33,2.36,2.8,21.41,0.0,0.06,0.15,0.15
2009-09-26,37.04,28.93,32.39,22.95,60.97,3.53,4.19,21.74,0.0,0.06,0.15,0.15
2009-09-27,36.32,28.32,31.79,18.86,48.71,2.33,2.75,21.91,0.0,0.06,0.15,0.15
2009-09-28,37.45,28.26,32.54,21.15,52.88,1.86,2.17,20.91,0.0,0.06,0.15,0.15
2009-09-29,37.23,29.45,32.54,20.78,51.87,2.19,2.49,21.99,0.0,0.06,0.15,0.15
2009-09-30,36.45,27.71,31.86,20.26,53.95,1.85,2.14,21.5,0.0,0.06,0.15,0.15
2009-10-01,38.02,28.27,32.94,18.9,47.11,1.41,1.62,22.3,0.0,0.06,0.15,0.15
2009-10-02,37.45,29.17,32.93,21.55,55.25,2.11,2.51,20.93,0.0,0.06,0.15,0.15
2009-10-03,37.56,28.95,32.64,22.28,59.24,2.41,2.85,20.74,0.0,0.06,0.15,0.15
2009-10-04,35.9,28.99,31.77,21.83,58.81,3.61,4.27,20.64,0.0,0.06,0.15,0.15
2009-10-05,36.55,28.42,31.66,18.42,49.28,2.4,2.83,20.81,0.0,0.06,0.15,0.15
2009-10-06,36.66,28.06,31.73,19.02,51.72,2.24,2.65,19.89,0.0,0.06,0.15,0.15
2009-10-07,36.17,27.76,31.41,17.97,49.4,2.42,2.86,19.93,0.0,0.06,0.15,0.15
2009-10-08,35.92,27.46,31.24,18.32,50.36,2.8,3.31,19.55,0.0,0.06,0.15,0.15
2009-10-09,35.46,27.49,30.83,18.97,53.66,2.34,2.74,19.88,0.0,0.06,0.15,0.15
2009-10-10,35.74,27.53,31.16,17.83,48.57,1.95,2.29,20.3,0.0,0.06,0.15,0.15
2009-10-11,36.0,27.57,31.5,17.32,47.09,2.44,2.94,20.03,0.0,0.06,0.15,0.15
2009-10-12,36.09,28.71,31.56,17.57,47.31,2.42,2.9,19.9,0.0,0.06,0.15,0.15
2009-10-13,35.15,27.11,30.56,18.82,53.33,2.59,3.01,18.46,0.0,0.06,0.15,0.15
2009-10-14,35.13,27.92,30.81,17.72,48.42,1.81,2.1,18.76,0.0,0.06,0.15,0.15
2009-10-15,35.0,27.74,30.84,17.85,48.81,2.5,2.95,18.69,0.0,0.06,0.15,0.15
2009-10-16,33.8,27.62,30.09,19.68,55.66,3.52,4.23,17.89,0.0,0.06,0.15,0.15
2009-10-17,33.37,26.91,29.51,20.16,59.87,2.99,3.55,18.89,0.0,0.06,0.15,0.15
2009-10-18,33.23,26.25,29.25,19.75,59.74,2.51,2.93,18.79,0.0,0.06,0.15,0.15
2009-10-19,34.83,25.82,29.78,13.46,40.77,1.92,2.33,18.99,0.0,0.06,0.15,0.15
2009-10-20,35.06,25.72,30.13,17.39,49.59,1.78,2.14,18.44,0.0,0.06,0.15,0.15
2009-10-21,34.1,26.72,30.09,17.96,50.28,1.55,1.84,17.87,0.01,0.06,0.15,0.15
2009-10-22,33.84,26.23,29.86,18.76,53.77,1.78,2.13,17.79,0.14,0.06,0.15,0.15
2009-10-23,32.91,26.08,29.54,18.53,53.95,2.03,2.41,16.63,0.0,0.06,0.15,0.15
2009-10-24,33.93,25.52,29.79,18.4,53.45,2.0,2.41,17.45,0.0,0.06,0.15,0.15
2009-10-25,33.76,26.94,29.81,16.96,49.52,2.18,2.64,17.69,0.0,0.06,0.15,0.15
2009-10-26,33.41,25.17,28.83,17.11,53.01,2.65,3.15,17.82,0.0,0.06,0.15,0.15
2009-10-27,31.96,25.06,28.07,20.49,65.26,1.89,2.16,17.61,0.0,0.06,0.15,0.15
2009-10-28,32.04,25.22,28.25,18.51,58.13,1.3,1.58,17.16,0.0,0.06,0.15,0.15
2009-10-29,33.98,25.26,29.24,18.07,54.11,3.28,3.99,17.22,0.0,0.06,0.15,0.15
2009-10-30,32.54,24.52,28.22,17.55,56.2,2.85,3.43,16.94,0.0,0.06,0.15,0.15
2009-10-31,33.46,24.19,28.45,16.22,51.14,2.62,3.15,17.69,0.0,0.06,0.15,0.15
2009-11-01,33.03,25.56,28.69,15.69,48.82,2.02,2.36,16.57,0.0,0.06,0.15,0.15
2009-11-02,33.22,24.66,28.78,16.1,49.24,1.74,2.04,17.34,0.0,0.06,0.15,0.15
2009-11-03,33.21,25.32,29.0,14.21,42.35,1.89,2.32,17.11,0.0,0.06,0.15,0.15
2009-11-04,34.06,25.7,29.47,18.5,53.8,2.58,3.21,16.67,0.0,0.06,0.15,0.15
2009-11-05,33.23,24.91,28.71,18.89,57.49,1.66,2.05,16.23,0.0,0.06,0.15,0.15
2009-11-06,32.46,24.78,28.13,18.57,59.25,1.76,2.08,17.37,0.0,0.06,0.15,0.15
2009-11-07,32.1,23.87,27.56,19.26,64.99,1.5,1.74,17.19,0.0,0.06,0.15,0.15
2009-11-08,33.73,24.82,28.7,14.67,46.27,2.25,2.8,16.55,0.0,0.06,0.15,0.15
2009-11-09,33.21,24.6,28.31,13.21,43.23,2.58,3.26,17.21,0.0,0.06,0.15,0.15
2009-11-10,31.22,22.99,27.15,15.86,53.09,2.07,2.56,16.46,0.0,0.06,0.15,0.15
2009-11-11,31.24,23.53,27.0,12.16,42.0,2.55,3.13,17.54,0.0,0.06,0.15,0.15
2009-11-12,30.04,21.51,25.58,11.68,45.59,1.72,2.13,17.75,0.0,0.06,0.15,0.15
2009-11-13,30.01,22.34,25.98,13.26,47.83,1.15,1.37,17.07,0.0,0.06,0.15,0.15
2009-11-14,30.7,22.5,26.24,11.76,44.57,1.19,1.44,16.76,0.0,0.06,0.15,0.15
2009-11-15,30.83,23.59,26.37,13.75,48.76,1.83,2.22,16.43,0.0,0.06,0.15,0.15
2009-11-16,30.08,24.26,26.59,18.68,63.45,1.67,2.0,14.56,0.0,0.06,0.15,0.15
2009-11-17,30.92,24.24,26.77,18.32,61.98,1.23,1.44,15.52,0.0,0.06,0.15,0.15
2009-11-18,31.5,23.98,27.07,16.83,56.3,1.46,1.75,15.48,0.0,0.06,0.15,0.15
2009-11-19,31.01,22.78,26.59,13.38,47.44,2.61,3.21,16.15,0.0,0.06,0.15,0.15
2009-11-20,29.09,23.04,25.77,17.89,62.7,2.87,3.36,14.04,0.0,0.06,0.15,0.15
2009-11-21,27.07,23.05,24.75,16.21,59.6,5.09,6.12,15.49,0.0,0.06,0.15,0.15
2009-11-22,27.85,22.53,25.06,17.66,64.24,4.35,5.22,14.33,0.0,0.06,0.15,0.15
2009-11-23,27.06,23.12,24.7,17.18,63.38,5.57,6.68,14.2,0.0,0.06,0.15,0.15
2009-11-24,26.64,22.28,24.2,13.86,53.33,5.95,7.15,16.3,0.0,0.06,0.15,0.15
2009-11-25,26.96,21.79,24.13,12.77,49.66,1.42,1.8,15.05,0.0,0.06,0.15,0.15
2009-11-26,27.62,20.87,24.09,12.54,49.58,1.54,1.85,15.06,0.0,0.06,0.15,0.15
2009-11-27,28.97,23.12,25.33,15.59,55.99,1.5,1.72,14.73,0.0,0.06,0.15,0.15
2009-11-28,31.29,22.23,26.05,15.49,54.95,2.9,3.59,14.13,0.0,0.06,0.15,0.15
2009-11-29,28.31,21.7,24.76,17.5,66.07,3.95,4.75,13.3,0.07,0.06,0.15,0.15
2009-11-30,26.58,22.18,24.05,17.36,66.9,3.88,4.63,13.4,0.04,0.07,0.15,0.15
2009-12-01,25.47,21.23,22.85,15.1,62.21,3.91,4.76,14.39,0.0,0.07,0.15,0.15
2009-12-02,25.64,21.21,23.08,13.69,56.37,4.34,5.26,13.84,0.0,0.07,0.15,0.15
2009-12-03,24.77,20.97,22.7,13.01,55.17,4.93,5.95,14.89,0.0,0.07,0.15,0.15
2009-12-04,25.79,20.57,22.8,9.76,44.55,1.89,2.31,15.0,0.0,0.07,0.15,0.15
2009-12-05,26.49,20.72,22.99,9.59,43.37,2.11,2.52,13.58,0.0,0.07,0.15,0.15
2009-12-06,27.74,21.21,24.13,11.35,45.72,1.9,2.26,10.57,0.0,0.07,0.15,0.15
2009-12-07,28.53,21.44,24.69,15.12,56.48,2.85,3.44,11.01,0.0,0.07,0.15,0.15
2009-12-08,28.92,22.78,25.55,16.03,58.19,6.33,7.68,10.02,0.47,0.08,0.15,0.15
2009-12-09,24.91,20.75,23.37,14.29,57.79,5.67,6.76,13.73,2.38,0.16,0.15,0.15
2009-12-10,24.85,20.36,22.49,13.63,57.88,2.86,3.43,11.67,0.0,0.16,0.15,0.15
2009-12-11,22.89,19.61,21.21,13.96,63.65,1.56,1.83,4.12,5.55,0.19,0.15,0.15
2009-12-12,22.84,19.58,21.03,15.02,68.65,1.3,1.55,8.59,3.96,0.28,0.17,0.17
2009-12-13,21.7,18.39,20.2,15.87,76.42,3.41,4.06,2.56,18.51,0.33,0.19,0.19
2009-12-14,23.47,17.18,20.16,15.36,74.83,2.14,2.65,14.51,0.13,0.26,0.21,0.2
2009-12-15,24.07,19.22,21.2,13.64,62.67,2.94,3.66,14.19,0.0,0.23,0.2,0.2
2009-12-16,23.84,19.4,21.44,11.62,54.17,0.83,1.05,14.3,0.14,0.22,0.2,0.2
2009-12-17,24.26,19.59,21.54,10.08,48.88,0.74,0.86,14.58,0.02,0.21,0.2,0.2
2009-12-18,26.44,17.27,22.02,12.99,59.29,2.71,3.34,12.54,0.11,0.2,0.2,0.2
2009-12-19,26.4,20.56,22.99,16.57,68.29,3.79,4.54,10.22,2.67,0.25,0.2,0.2
2009-12-20,25.26,20.27,22.29,16.22,69.57,1.99,2.45,13.28,0.25,0.24,0.2,0.2
2009-12-21,24.8,19.48,21.76,12.58,57.16,1.36,1.63,14.15,0.12,0.22,0.2,0.2
2009-12-22,25.37,18.78,22.05,14.33,62.27,1.72,2.07,14.27,0.0,0.21,0.2,0.2
2009-12-23,27.22,19.98,23.16,15.28,63.22,2.63,3.29,14.01,0.0,0.21,0.2,0.2
2009-12-24,26.3,19.74,22.58,14.22,60.95,1.9,2.36,14.12,0.0,0.2,0.2,0.2
2009-12-25,25.35,20.47,22.43,14.99,63.54,2.98,3.6,12.79,0.17,0.2,0.19,0.2
2009-12-26,24.07,20.04,21.75,15.51,68.3,5.07,6.19,11.81,0.25,0.21,0.19,0.2
2009-12-27,23.99,19.46,21.64,15.01,66.43,5.47,6.58,13.33,0.01,0.21,0.19,0.2
2009-12-28,23.19,19.23,20.96,13.83,64.11,3.93,4.77,12.89,0.0,0.2,0.19,0.2
2009-12-29,24.57,18.93,21.35,13.13,60.55,1.54,1.89,13.47,0.0,0.2,0.19,0.2
2009-12-30,24.48,18.54,21.14,13.51,63.16,2.39,2.89,14.89,0.0,0.2,0.19,0.2
2009-12-31,25.58,19.73,21.84,12.36,56.31,1.95,2.3,14.2,0.0,0.19,0.19,0.2
2010-01-01,24.76,17.14,20.06,12.23,63.03,4.16,5.04,8.16,2.42,0.22,0.19,0.2
2010-01-02,22.28,18.17,19.86,13.08,65.61,5.43,6.59,14.26,0.67,0.24,0.2,0.2
2010-01-03,22.89,17.64,19.66,13.2,67.24,2.44,3.06,15.37,0.0,0.22,0.2,0.2
2010-01-04,23.06,17.43,19.55,14.13,71.81,2.48,2.99,14.41,0.0,0.21,0.19,0.2
2010-01-05,22.41,17.21,19.35,15.11,77.18,3.12,3.79,13.07,0.0,0.21,0.19,0.2
2010-01-06,22.98,17.3,19.9,14.87,73.73,3.75,4.66,14.25,0.0,0.2,0.19,0.2
2010-01-07,25.09,18.66,21.24,13.4,61.78,2.2,2.75,14.41,0.0,0.2,0.19,0.2
2010-01-08,25.84,18.14,21.52,10.48,51.8,2.2,2.79,15.11,0.0,0.19,0.19,0.2
2010-01-09,24.96,18.0,21.24,10.3,51.28,1.51,1.85,15.36,0.0,0.19,0.19,0.2
2010-01-10,24.47,18.66,21.22,11.96,57.01,1.77,2.19,14.28,0.36,0.19,0.19,0.2
2010-01-11,23.14,18.23,20.29,10.14,53.56,1.62,1.94,15.13,0.97,0.22,0.19,0.2
2010-01-12,23.76,18.45,20.46,10.27,52.95,2.5,3.04,15.89,0.0,0.2,0.19,0.2
2010-01-13,23.53,17.79,20.18,11.71,59.19,1.78,2.17,15.54,0.0,0.2,0.19,0.2
2010-01-14,23.42,17.93,20.28,11.15,57.07,2.05,2.42,14.64,0.0,0.19,0.19,0.19
2010-01-15,23.08,17.6,19.88,11.36,58.79,2.03,2.4,15.14,0.0,0.19,0.19,0.19
2010-01-16,22.55,17.07,19.3,11.47,61.39,1.82,2.15,15.58,0.0,0.18,0.19,0.19
2010-01-17,22.74,17.33,19.63,11.96,62.15,1.42,1.68,15.9,0.0,0.18,0.19,0.19
2010-01-18,25.08,17.44,20.67,12.66,61.83,1.27,1.5,15.76,0.0,0.18,0.19,0.19
2010-01-19,25.73,18.82,21.28,13.2,62.19,2.06,2.49,15.86,0.0,0.18,0.19,0.19
2010-01-20,25.75,18.07,21.75,11.58,54.63,1.37,1.63,16.11,0.0,0.17,0.19,0.19
2010-01-21,27.85,20.05,23.01,11.85,52.57,1.37,1.68,15.79,0.0,0.16,0.19,0.19
2010-01-22,25.63,19.16,21.86,13.55,62.67,2.3,2.74,15.38,0.0,0.16,0.18,0.19
2010-01-23,24.54,18.71,21.5,14.99,67.99,3.85,4.77,16.28,0.0,0.16,0.18,0.19
2010-01-24,25.35,16.89,20.86,12.46,61.8,1.29,1.56,16.67,0.0,0.15,0.18,0.19
2010-01-25,27.55,18.12,22.2,12.59,56.58,2.5,3.09,15.33,0.0,0.15,0.18,0.19
2010-01-26,26.33,18.98,22.22,14.88,66.23,3.51,4.32,15.41,0.0,0.15,0.18,0.19
2010-01-27,22.28,18.13,19.92,12.42,62.41,6.25,7.53,14.02,0.0,0.15,0.18,0.19
2010-01-28,21.41,16.61,18.81,10.63,59.88,6.0,7.24,15.19,0.0,0.15,0.18,0.19
2010-01-29,21.88,16.17,18.48,11.84,66.38,2.11,2.58,16.43,0.0,0.14,0.18,0.19
2010-01-30,23.31,16.57,19.35,12.84,67.52,2.87,3.47,16.78,0.0,0.14,0.18,0.19
2010-01-31,24.47,17.32,20.41,14.81,73.02,3.65,4.54,16.56,0.0,0.14,0.18,0.19
2010-02-01,24.06,18.29,20.84,16.05,75.61,2.92,3.52,15.0,0.03,0.14,0.18,0.19
2010-02-02,25.4,19.09,22.11,14.6,65.19,2.8,3.47,14.71,0.0,0.14,0.18,0.19
2010-02-03,28.07,20.15,23.53,14.68,61.11,2.23,2.73,15.9,0.0,0.14,0.18,0.19
2010-02-04,29.67,20.38,24.65,16.27,63.28,4.99,6.14,15.53,0.01,0.14,0.18,0.18
2010-02-05,24.51,20.8,22.63,15.68,65.3,4.97,5.91,6.46,0.11,0.14,0.18,0.18
2010-02-06,22.65,18.12,20.35,14.98,71.55,2.99,3.46,4.07,1.55,0.17,0.18,0.18
2010-02-07,23.2,17.84,20.7,11.96,57.77,5.67,6.77,13.62,0.11,0.19,0.18,0.19
2010-02-08,22.09,16.4,18.92,6.02,44.53,3.58,4.36,18.17,0.0,0.17,0.18,0.19
2010-02-09,22.04,17.21,18.95,7.7,48.68,1.79,2.12,17.95,0.0,0.16,0.18,0.18
2010-02-10,22.03,16.33,18.6,8.98,54.99,2.38,2.83,18.35,0.0,0.15,0.18,0.18
2010-02-11,23.77,16.3,19.61,9.96,55.32,1.53,1.81,17.11,0.0,0.15,0.18,0.18
2010-02-12,24.78,17.19,20.57,11.4,57.48,2.05,2.53,17.98,0.0,0.15,0.18,0.18
2010-02-13,25.2,18.8,21.36,13.5,62.17,1.81,2.15,18.9,0.0,0.14,0.18,0.18
2010-02-14,26.32,18.33,21.63,13.86,64.38,1.83,2.21,17.98,0.0,0.14,0.18,0.18
2010-02-15,27.38,19.05,22.62,12.9,57.29,1.62,2.04,18.95,0.0,0.14,0.18,0.18
2010-02-16,28.08,18.04,22.67,12.4,54.95,1.81,2.32,19.15,0.0,0.13,0.18,0.18
2010-02-17,26.96,18.57,22.29,12.23,56.05,1.59,1.94,19.67,0.0,0.13,0.18,0.18
2010-02-18,26.86,17.98,22.19,13.19,61.88,1.99,2.32,19.31,0.0,0.13,0.18,0.18
2010-02-19,28.01,18.25,22.69,10.98,51.57,2.0,2.37,19.11,0.0,0.12,0.18,0.18
2010-02-20,29.3,19.5,24.1,10.14,45.18,2.51,3.18,18.96,0.0,0.12,0.17,0.18
2010-02-21,24.94,19.72,21.96,13.21,59.9,5.88,7.18,18.99,0.0,0.12,0.17,0.18
2010-02-22,23.92,18.47,20.85,14.37,67.77,3.96,4.77,19.87,0.0,0.12,0.17,0.18
2010-02-23,26.22,17.48,21.48,13.35,63.52,2.14,2.56,19.99,0.0,0.12,0.17,0.18
2010-02-24,29.52,19.33,24.06,6.84,36.31,3.1,3.91,19.57,0.0,0.12,0.17,0.18
2010-02-25,31.66,19.75,25.59,9.07,40.18,3.98,5.16,20.44,0.0,0.11,0.17,0.18
2010-02-26,31.77,20.9,26.11,15.84,55.83,5.47,6.79,19.48,0.0,0.11,0.17,0.18
2010-02-27,31.05,22.98,26.45,19.33,66.09,4.98,6.08,15.23,4.3,0.17,0.17,0.18
2010-02-28,26.8,19.77,23.83,14.47,59.99,3.2,3.91,18.46,1.17,0.23,0.18,0.18
2010-03-01,27.33,19.16,23.17,12.89,57.74,2.09,2.62,19.32,0.09,0.18,0.18,0.18
2010-03-02,24.74,17.37,21.26,16.08,72.68,4.95,5.94,7.06,12.33,0.31,0.19,0.2
2010-03-03,24.25,19.11,21.32,15.07,68.99,5.58,6.64,20.08,0.01,0.26,0.21,0.21
2010-03-04,23.37,17.64,20.29,13.01,64.32,4.98,5.99,22.27,0.0,0.21,0.2,0.2
2010-03-05,23.56,17.29,20.44,13.06,64.12,6.04,7.33,19.12,0.0,0.2,0.2,0.2
2010-03-06,24.0,17.98,20.61,14.0,66.71,3.57,4.32,17.72,0.0,0.19,0.2,0.2
2010-03-07,26.33,18.28,21.52,14.65,67.4,2.19,2.61,20.19,0.0,0.18,0.19,0.2
2010-03-08,28.83,17.64,22.96,13.49,59.48,1.47,1.9,20.68,0.0,0.17,0.19,0.2
2010-03-09,31.69,19.56,24.98,13.93,55.82,1.44,1.81,21.14,0.0,0.16,0.19,0.2
2010-03-10,30.13,19.99,24.12,14.03,59.96,2.17,2.55,22.54,0.0,0.15,0.19,0.2
2010-03-11,29.24,19.38,23.36,14.81,63.97,2.68,3.17,22.36,0.0,0.15,0.19,0.2
2010-03-12,29.46,19.41,23.71,10.92,50.39,1.93,2.29,22.34,0.0,0.15,0.19,0.2
2010-03-13,29.64,20.86,24.46,10.7,45.99,1.79,2.14,23.55,0.0,0.14,0.19,0.2
2010-03-14,30.75,20.44,24.7,12.94,52.72,2.21,2.6,21.7,0.0,0.14,0.19,0.19
2010-03-15,30.31,19.77,24.51,14.26,58.82,2.42,2.9,23.78,0.0,0.13,0.19,0.19
2010-03-16,31.02,20.68,24.8,13.71,56.74,2.28,2.71,23.29,0.0,0.13,0.19,0.19
2010-03-17,32.42,20.68,25.59,9.02,42.27,2.07,2.49,24.92,0.0,0.12,0.19,0.19
2010-03-18,35.95,21.54,27.95,11.87,42.64,2.23,3.0,22.37,0.0,0.12,0.18,0.19
2010-03-19,33.11,22.9,27.38,11.38,42.23,2.96,3.73,23.88,0.0,0.12,0.18,0.19
2010-03-20,31.74,22.6,26.74,11.71,45.95,2.14,2.54,24.42,0.0,0.11,0.18,0.19
2010-03-21,30.48,20.94,24.83,17.48,69.09,3.49,4.13,23.68,0.0,0.12,0.18,0.19
2010-03-22,27.58,21.17,23.84,17.54,69.73,5.64,6.75,21.34,0.0,0.12,0.18,0.19
2010-03-23,27.95,20.74,24.07,17.68,69.01,3.69,4.46,22.22,0.0,0.12,0.18,0.19
2010-03-24,31.07,21.69,25.4,17.67,65.36,2.3,2.78,22.01,0.0,0.12,0.18,0.19
2010-03-25,30.93,21.24,25.59,17.81,67.85,3.33,4.05,22.64,0.0,0.12,0.18,0.19
2010-03-26,32.04,22.53,27.5,13.8,49.8,2.38,2.98,23.53,0.0,0.12,0.18,0.19
2010-03-27,37.1,25.69,30.9,10.54,31.32,2.9,3.84,22.29,0.0,0.11,0.18,0.19
2010-03-28,33.38,23.99,28.24,13.3,43.07,3.33,4.09,17.83,0.0,0.11,0.18,0.18
2010-03-29,31.18,22.9,26.4,15.65,58.88,3.21,3.84,23.59,0.0,0.1,0.18,0.18
2010-03-30,28.91,21.71,25.28,16.91,63.39,4.83,5.8,24.07,0.0,0.1,0.18,0.18
2010-03-31,30.54,22.57,26.01,17.02,61.1,4.29,5.15,22.34,0.0,0.11,0.18,0.18
2010-04-01,31.37,23.22,26.64,17.35,62.75,5.69,6.89,24.09,0.0,0.11,0.18,0.18
2010-04-02,27.62,21.7,24.43,15.38,59.14,7.29,8.75,25.87,0.0,0.1,0.18,0.18
2010-04-03,28.51,21.95,24.87,16.94,63.62,5.47,6.57,25.33,0.0,0.1,0.17,0.18
2010-04-04,32.49,21.35,26.35,16.16,59.41,2.24,2.8,25.67,0.0,0.1,0.17,0.18
2010-04-05,34.27,22.16,27.58,15.57,56.26,1.19,1.43,24.93,0.0,0.1,0.17,0.18
2010-04-06,31.43,22.83,26.91,15.58,54.7,2.69,3.23,23.95,0.0,0.1,0.17,0.18
2010-04-07,31.96,23.62,27.44,14.71,50.29,1.84,2.19,24.66,0.0,0.1,0.17,0.18
2010-04-08,34.51,23.92,29.03,11.4,38.62,1.46,1.79,24.17,0.0,0.1,0.17,0.18
2010-04-09,34.53,27.51,30.77,7.47,26.08,1.47,1.99,21.2,0.0,0.09,0.17,0.18
2010-04-10,33.1,25.79,29.2,13.18,40.54,2.68,3.25,18.4,0.0,0.09,0.17,0.18
2010-04-11,32.89,23.92,27.82,16.57,55.82,4.7,5.68,23.92,0.0,0.09,0.17,0.18
2010-04-12,32.36,21.89,26.38,16.66,60.38,2.89,3.48,24.2,0.0,0.09,0.17,0.18
2010-04-13,31.76,23.25,27.13,18.68,63.13,3.53,4.22,22.53,0.0,0.09,0.17,0.17
2010-04-14,31.97,24.86,28.1,18.62,59.83,3.95,4.69,12.64,0.0,0.09,0.17,0.17
2010-04-15,32.55,25.65,28.86,16.82,50.84,3.0,3.55,24.55,0.0,0.09,0.17,0.17
2010-04-16,32.85,25.78,28.55,19.03,59.52,3.67,4.32,23.73,0.0,0.09,0.17,0.17
2010-04-17,32.16,25.08,28.0,18.93,60.47,4.28,5.02,22.87,0.0,0.09,0.17,0.17
2010-04-18,33.64,24.08,29.06,16.93,53.02,3.0,3.65,26.42,0.0,0.09,0.17,0.17
2010-04-19,32.0,24.85,28.13,16.53,51.65,4.82,5.79,24.75,0.05,0.09,0.17,0.17
2010-04-20,30.5,24.17,27.04,18.99,63.36,5.51,6.54,26.75,0.0,0.09,0.17,0.17
2010-04-21,32.1,23.34,27.46,18.64,62.45,2.98,3.57,26.39,0.0,0.09,0.17,0.17
2010-04-22,35.02,22.76,28.99,16.05,51.92,1.45,1.78,25.69,0.0,0.09,0.17,0.17
2010-04-23,37.65,25.32,31.1,17.76,49.8,2.87,3.57,25.68,0.01,0.08,0.17,0.17
2010-04-24,35.51,27.46,30.91,17.59,48.11,3.62,4.4,23.44,0.0,0.08,0.16,0.17
2010-04-25,31.45,26.41,28.89,19.12,56.71,5.13,6.1,9.74,0.04,0.08,0.16,0.17
2010-04-26,30.63,23.64,27.11,16.94,55.87,5.13,6.03,27.23,0.0,0.08,0.16,0.17
2010-04-27,31.42,23.63,27.46,17.19,56.72,3.54,4.18,24.5,0.0,0.08,0.16,0.17
2010-04-28,33.61,24.61,28.85,17.88,56.29,4.72,5.67,25.19,0.0,0.08,0.16,0.17
2010-04-29,34.8,24.81,29.61,17.24,51.99,4.45,5.37,24.94,0.0,0.08,0.16,0.17
2010-04-30,35.02,27.32,30.67,16.27,45.19,2.82,3.42,21.18,0.0,0.08,0.16,0.17
2010-05-01,36.01,27.02,30.69,18.44,51.36,2.64,3.17,23.11,0.0,0.08,0.16,0.17
2010-05-02,38.97,27.83,32.29,18.24,47.19,2.41,2.95,22.02,0.0,0.08,0.16,0.17
2010-05-03,34.32,29.32,31.81,17.49,43.57,3.11,3.92,15.02,0.0,0.08,0.16,0.17
2010-05-04,32.49,26.19,29.32,19.65,58.73,4.37,5.17,18.35,0.01,0.08,0.16,0.16
2010-05-05,31.84,25.83,28.52,18.65,58.51,6.2,7.38,15.14,0.02,0.08,0.16,0.16
2010-05-06,31.98,25.0,28.1,16.69,53.49,6.17,7.4,27.37,0.0,0.08,0.16,0.16
2010-05-07,31.79,23.87,27.83,17.48,58.22,5.97,7.15,27.32,0.0,0.08,0.16,0.16
2010-05-08,32.24,23.22,27.92,17.13,57.64,3.98,4.81,26.43,0.0,0.08,0.16,0.16
2010-05-09,34.48,24.72,29.34,15.55,47.28,3.22,3.92,26.93,0.0,0.08,0.16,0.16
2010-05-10,34.77,24.16,29.26,12.31,40.7,2.65,3.17,27.62,0.0,0.08,0.16,0.16
2010-05-11,35.93,25.53,30.65,10.95,32.68,2.3,2.75,25.86,0.0,0.07,0.16,0.16
2010-05-12,36.92,28.21,32.08,13.29,34.97,2.44,2.95,26.09,0.0,0.07,0.16,0.16
2010-05-13,37.88,28.66,32.46,11.07,30.28,2.27,2.69,26.96,0.0,0.07,0.16,0.16
2010-05-14,36.95,27.76,31.82,13.58,38.68,2.66,3.16,27.09,0.0,0.07,0.16,0.16
2010-05-15,37.21,27.35,31.67,20.27,56.45,4.77,5.73,23.77,0.0,0.07,0.16,0.16
2010-05-16,35.83,27.49,31.21,19.44,54.83,4.55,5.43,20.56,0.0,0.07,0.16,0.16
2010-05-17,34.96,26.91,30.71,17.02,47.15,2.7,3.26,23.96,0.0,0.07,0.16,0.16
2010-05-18,36.97,26.88,31.34,16.3,45.51,2.03,2.43,25.68,0.0,0.07,0.16,0.16
2010-05-19,37.91,27.5,32.3,17.81,47.31,2.29,2.67,26.25,0.0,0.07,0.16,0.16
2010-05-20,38.29,28.47,32.98,15.34,39.09,2.28,2.68,26.72,0.0,0.07,0.16,0.16
2010-05-21,37.33,28.22,32.46,16.02,41.16,2.72,3.24,28.06,0.0,0.07,0.16,0.16
2010-05-22,36.48,27.38,31.41,21.12,58.45,4.05,4.83,25.38,0.0,0.07,0.16,0.16
2010-05-23,37.85,27.52,31.87,23.03,65.88,3.71,4.38,26.67,0.0,0.07,0.16,0.16
2010-05-24,40.59,26.79,33.07,17.75,49.43,2.63,3.18,28.39,0.0,0.07,0.16,0.16
2010-05-25,38.04,27.46,32.36,20.73,56.16,3.31,3.88,27.36,0.0,0.07,0.15,0.16
2010-05-26,37.67,27.68,31.73,22.02,61.73,4.63,5.45,28.19,0.0,0.07,0.15,0.16
2010-05-27,38.18,26.47,31.86,21.2,58.9,3.46,4.04,27.84,0.0,0.07,0.15,0.16
2010-05-28,40.14,27.84,33.53,20.8,52.21,1.65,1.95,27.46,0.0,0.07,0.15,0.16
2010-05-29,39.15,30.29,34.31,20.61,47.0,2.84,3.41,26.58,0.0,0.07,0.15,0.16
2010-05-30,39.37,30.14,34.42,19.68,45.28,3.23,3.82,27.76,0.0,0.07,0.15,0.16
2010-05-31,37.92,29.03,33.02,18.67,48.09,4.4,5.24,26.54,0.0,0.07,0.15,0.16
2010-06-01,39.68,28.29,33.31,22.99,60.77,2.6,3.08,26.12,0.0,0.07,0.15,0.16
2010-06-02,39.88,29.08,34.45,22.0,52.35,4.15,5.1,26.66,0.0,0.07,0.15,0.16
2010-06-03,38.26,29.42,33.59,23.65,58.63,5.78,6.94,24.88,0.0,0.07,0.15,0.16
2010-06-04,36.77,29.73,32.92,22.98,57.32,5.72,6.78,25.45,0.0,0.07,0.15,0.16
2010-06-05,37.98,28.92,33.18,20.1,48.16,2.51,2.9,24.73,0.0,0.07,0.15,0.15
2010-06-06,39.0,29.71,34.36,18.98,43.64,2.51,2.95,26.45,0.0,0.07,0.15,0.15
2010-06-07,38.73,29.93,34.33,18.9,43.0,1.52,1.78,26.28,0.0,0.06,0.15,0.15
2010-06-08,40.81,29.99,35.17,20.76,47.02,2.15,2.61,26.02,0.0,0.06,0.15,0.15
2010-06-09,38.05,30.02,33.81,21.19,50.47,2.41,2.8,25.5,0.0,0.06,0.15,0.15
2010-06-10,39.02,28.91,33.87,20.14,49.43,2.33,2.79,26.89,6.2,0.13,0.16,0.16
2010-06-11,39.47,28.79,34.08,23.87,59.39,3.25,3.88,26.01,10.75,0.2,0.17,0.17
2010-06-12,40.73,30.77,35.07,20.97,48.51,2.36,2.78,26.02,0.01,0.16,0.18,0.18
2010-06-13,41.19,29.84,35.03,21.72,52.44,1.27,1.5,26.53,0.0,0.15,0.18,0.18
2010-06-14,42.73,30.72,37.23,18.2,39.15,1.87,2.3,25.92,0.0,0.14,0.17,0.17
2010-06-15,41.07,31.91,36.49,17.34,34.31,4.35,5.34,26.61,0.0,0.13,0.17,0.17
2010-06-16,41.53,30.44,35.91,18.42,38.58,2.89,3.57,27.0,0.11,0.13,0.17,0.17
2010-06-17,41.06,31.7,36.23,18.87,38.6,4.01,4.83,26.35,0.0,0.13,0.17,0.17
2010-06-18,41.34,31.95,36.44,17.57,35.81,3.46,4.23,25.74,0.0,0.12,0.17,0.17
2010-06-19,41.41,31.46,36.19,18.24,38.54,3.27,3.93,25.64,0.3,0.13,0.17,0.17
2010-06-20,41.13,32.38,36.32,16.03,32.71,2.37,2.85,25.91,0.95,0.15,0.17,0.17
2010-06-21,40.18,30.49,35.35,19.21,42.77,2.12,2.5,25.48,0.01,0.13,0.17,0.17
2010-06-22,39.88,31.04,34.95,21.75,50.39,2.94,3.44,25.55,0.07,0.13,0.16,0.17
2010-06-23,37.52,30.0,33.48,23.87,61.5,5.39,6.36,27.3,0.0,0.13,0.16,0.16
2010-06-24,37.35,27.93,32.54,23.06,61.09,4.92,5.79,27.64,0.0,0.12,0.16,0.16
2010-06-25,36.75,29.16,32.66,23.38,60.32,4.03,4.68,24.75,0.0,0.12,0.16,0.16
2010-06-26,38.48,28.63,33.36,22.94,58.37,2.22,2.57,26.32,0.0,0.12,0.16,0.16
2010-06-27,39.15,30.08,34.22,23.16,56.43,1.55,1.74,25.01,0.0,0.11,0.16,0.16
2010-06-28,38.4,30.57,33.97,23.4,57.08,2.39,2.74,24.65,0.0,0.11,0.16,0.16
2010-06-29,39.06,29.77,33.97,23.04,57.31,3.88,4.55,26.15,0.0,0.11,0.16,0.16
2010-06-30,37.89,29.51,33.25,24.42,63.28,4.23,4.95,26.43,0.0,0.11,0.16,0.16
2010-07-01,37.73,29.33,32.98,25.35,67.48,3.32,3.86,26.33,0.0,0.11,0.16,0.16
2010-07-02,41.72,28.97,34.23,24.04,61.22,1.95,2.32,26.87,0.0,0.11,0.16,0.16
2010-07-03,39.84,29.44,34.67,23.9,57.53,2.42,2.86,26.58,0.0,0.1,0.15,0.16
2010-07-04,40.21,30.41,35.17,24.04,55.27,3.4,3.95,26.21,0.0,0.1,0.15,0.16
2010-07-05,40.02,30.97,35.19,23.57,53.74,2.91,3.31,25.75,0.0,0.09,0.15,0.16
2010-07-06,40.07,30.76,35.73,22.34,49.37,2.57,3.08,25.96,0.0,0.09,0.15,0.16
2010-07-07,41.64,32.51,36.52,24.17,52.62,5.28,6.36,24.4,0.0,0.09,0.15,0.16
2010-07-08,37.53,32.2,34.91,24.88,57.24,3.16,3.72,25.45,0.01,0.09,0.15,0.15
2010-07-09,37.97,32.7,35.25,22.66,49.31,2.61,3.04,23.28,0.0,0.09,0.15,0.15
2010-07-10,38.2,31.3,34.6,24.57,57.51,2.7,3.09,25.76,0.0,0.09,0.15,0.15
2010-07-11,39.56,32.59,35.82,23.66,51.09,3.24,3.75,25.88,0.0,0.08,0.15,0.15
2010-07-12,40.26,33.09,36.32,22.48,46.8,3.58,4.21,25.81,0.0,0.08,0.15,0.15
2010-07-13,39.35,31.9,36.17,22.53,48.69,3.0,3.62,22.98,0.0,0.08,0.15,0.15
2010-07-14,42.84,34.72,38.33,20.45,37.35,3.8,4.7,22.79,0.0,0.08,0.15,0.15
2010-07-15,42.19,34.49,37.81,21.4,40.92,4.36,5.22,24.73,0.0,0.08,0.15,0.15
2010-07-16,40.82,33.05,36.71,19.77,39.71,2.87,3.44,26.01,0.0,0.07,0.15,0.15
2010-07-17,42.41,31.58,36.64,22.03,46.29,2.21,2.61,24.95,0.0,0.07,0.15,0.15
2010-07-18,42.22,32.16,36.71,23.94,51.4,3.96,4.74,24.5,0.0,0.07,0.15,0.15
2010-07-19,41.56,31.89,36.37,24.38,52.81,3.35,3.93,24.37,0.0,0.07,0.15,0.15
2010-07-20,40.6,32.56,36.15,25.3,55.7,2.52,2.97,24.04,0.0,0.07,0.15,0.15
2010-07-21,40.56,32.25,35.91,25.55,56.93,4.93,5.86,23.86,0.0,0.07,0.15,0.15
2010-07-22,41.62,32.08,36.6,24.57,52.65,3.39,4.02,24.79,0.0,0.07,0.15,0.15
2010-07-23,39.26,30.97,34.88,24.56,56.75,6.08,7.14,23.76,0.0,0.07,0.15,0.15
2010-07-24,40.33,30.15,34.85,25.27,59.71,4.09,4.78,20.66,0.0,0.07,0.15,0.15
2010-07-25,38.77,30.89,34.47,25.22,60.21,3.46,3.95,23.79,0.0,0.07,0.15,0.15
2010-07-26,37.61,31.62,34.42,24.7,58.79,2.28,2.56,23.86,0.0,0.07,0.15,0.15
2010-07-27,40.07,31.74,35.61,24.7,56.36,2.02,2.33,23.03,0.0,0.07,0.15,0.15
2010-07-28,38.64,33.8,36.42,25.45,54.34,1.35,1.67,22.3,0.0,0.07,0.15,0.15
2010-07-29,40.94,33.4,37.39,20.25,39.05,2.81,3.42,22.69,0.0,0.07,0.15,0.15
2010-07-30,41.22,32.69,36.96,20.9,42.18,3.52,4.24,23.9,3.08,0.11,0.15,0.15
2010-07-31,41.12,31.7,36.34,20.52,43.54,3.94,4.69,25.34,1.03,0.12,0.15,0.16
2010-08-01,41.68,30.87,36.32,19.61,41.35,3.05,3.74,25.37,4.15,0.2,0.16,0.16
2010-08-02,41.69,31.37,36.48,18.69,38.39,3.16,3.8,24.3,0.03,0.15,0.16,0.16
2010-08-03,41.33,33.03,37.12,17.77,34.33,2.54,3.12,22.72,0.0,0.13,0.16,0.16
2010-08-04,42.23,32.73,37.69,17.85,33.31,2.69,3.38,24.47,0.0,0.12,0.15,0.16
2010-08-05,42.38,33.62,37.9,18.44,34.41,2.93,3.61,24.91,0.0,0.11,0.15,0.15
2010-08-06,42.59,33.79,37.52,18.22,34.11,2.58,3.15,25.09,0.0,0.1,0.15,0.15
2010-08-07,41.28,33.17,37.08,21.06,41.41,2.44,3.01,24.63,0.0,0.09,0.15,0.15
2010-08-08,42.45,32.53,37.03,19.51,39.43,2.47,2.95,25.53,2.59,0.13,0.15,0.16
2010-08-09,41.12,30.65,36.21,19.82,42.8,3.46,4.12,25.24,0.0,0.12,0.15,0.16
2010-08-10,41.54,30.54,36.08,21.96,48.25,3.95,4.71,24.71,0.0,0.11,0.15,0.15
2010-08-11,41.9,30.85,36.48,20.47,43.33,3.34,4.0,24.98,0.01,0.1,0.15,0.15
2010-08-12,42.47,31.68,36.78,19.47,39.7,3.4,4.03,24.71,0.0,0.09,0.15,0.15
2010-08-13,41.3,30.93,36.09,20.44,43.18,2.7,3.2,25.06,0.61,0.11,0.15,0.15
2010-08-14,41.76,31.22,36.47,18.51,38.28,2.51,3.01,24.58,0.81,0.12,0.15,0.15
2010-08-15,40.85,31.46,36.15,18.16,37.08,2.76,3.31,23.89,0.0,0.1,0.15,0.15
2010-08-16,41.86,31.39,36.37,18.54,38.01,3.61,4.31,22.33,0.02,0.09,0.15,0.15
2010-08-17,40.0,30.67,35.3,19.13,41.11,2.85,3.37,24.4,1.12,0.1,0.15,0.15
2010-08-18,40.67,30.64,35.36,19.88,44.1,2.17,2.6,24.51,0.0,0.11,0.15,0.15
2010-08-19,41.43,30.39,35.74,19.83,43.18,3.21,3.79,23.6,0.0,0.1,0.15,0.15
2010-08-20,39.74,31.36,35.0,21.15,47.18,3.61,4.25,24.71,0.0,0.09,0.15,0.15
2010-08-21,38.16,29.28,33.76,22.79,55.24,3.7,4.3,23.58,0.0,0.09,0.15,0.15
2010-08-22,38.16,29.78,33.87,22.67,53.95,3.4,3.91,22.91,0.0,0.08,0.15,0.15
2010-08-23,37.69,30.74,33.96,22.62,52.94,2.76,3.12,22.56,0.0,0.08,0.15,0.15
2010-08-24,38.54,31.21,34.49,23.49,54.38,2.57,2.92,22.12,0.0,0.08,0.15,0.15
2010-08-25,41.34,31.9,36.31,21.5,45.68,1.44,1.7,21.8,0.0,0.08,0.15,0.15
2010-08-26,40.95,31.4,35.57,23.36,52.24,4.98,5.92,19.97,0.01,0.08,0.15,0.15
2010-08-27,39.34,30.35,34.18,24.36,59.24,5.26,6.23,21.45,0.02,0.08,0.15,0.15
2010-08-28,39.81,29.37,34.39,23.9,57.33,4.55,5.32,21.7,0.01,0.08,0.15,0.15
2010-08-29,40.64,30.79,35.14,22.03,49.13,3.05,3.54,22.31,0.0,0.08,0.15,0.15
2010-08-30,39.52,31.42,34.95,22.83,52.84,2.8,3.27,22.04,0.0,0.07,0.15,0.15
2010-08-31,39.99,29.56,34.77,22.61,54.66,1.53,1.79,23.73,0.0,0.07,0.15,0.15
2010-09-01,40.99,30.56,35.48,23.27,52.2,4.35,5.17,22.91,0.0,0.07,0.15,0.15
2010-09-02,40.27,30.8,35.1,22.28,50.76,3.21,3.72,22.49,0.0,0.07,0.15,0.15
2010-09-03,39.34,32.38,35.47,22.11,49.1,2.32,2.7,22.66,0.0,0.07,0.15,0.15
2010-09-04,41.61,31.04,36.33,21.23,46.75,1.37,1.73,22.11,0.0,0.07,0.15,0.15
2010-09-05,41.68,30.56,35.71,18.74,41.32,3.41,4.09,23.52,0.0,0.07,0.15,0.15
2010-09-06,41.33,29.08,35.04,19.41,45.07,3.33,3.96,22.61,0.0,0.06,0.15,0.15
2010-09-07,40.66,29.71,34.95,17.88,39.59,2.69,3.16,22.83,0.0,0.06,0.15,0.15
2010-09-08,39.32,31.35,34.75,19.46,44.5,2.01,2.33,24.1,0.0,0.06,0.15,0.15
2010-09-09,40.59,29.97,34.96,20.86,48.82,1.51,1.82,23.38,0.0,0.06,0.15,0.15
2010-09-10,40.92,30.97,35.08,20.96,47.57,2.01,2.39,23.72,0.0,0.06,0.15,0.15
2010-09-11,39.37,30.36,34.27,21.19,49.92,2.46,2.88,23.8,0.0,0.06,0.15,0.15
2010-09-12,40.66,30.96,35.42,19.35,41.99,1.84,2.28,23.77,0.0,0.06,0.15,0.15
2010-09-13,41.74,29.72,35.14,17.61,40.36,1.68,2.06,23.4,0.45,0.07,0.15,0.15
2010-09-14,39.57,29.84,33.97,20.57,49.51,2.6,3.05,22.87,0.0,0.07,0.15,0.15
2010-09-15,38.49,29.86,33.45,22.61,56.62,1.64,1.9,23.38,0.0,0.07,0.15,0.15
2010-09-16,38.19,29.25,33.1,22.9,57.6,2.08,2.41,22.55,0.01,0.07,0.15,0.15
2010-09-17,37.42,29.5,32.75,23.24,60.83,1.91,2.19,21.64,0.07,0.07,0.15,0.15
2010-09-18,39.17,29.6,34.08,17.29,41.89,2.73,3.36,21.84,0.0,0.07,0.15,0.15
2010-09-19,39.08,29.54,33.54,18.12,43.1,4.52,5.37,22.29,0.0,0.06,0.15,0.15
2010-09-20,38.64,28.01,33.01,18.01,45.97,3.44,4.08,22.3,0.0,0.06,0.15,0.15
2010-09-21,37.0,27.67,32.13,14.95,38.93,3.13,3.69,21.99,0.0,0.06,0.15,0.15
2010-09-22,36.63,28.72,32.06,19.35,50.48,2.55,2.93,21.13,0.0,0.06,0.15,0.15
2010-09-23,36.2,28.2,31.64,22.9,63.75,2.34,2.69,21.25,0.0,0.06,0.15,0.15
2010-09-24,36.18,28.52,32.12,22.64,60.09,1.65,1.87,21.75,0.0,0.06,0.15,0.15
2010-09-25,38.88,29.54,33.64,19.61,48.21,1.92,2.34,21.97,0.0,0.06,0.15,0.15
2010-09-26,38.75,28.7,33.27,17.55,43.03,2.14,2.59,22.85,0.0,0.06,0.15,0.15
2010-09-27,38.59,29.24,33.24,17.35,45.33,2.37,2.79,21.93,0.0,0.06,0.15,0.15
2010-09-28,35.53,28.34,31.73,23.41,63.79,2.62,3.02,20.78,0.0,0.06,0.15,0.15
2010-09-29,37.24,28.37,32.49,21.33,54.19,2.54,3.0,20.95,0.0,0.06,0.15,0.15
2010-09-30,37.6,28.16,32.53,20.32,51.68,3.13,3.64,21.15,0.0,0.06,0.15,0.15
2010-10-01,36.59,27.75,32.15,19.82,50.38,3.0,3.5,21.03,0.0,0.06,0.15,0.15
2010-10-02,36.52,29.7,32.93,20.6,50.47,2.03,2.37,20.38,0.0,0.06,0.15,0.15
2010-10-03,38.65,29.69,33.39,20.76,53.48,2.19,2.63,21.05,0.0,0.06,0.15,0.15
2010-10-04,37.56,29.48,32.89,23.67,62.42,3.65,4.37,20.84,0.0,0.06,0.15,0.15
2010-10-05,36.44,29.51,32.51,24.31,64.7,3.5,4.16,20.06,0.0,0.06,0.15,0.15
2010-10-06,36.52,28.1,31.8,22.44,60.71,2.38,2.78,20.26,0.0,0.06,0.15,0.15
2010-10-07,36.85,28.55,32.2,20.51,52.89,1.73,1.95,19.94,0.0,0.06,0.15,0.15
2010-10-08,37.64,29.99,33.05,21.31,52.44,1.97,2.31,19.46,1.06,0.09,0.15,0.15
2010-10-09,37.04,29.92,32.78,22.56,57.72,2.58,3.08,19.2,0.0,0.09,0.15,0.15
2010-10-10,37.05,29.44,32.6,22.69,59.39,2.37,2.86,19.43,4.93,0.2,0.16,0.16
2010-10-11,36.97,29.21,32.43,22.5,60.16,2.68,3.19,19.36,0.0,0.15,0.16,0.16
2010-10-12,36.24,27.26,31.5,22.96,65.71,2.7,3.22,19.87,1.4,0.16,0.16,0.16
2010-10-13,35.91,27.68,31.41,21.79,60.59,2.5,3.01,19.64,0.03,0.15,0.16,0.16
2010-10-14,32.84,28.66,30.49,19.76,53.52,4.63,5.51,19.04,0.0,0.13,0.16,0.16
2010-10-15,34.73,27.7,30.72,18.53,50.3,2.25,2.67,19.61,0.0,0.12,0.15,0.16
2010-10-16,34.4,28.59,31.16,19.85,52.03,2.28,2.64,18.94,0.0,0.11,0.15,0.16
2010-10-17,35.01,28.25,31.06,20.05,53.87,3.18,3.83,19.65,0.0,0.11,0.15,0.16
2010-10-18,34.78,28.4,31.13,20.81,55.87,3.54,4.27,19.12,0.0,0.11,0.15,0.16
2010-10-19,34.99,28.47,30.96,22.22,61.78,2.45,2.9,19.25,0.69,0.12,0.15,0.16
2010-10-20,35.76,27.09,30.85,22.86,66.48,2.24,2.65,19.22,1.79,0.16,0.16,0.16
2010-10-21,36.13,27.78,31.14,22.11,62.86,2.07,2.5,18.63,0.0,0.15,0.16,0.16
2010-10-22,35.32,28.42,31.04,21.05,58.47,1.89,2.26,18.81,0.02,0.13,0.16,0.16
2010-10-23,35.82,27.08,30.82,20.57,58.78,1.78,2.08,18.61,0.46,0.14,0.16,0.16
2010-10-24,37.08,28.02,32.02,15.82,41.38,1.87,2.33,19.13,0.0,0.12,0.16,0.16
2010-10-25,36.13,25.24,30.29,14.29,42.37,2.16,2.73,18.97,0.0,0.11,0.16,0.16
2010-10-26,34.99,25.88,29.93,16.11,48.2,2.28,2.72,18.03,0.0,0.1,0.15,0.16
2010-10-27,34.1,25.74,29.66,18.62,54.29,2.79,3.27,18.46,0.0,0.1,0.15,0.16
2010-10-28,32.53,26.36,29.23,21.5,64.1,4.26,5.08,17.12,1.03,0.13,0.16,0.16
2010-10-29,31.26,26.68,28.86,19.12,56.15,3.16,3.78,17.33,0.04,0.14,0.16,0.16
2010-10-30,33.25,26.1,29.65,18.56,52.18,2.44,2.82,17.47,0.05,0.13,0.16,0.16
2010-10-31,34.02,25.93,29.65,19.24,56.38,2.74,3.25,17.55,0.17,0.12,0.16,0.16
2010-11-01,33.32,25.99,29.53,18.97,55.89,2.06,2.48,17.33,0.0,0.12,0.16,0.16
2010-11-02,33.43,26.53,29.78,17.99,50.93,2.04,2.43,16.28,0.0,0.11,0.16,0.16
2010-11-03,33.73,27.05,29.85,15.5,43.24,1.97,2.43,17.74,0.0,0.11,0.16,0.16
2010-11-04,32.28,25.91,28.55,15.2,46.6,1.66,1.98,16.02,0.0,0.1,0.15,0.16
2010-11-05,31.86,26.92,28.84,19.09,57.04,2.03,2.45,17.27,0.0,0.1,0.15,0.16
2010-11-06,32.61,26.57,29.15,15.84,45.87,1.64,2.01,16.81,0.0,0.1,0.15,0.16
2010-11-07,33.39,25.11,28.7,15.48,47.39,3.89,4.69,17.12,0.42,0.1,0.15,0.16
2010-11-08,32.74,24.1,28.23,16.6,52.74,3.58,4.27,15.01,0.0,0.11,0.15,0.16
2010-11-09,32.61,24.11,28.23,17.12,53.47,2.74,3.31,16.18,0.0,0.11,0.15,0.16
2010-11-10,31.96,25.57,28.16,18.46,57.18,2.24,2.67,15.76,0.0,0.1,0.15,0.16
2010-11-11,31.18,26.2,28.27,17.61,53.57,3.31,4.06,16.3,0.07,0.1,0.15,0.16
2010-11-12,30.88,25.07,27.7,16.14,50.7,2.18,2.71,15.8,2.42,0.15,0.16,0.16
2010-11-13,30.35,25.15,27.54,16.52,52.0,1.64,2.03,16.15,0.27,0.16,0.16,0.16
2010-11-14,31.53,24.75,27.86,14.72,46.48,1.91,2.29,15.39,0.0,0.14,0.16,0.16
2010-11-15,31.11,22.72,26.5,15.13,52.69,2.92,3.57,15.29,2.77,0.19,0.16,0.16
2010-11-16,30.44,22.63,25.99,9.03,37.13,3.03,3.78,16.28,0.0,0.16,0.16,0.16
2010-11-17,29.82,21.18,25.23,5.76,30.89,2.25,2.82,16.96,0.0,0.14,0.16,0.16
2010-11-18,29.81,22.15,25.54,6.98,32.38,2.44,2.93,16.55,0.0,0.12,0.16,0.16
2010-11-19,30.0,21.54,25.33,6.65,32.87,1.78,2.18,16.64,0.0,0.11,0.16,0.16
2010-11-20,29.33,20.92,24.86,9.0,39.01,1.35,1.7,15.93,0.0,0.11,0.16,0.16
2010-11-21,28.2,23.94,25.66,12.36,44.0,1.41,1.61,15.64,0.0,0.11,0.16,0.16
2010-11-22,28.49,22.7,25.65,11.22,41.24,1.48,1.74,15.61,0.01,0.11,0.16,0.16
2010-11-23,27.76,23.96,25.47,13.47,47.85,1.47,1.72,13.21,0.12,0.11,0.16,0.16
2010-11-24,28.31,23.02,25.22,13.07,47.89,1.48,1.74,15.36,0.04,0.11,0.16,0.16
2010-11-25,29.01,23.7,25.6,12.97,46.57,2.0,2.39,15.56,0.0,0.11,0.16,0.16
2010-11-26,29.2,23.36,25.48,14.05,51.07,2.31,2.83,15.55,0.0,0.11,0.16,0.16
2010-11-27,27.75,22.59,24.67,16.48,61.15,3.29,4.05,15.2,0.0,0.11,0.16,0.16
2010-11-28,27.66,22.31,24.39,14.71,55.8,1.93,2.41,14.78,0.0,0.11,0.16,0.16
2010-11-29,28.67,22.96,25.0,12.56,47.25,1.28,1.55,15.22,0.0,0.11,0.16,0.16
2010-11-30,28.35,22.24,24.44,12.78,50.0,2.11,2.56,15.65,0.0,0.11,0.16,0.16
2010-12-01,28.56,22.29,24.45,14.73,56.5,2.34,2.88,15.58,0.0,0.11,0.16,0.16
2010-12-02,28.96,22.42,24.84,12.48,49.13,1.86,2.26,15.02,0.0,0.11,0.16,0.16
2010-12-03,28.96,21.95,24.55,12.16,48.53,1.79,2.17,14.99,0.0,0.1,0.16,0.16
2010-12-04,30.08,21.03,25.16,8.41,37.98,2.55,3.13,15.17,0.0,0.1,0.16,0.16
2010-12-05,30.12,20.83,25.11,7.58,35.72,2.57,3.23,15.01,0.0,0.1,0.16,0.16
2010-12-06,29.35,21.03,24.59,9.28,39.55,1.5,1.88,15.14,0.0,0.1,0.16,0.16
2010-12-07,28.35,19.78,23.9,11.67,48.84,1.45,1.82,15.01,0.0,0.1,0.16,0.16
2010-12-08,27.73,20.44,23.73,13.02,53.22,1.78,2.15,14.88,0.0,0.1,0.16,0.16
2010-12-09,27.19,21.6,23.89,14.04,55.11,2.01,2.47,14.75,0.0,0.1,0.16,0.16
2010-12-10,26.51,21.66,23.63,13.11,52.87,1.89,2.34,14.12,0.0,0.1,0.16,0.16
2010-12-11,26.1,21.18,23.05,15.65,63.79,2.76,3.35,13.81,0.0,0.1,0.16,0.16
2010-12-12,26.79,20.93,23.35,15.77,63.73,3.17,3.87,13.23,0.0,0.1,0.16,0.16
2010-12-13,28.06,22.18,24.36,16.67,63.75,2.78,3.41,14.52,0.0,0.1,0.16,0.16
2010-12-14,26.08,21.57,23.48,15.35,61.55,5.82,7.15,13.83,0.0,0.1,0.16,0.16
2010-12-15,26.93,20.87,23.48,12.7,51.91,2.14,2.68,13.86,0.0,0.1,0.15,0.16
2010-12-16,26.84,20.94,23.37,12.73,52.7,1.62,1.93,13.51,0.0,0.1,0.15,0.16
2010-12-17,26.25,21.2,23.08,14.23,58.36,2.53,3.05,14.13,0.0,0.1,0.15,0.16
2010-12-18,25.85,20.61,22.66,14.01,59.06,1.64,1.97,14.07,0.0,0.1,0.15,0.16
2010-12-19,25.32,19.8,22.22,14.34,62.14,1.61,1.91,14.41,0.0,0.1,0.15,0.16
2010-12-20,25.72,20.32,22.36,13.48,58.87,1.33,1.59,13.8,0.0,0.1,0.15,0.16
2010-12-21,25.24,20.06,22.07,13.86,60.59,1.7,2.07,13.17,0.0,0.1,0.15,0.16
2010-12-22,26.54,20.91,22.88,14.83,61.86,1.47,1.78,13.66,0.0,0.1,0.15,0.16
2010-12-23,26.3,19.38,22.71,14.31,61.29,1.37,1.6,14.26,0.0,0.1,0.15,0.16
2010-12-24,25.95,19.72,22.66,14.58,61.85,1.63,1.93,13.6,0.0,0.1,0.15,0.16
2010-12-25,25.38,21.06,22.63,14.14,59.6,1.8,2.18,13.57,0.68,0.12,0.16,0.16
2010-12-26,25.3,20.42,22.45,11.55,51.43,4.61,5.73,13.67,1.52,0.17,0.16,0.16
2010-12-27,23.91,19.43,21.23,9.81,48.96,3.12,3.93,11.77,1.09,0.18,0.16,0.16
2010-12-28,24.5,17.9,20.87,6.48,41.13,2.93,3.6,14.56,0.02,0.17,0.16,0.16
2010-12-29,23.88,17.0,19.75,5.2,39.97,2.08,2.53,14.99,0.0,0.15,0.16,0.16
2010-12-30,24.15,16.45,19.79,2.57,33.77,2.62,3.24,15.46,0.0,0.14,0.16,0.16
2010-12-31,24.4,15.42,19.45,3.85,37.35,2.01,2.53,15.13,0.0,0.13,0.16,0.16
2011-01-01,23.83,17.28,20.46,10.06,52.92,3.14,3.8,15.17,0.0,0.12,0.16,0.16
2011-01-02,23.7,18.8,21.0,14.16,65.65,4.17,5.2,13.25,0.0,0.12,0.16,0.16
2011-01-03,24.03,18.89,21.03,13.79,64.01,3.3,4.1,14.35,0.0,0.12,0.16,0.16
2011-01-04,23.7,17.83,20.61,12.89,62.79,1.64,1.99,14.07,0.0,0.12,0.16,0.16
2011-01-05,24.73,18.12,21.15,11.73,56.06,1.14,1.41,13.73,0.0,0.12,0.16,0.16
2011-01-06,25.66,18.4,21.67,12.38,57.29,1.7,2.1,13.72,0.0,0.12,0.16,0.16
2011-01-07,25.29,20.08,22.11,14.79,63.97,1.68,1.99,14.51,0.0,0.12,0.16,0.16
2011-01-08,26.79,20.07,22.63,13.32,57.87,1.72,2.16,14.58,0.0,0.12,0.16,0.16
2011-01-09,28.36,18.41,22.71,13.5,59.67,1.75,2.19,14.02,0.0,0.11,0.16,0.16
2011-01-10,25.06,19.76,22.11,15.46,66.64,3.04,3.58,12.6,0.0,0.11,0.16,0.16
2011-01-11,23.01,18.73,20.88,13.18,62.24,5.23,6.26,10.62,0.01,0.11,0.16,0.16
2011-01-12,21.17,18.18,19.52,11.47,60.23,6.91,8.28,12.9,0.0,0.11,0.16,0.16
2011-01-13,21.25,17.11,18.88,8.45,51.4,5.38,6.5,12.87,0.0,0.11,0.16,0.16
2011-01-14,23.41,16.96,19.83,8.07,47.72,2.65,3.14,15.1,0.0,0.11,0.16,0.16
2011-01-15,26.11,16.98,21.21,10.11,50.88,3.78,4.64,14.35,0.0,0.11,0.16,0.16
2011-01-16,26.34,18.1,21.75,13.63,62.07,3.62,4.38,14.35,0.0,0.11,0.16,0.16
2011-01-17,23.76,18.71,20.95,15.96,73.84,3.02,3.6,8.33,0.32,0.12,0.16,0.16
2011-01-18,25.01,18.34,21.68,13.97,63.0,2.55,3.11,5.99,2.18,0.17,0.16,0.16
2011-01-19,24.81,19.47,21.72,14.82,65.89,3.57,4.3,6.16,2.27,0.19,0.16,0.16
2011-01-20,23.35,19.1,20.89,15.51,72.06,2.36,2.79,13.2,4.03,0.26,0.17,0.17
2011-01-21,21.61,17.37,19.81,13.4,67.1,3.92,4.66,3.42,2.23,0.24,0.18,0.17
2011-01-22,22.16,17.11,19.52,13.99,71.14,2.28,2.74,12.89,0.41,0.23,0.18,0.18
2011-01-23,23.25,18.02,20.3,13.71,66.89,2.81,3.46,15.18,0.01,0.2,0.18,0.18
2011-01-24,23.01,17.58,19.92,9.33,52.22,4.21,5.26,17.15,0.0,0.19,0.17,0.18
2011-01-25,23.53,17.23,20.31,10.25,53.1,1.7,2.11,17.11,0.03,0.18,0.17,0.17
2011-01-26,25.09,17.41,20.91,10.87,54.52,2.24,2.66,13.85,1.07,0.18,0.17,0.17
2011-01-27,26.06,18.06,21.8,14.59,65.5,3.03,3.67,14.8,0.03,0.19,0.17,0.18
2011-01-28,25.75,18.83,21.28,16.12,74.27,2.92,3.57,10.48,2.96,0.22,0.17,0.18
2011-01-29,23.46,18.47,20.35,15.09,73.51,3.31,4.01,16.37,0.01,0.22,0.18,0.18
2011-01-30,25.57,17.68,21.24,11.87,58.33,1.7,2.11,16.3,0.0,0.2,0.18,0.18
2011-01-31,26.33,19.82,22.81,16.72,69.85,5.71,6.94,12.93,3.66,0.22,0.18,0.18
2011-02-01,26.96,20.85,23.62,16.64,66.98,5.86,7.14,12.29,0.95,0.22,0.18,0.19
2011-02-02,25.41,20.27,22.88,16.42,67.79,5.09,6.12,8.88,1.36,0.22,0.18,0.19
2011-02-03,24.35,18.5,21.2,15.41,70.86,4.86,5.81,15.73,0.67,0.22,0.19,0.19
2011-02-04,21.43,16.31,18.95,10.0,57.08,6.12,7.33,18.14,0.0,0.2,0.18,0.19
2011-02-05,22.46,17.72,19.63,11.08,58.84,5.81,7.05,16.86,0.0,0.19,0.18,0.19
2011-02-06,23.34,17.41,20.15,12.95,64.09,6.8,8.29,16.86,0.0,0.18,0.18,0.19
2011-02-07,21.81,17.05,19.17,12.07,64.22,5.29,6.34,16.55,0.0,0.18,0.18,0.18
2011-02-08,22.63,16.38,19.25,12.43,65.86,3.08,3.73,17.57,0.0,0.18,0.18,0.18
2011-02-09,24.32,17.2,20.93,11.92,58.01,2.8,3.43,8.13,1.53,0.21,0.18,0.19
2011-02-10,22.1,18.33,19.87,15.45,76.48,5.31,6.36,15.91,0.49,0.21,0.18,0.19
2011-02-11,25.7,17.64,21.21,13.37,62.85,2.43,2.93,16.05,0.26,0.2,0.18,0.19
2011-02-12,22.09,18.48,20.02,11.39,58.44,6.67,8.03,17.82,0.07,0.2,0.18,0.19
2011-02-13,21.07,16.58,18.59,9.28,55.51,6.43,7.72,17.59,0.0,0.18,0.18,0.18
2011-02-14,21.13,15.79,18.22,10.45,61.35,5.42,6.54,18.7,0.0,0.18,0.18,0.18
2011-02-15,21.52,15.9,18.41,8.5,53.63,5.36,6.5,19.98,0.0,0.17,0.18,0.18
2011-02-16,22.03,15.74,18.73,10.73,60.7,3.98,4.86,19.6,0.0,0.17,0.18,0.18
2011-02-17,26.89,16.31,21.55,7.15,43.39,2.6,3.18,15.16,0.0,0.17,0.18,0.18
2011-02-18,24.35,18.17,20.61,13.42,65.62,3.73,4.58,19.54,0.0,0.17,0.18,0.18
2011-02-19,22.59,17.18,19.56,12.38,63.92,4.57,5.53,19.54,0.0,0.17,0.18,0.18
2011-02-20,26.89,16.08,21.11,12.05,59.06,1.7,2.09,20.2,0.0,0.16,0.18,0.18
2011-02-21,26.52,17.01,22.07,10.38,51.44,3.79,4.69,16.19,0.0,0.16,0.17,0.18
2011-02-22,25.77,18.06,21.34,13.7,64.24,4.2,5.14,18.89,0.0,0.16,0.17,0.18
2011-02-23,24.68,16.97,20.47,14.1,69.67,2.17,2.62,20.25,0.0,0.15,0.17,0.18
2011-02-24,26.74,17.35,20.93,12.4,63.05,1.66,1.95,19.28,0.0,0.15,0.17,0.18
2011-02-25,27.06,17.8,21.72,14.68,67.8,1.64,1.92,19.96,0.0,0.14,0.17,0.18
2011-02-26,27.9,19.56,23.72,14.08,58.77,2.34,2.93,16.58,0.02,0.14,0.17,0.18
2011-02-27,31.39,21.17,25.31,15.78,60.14,4.26,5.24,15.92,0.07,0.14,0.17,0.18
2011-02-28,29.81,22.58,25.34,15.76,57.8,4.81,5.85,13.37,0.02,0.13,0.17,0.17
2011-03-01,29.21,22.17,25.07,16.54,62.3,4.57,5.54,11.85,0.14,0.13,0.17,0.17
2011-03-02,25.75,19.61,22.42,14.35,63.4,5.51,6.63,19.53,0.08,0.13,0.17,0.17
2011-03-03,23.99,18.72,20.89,11.66,56.97,6.44,7.72,22.14,0.0,0.13,0.17,0.17
2011-03-04,23.55,17.9,20.47,9.94,52.83,6.54,7.89,22.62,0.0,0.13,0.17,0.17
2011-03-05,21.42,17.63,19.47,10.54,56.93,6.39,7.7,15.6,0.0,0.12,0.17,0.17
2011-03-06,20.53,16.52,18.67,11.45,63.44,4.21,5.16,13.9,0.0,0.13,0.17,0.17
2011-03-07,24.52,17.36,20.51,10.58,55.92,2.63,3.19,21.07,0.0,0.13,0.17,0.17
2011-03-08,27.35,17.2,22.32,10.51,51.79,2.13,2.59,20.36,0.0,0.12,0.17,0.17
2011-03-09,28.68,19.41,23.98,9.04,42.7,1.66,2.02,20.84,0.0,0.12,0.17,0.17
2011-03-10,31.48,21.88,26.01,8.23,34.73,1.6,2.04,21.53,0.0,0.11,0.17,0.17
2011-03-11,33.07,21.17,26.45,12.53,46.66,3.42,4.35,20.8,0.0,0.11,0.17,0.17
2011-03-12,31.78,21.31,26.0,13.97,52.4,3.18,3.94,22.27,0.01,0.1,0.17,0.17
2011-03-13,31.53,22.83,26.49,12.57,45.05,2.9,3.65,22.58,0.0,0.1,0.17,0.17
2011-03-14,29.59,21.12,24.7,13.23,53.44,4.01,4.87,23.02,0.0,0.1,0.17,0.17
2011-03-15,27.39,20.0,23.01,16.57,69.86,4.6,5.48,23.18,0.0,0.1,0.16,0.17
2011-03-16,26.33,19.96,22.7,14.63,62.08,4.48,5.34,21.74,0.0,0.1,0.16,0.17
2011-03-17,26.25,19.62,22.68,16.18,68.6,3.74,4.48,21.42,0.0,0.1,0.16,0.17
2011-03-18,27.17,19.3,22.77,15.62,67.08,4.24,5.04,20.58,0.0,0.1,0.16,0.17
2011-03-19,25.23,20.32,22.22,15.93,68.91,2.91,3.45,17.53,0.0,0.1,0.16,0.17
2011-03-20,26.36,19.2,22.38,14.84,65.6,3.33,3.96,18.93,0.0,0.1,0.16,0.17
2011-03-21,26.99,18.25,22.01,14.21,64.73,3.14,3.8,23.56,0.0,0.1,0.16,0.17
2011-03-22,28.68,18.39,22.91,15.2,66.64,3.43,4.13,23.72,0.0,0.1,0.16,0.17
2011-03-23,29.73,19.07,24.39,9.06,45.21,2.62,3.19,24.92,0.01,0.1,0.16,0.17
2011-03-24,32.2,22.07,26.29,8.73,40.84,3.83,4.83,23.31,0.01,0.1,0.16,0.17
2011-03-25,32.59,20.77,26.28,13.26,53.36,2.2,2.78,22.97,0.01,0.09,0.16,0.17
2011-03-26,30.93,21.59,25.62,12.14,48.63,5.91,7.22,23.55,0.01,0.09,0.16,0.16
2011-03-27,25.02,20.05,22.12,13.01,57.52,6.09,7.26,23.63,0.0,0.09,0.16,0.16
2011-03-28,25.04,19.39,21.9,13.76,61.23,5.71,6.83,22.67,0.0,0.09,0.16,0.16
2011-03-29,26.45,19.41,22.59,12.99,56.92,4.77,5.7,26.09,0.0,0.09,0.16,0.16
2011-03-30,28.48,20.45,23.72,14.81,62.65,4.95,5.98,19.74,0.0,0.09,0.16,0.16
2011-03-31,27.48,18.86,22.96,15.02,66.46,3.48,4.22,24.98,0.0,0.09,0.16,0.16
2011-04-01,29.21,19.11,23.46,15.41,68.21,2.45,2.97,23.9,0.0,0.09,0.16,0.16
2011-04-02,30.11,18.16,24.02,14.09,62.86,1.84,2.19,24.06,0.0,0.09,0.16,0.16
2011-04-03,33.92,21.57,27.17,11.9,46.88,2.52,3.15,23.93,0.0,0.09,0.16,0.16
2011-04-04,33.69,22.09,27.65,13.97,48.64,2.78,3.54,18.58,0.0,0.08,0.16,0.16
2011-04-05,32.08,24.91,28.31,12.46,40.03,1.9,2.68,15.79,0.0,0.08,0.16,0.16
2011-04-06,34.32,26.0,29.63,10.17,32.58,3.39,4.42,16.95,0.0,0.08,0.16,0.16
2011-04-07,34.65,25.54,29.12,11.11,36.31,3.14,4.09,23.51,0.0,0.08,0.16,0.16
2011-04-08,34.07,24.75,28.9,14.6,44.35,3.45,4.26,23.99,0.0,0.08,0.16,0.16
2011-04-09,34.08,24.26,28.88,15.68,47.04,3.16,3.97,23.3,0.0,0.08,0.16,0.16
2011-04-10,35.31,26.75,30.2,16.02,43.52,3.15,3.88,20.33,2.09,0.09,0.16,0.16
2011-04-11,31.13,25.6,27.99,19.43,60.53,3.58,4.32,10.44,1.59,0.19,0.16,0.16
2011-04-12,30.51,25.1,27.92,17.22,53.98,5.21,6.33,16.46,2.76,0.2,0.17,0.17
2011-04-13,33.27,25.74,28.62,16.14,48.25,3.36,4.18,11.93,0.49,0.2,0.17,0.17
2011-04-14,31.32,25.13,28.01,16.84,52.5,3.45,4.23,7.68,0.01,0.17,0.17,0.17
2011-04-15,30.8,23.22,25.99,17.1,59.42,4.75,5.67,12.23,0.4,0.15,0.17,0.17
2011-04-16,28.9,22.83,25.7,16.77,60.62,3.53,4.13,22.87,0.06,0.15,0.17,0.17
2011-04-17,29.41,21.43,24.64,17.42,67.15,3.72,4.37,18.92,0.02,0.14,0.17,0.17
2011-04-18,29.31,21.33,24.97,17.16,66.59,3.9,4.61,24.95,0.0,0.13,0.17,0.17
2011-04-19,34.27,21.15,27.64,15.34,55.23,1.95,2.46,25.47,0.07,0.13,0.17,0.17
2011-04-20,36.15,23.79,30.05,9.52,32.16,1.95,2.56,26.8,0.0,0.11,0.16,0.17
2011-04-21,35.07,26.03,30.18,7.58,28.3,2.19,2.75,27.39,0.0,0.1,0.16,0.17
2011-04-22,35.48,26.6,30.44,8.12,28.34,2.48,3.24,26.75,0.0,0.09,0.16,0.17
2011-04-23,34.02,26.54,29.98,9.28,33.41,2.4,3.03,24.12,0.0,0.09,0.16,0.17
2011-04-24,34.09,25.62,28.92,12.87,41.08,2.5,2.99,19.55,0.0,0.09,0.16,0.17
2011-04-25,35.16,27.15,30.5,10.11,31.19,2.02,2.62,24.88,0.0,0.09,0.16,0.17
2011-04-26,36.59,26.36,30.87,14.99,42.56,1.98,2.6,23.29,0.0,0.09,0.16,0.16
2011-04-27,34.37,25.9,29.63,16.85,50.89,2.92,3.56,25.42,0.0,0.08,0.16,0.16
2011-04-28,32.36,24.07,27.71,18.79,64.96,4.56,5.39,26.89,0.0,0.08,0.16,0.16
2011-04-29,32.76,21.51,27.07,15.75,57.25,2.35,2.76,26.75,0.0,0.08,0.16,0.16
2011-04-30,36.85,24.62,30.08,14.3,42.69,1.79,2.3,26.25,0.0,0.08,0.16,0.16
2011-05-01,34.9,25.52,30.41,16.28,44.71,2.86,3.53,26.2,0.0,0.08,0.16,0.16
2011-05-02,35.41,26.03,29.9,16.88,49.41,3.7,4.42,23.0,0.0,0.08,0.16,0.16
2011-05-03,31.53,25.03,27.64,17.88,60.26,6.25,7.41,24.51,0.0,0.08,0.16,0.16
2011-05-04,31.24,23.71,27.57,14.66,49.43,5.48,6.62,25.97,0.0,0.08,0.16,0.16
2011-05-05,33.39,24.62,28.78,13.29,43.01,3.91,4.84,22.99,0.0,0.08,0.16,0.16
2011-05-06,32.92,23.12,27.83,18.17,60.96,3.16,3.79,26.72,0.0,0.08,0.16,0.16
2011-05-07,34.84,23.6,29.0,15.91,52.01,2.37,2.81,26.34,0.0,0.08,0.16,0.16
2011-05-08,36.25,24.95,30.15,17.08,51.12,2.57,3.15,26.04,0.0,0.08,0.16,0.16
2011-05-09,37.15,26.26,31.34,14.1,40.41,2.22,2.8,25.41,0.0,0.08,0.16,0.16
2011-05-10,37.19,26.43,30.76,17.14,48.03,2.85,3.48,25.3,0.0,0.08,0.16,0.16
2011-05-11,36.63,25.84,30.88,18.83,55.25,2.69,3.3,27.51,0.0,0.08,0.16,0.16
2011-05-12,38.33,26.44,32.06,13.91,40.24,1.91,2.3,26.67,0.0,0.08,0.16,0.16
2011-05-13,37.0,27.22,32.25,12.18,34.69,2.31,2.8,26.47,0.0,0.07,0.16,0.16
2011-05-14,38.53,31.14,34.28,9.82,26.59,2.22,2.78,25.51,0.0,0.07,0.16,0.16
2011-05-15,38.35,30.5,33.88,15.12,34.72,4.16,5.12,26.36,0.0,0.07,0.16,0.16
2011-05-16,38.4,30.37,33.89,17.57,39.79,3.17,3.87,26.18,0.0,0.07,0.16,0.16
2011-05-17,36.62,28.97,32.69,19.76,48.6,3.63,4.31,25.94,0.0,0.07,0.15,0.16
2011-05-18,36.62,27.55,31.66,21.72,60.37,4.81,5.73,25.86,0.0,0.07,0.15,0.16
2011-05-19,40.7,27.85,33.01,22.64,62.8,2.94,3.52,26.42,0.0,0.07,0.15,0.16
2011-05-20,40.51,28.33,33.71,20.9,53.79,2.62,3.19,27.47,0.0,0.07,0.15,0.16
2011-05-21,40.82,27.83,33.51,21.14,56.45,2.95,3.54,26.85,0.0,0.07,0.15,0.16
2011-05-22,38.76,27.06,32.22,22.36,62.14,3.75,4.39,27.28,0.0,0.07,0.15,0.16
2011-05-23,35.92,28.14,31.86,22.98,63.34,4.61,5.41,25.93,0.0,0.07,0.15,0.16
2011-05-24,37.0,28.09,32.17,22.62,63.23,5.08,6.01,26.54,0.0,0.07,0.15,0.16
2011-05-25,37.02,28.43,32.12,20.82,58.6,5.38,6.37,26.9,0.0,0.07,0.15,0.16
2011-05-26,36.11,27.22,31.2,21.82,61.79,3.69,4.3,27.31,0.0,0.07,0.15,0.16
2011-05-27,36.68,26.47,31.72,20.91,56.99,1.9,2.26,27.6,0.0,0.07,0.15,0.16
2011-05-28,37.87,28.04,32.99,21.16,53.0,2.32,2.77,26.22,0.0,0.07,0.15,0.15
2011-05-29,38.75,27.8,33.49,20.79,50.45,2.49,2.9,26.03,0.0,0.07,0.15,0.15
2011-05-30,39.45,30.17,34.13,20.92,49.18,2.78,3.27,25.68,0.0,0.07,0.15,0.15
2011-05-31,40.69,29.57,34.26,21.07,52.39,2.06,2.39,26.52,0.0,0.06,0.15,0.15
2011-06-01,44.15,29.87,35.86,18.3,44.19,1.76,2.1,26.47,0.0,0.06,0.15,0.15
2011-06-02,43.46,31.05,37.18,15.53,32.92,2.05,2.64,27.1,0.0,0.06,0.15,0.15
2011-06-03,42.24,31.17,36.52,15.12,31.29,2.59,3.25,27.29,0.0,0.06,0.15,0.15
2011-06-04,39.44,30.86,34.63,19.58,43.82,4.36,5.18,25.64,0.0,0.05,0.15,0.15
2011-06-05,38.98,29.56,33.95,20.78,51.43,3.33,3.94,25.55,0.0,0.06,0.15,0.15
2011-06-06,39.57,29.03,34.22,22.31,57.05,2.35,2.76,26.8,0.0,0.06,0.15,0.15
2011-06-07,40.89,29.7,34.73,22.02,55.59,2.55,3.07,26.53,0.0,0.06,0.15,0.15
2011-06-08,41.4,29.78,34.81,22.92,58.02,3.15,3.71,26.44,0.0,0.06,0.15,0.15
2011-06-09,41.04,30.24,35.28,23.1,57.48,3.0,3.56,27.52,0.0,0.06,0.15,0.15
2011-06-10,40.71,30.03,34.66,22.87,58.67,4.66,5.57,27.76,0.0,0.06,0.15,0.15
2011-06-11,37.29,29.41,33.12,21.8,56.32,6.56,7.81,27.96,0.0,0.06,0.15,0.15
2011-06-12,37.79,28.0,32.05,23.18,64.24,4.6,5.37,27.11,0.0,0.06,0.15,0.15
2011-06-13,40.17,27.66,33.56,20.8,53.32,2.46,2.92,26.88,0.0,0.06,0.15,0.15
2011-06-14,39.11,29.41,33.54,22.49,55.74,2.1,2.43,26.77,0.0,0.06,0.15,0.15
2011-06-15,38.84,28.05,32.88,21.93,57.67,3.03,3.47,27.4,0.0,0.06,0.15,0.15
2011-06-16,38.87,28.27,33.01,22.66,59.78,3.91,4.49,27.62,0.0,0.06,0.15,0.15
2011-06-17,38.81,28.39,33.0,23.18,61.22,4.09,4.74,25.98,0.0,0.06,0.15,0.15
2011-06-18,39.19,28.42,33.37,22.28,57.63,2.84,3.32,26.4,0.0,0.06,0.15,0.15
2011-06-19,44.36,29.22,35.68,21.67,51.34,1.6,1.84,25.89,0.0,0.06,0.15,0.15
2011-06-20,42.03,30.88,35.25,22.29,53.19,1.8,2.05,26.65,0.0,0.06,0.15,0.15
2011-06-21,42.63,30.12,35.95,22.5,51.77,1.6,1.88,26.49,0.0,0.06,0.15,0.15
2011-06-22,39.71,30.66,34.4,22.22,53.98,2.79,3.17,26.55,0.0,0.06,0.15,0.15
2011-06-23,39.02,29.04,34.0,20.24,51.39,2.63,3.04,26.18,0.0,0.06,0.15,0.15
2011-06-24,40.6,30.07,35.1,16.39,37.57,2.21,2.55,25.98,0.0,0.05,0.15,0.15
2011-06-25,39.32,30.26,34.58,18.34,43.23,3.33,3.87,25.77,0.0,0.05,0.15,0.15
2011-06-26,39.56,30.2,34.37,20.72,51.08,3.85,4.5,23.39,0.0,0.05,0.15,0.15
2011-06-27,39.16,30.3,34.18,21.2,52.96,4.47,5.22,24.5,0.0,0.05,0.15,0.15
2011-06-28,38.29,29.91,33.76,23.81,62.06,5.14,5.99,24.9,0.0,0.05,0.15,0.15
2011-06-29,38.18,30.41,34.17,23.29,57.99,5.46,6.46,25.12,0.0,0.06,0.15,0.15
2011-06-30,37.99,30.36,33.82,23.22,58.78,5.36,6.31,25.32,0.0,0.06,0.15,0.15
2011-07-01,37.49,29.12,32.86,22.45,57.96,4.66,5.43,23.14,0.0,0.06,0.15,0.15
2011-07-02,37.45,28.76,32.63,21.64,55.92,3.49,4.01,22.75,0.0,0.06,0.15,0.15
2011-07-03,39.44,28.58,33.02,22.78,59.88,2.85,3.27,23.0,0.0,0.06,0.15,0.15
2011-07-04,38.5,29.34,33.3,23.6,60.78,2.91,3.29,23.13,0.0,0.06,0.15,0.15
2011-07-05,38.43,29.45,33.75,24.63,61.69,2.82,3.26,23.49,0.0,0.06,0.15,0.15
2011-07-06,37.75,30.36,33.57,23.89,58.56,4.41,5.14,23.27,0.0,0.06,0.15,0.15
2011-07-07,40.28,29.8,34.84,21.87,50.48,3.25,3.83,22.57,0.0,0.06,0.15,0.15
2011-07-08,39.78,31.55,35.39,22.16,48.34,2.52,2.95,23.71,0.0,0.06,0.15,0.15
2011-07-09,39.48,32.62,35.96,21.77,45.98,2.31,2.79,23.74,0.0,0.06,0.15,0.15
2011-07-10,40.76,31.62,36.08,22.71,48.67,3.79,4.51,23.45,0.0,0.06,0.15,0.15
2011-07-11,40.6,32.02,36.25,22.16,45.98,3.35,3.94,23.14,0.0,0.06,0.15,0.15
2011-07-12,39.85,32.33,35.94,22.15,46.91,3.3,3.85,24.23,0.0,0.06,0.15,0.15
2011-07-13,39.92,32.88,36.1,21.12,44.28,2.72,3.2,25.0,0.0,0.06,0.15,0.15
2011-07-14,39.81,31.35,35.46,22.16,50.44,2.46,2.82,25.34,0.0,0.06,0.15,0.15
2011-07-15,41.75,32.02,36.48,21.71,46.66,1.57,1.79,23.7,0.0,0.06,0.15,0.15
2011-07-16,42.86,32.75,37.29,20.77,42.76,4.58,5.52,24.59,0.0,0.05,0.15,0.15
2011-07-17,43.18,31.4,37.03,20.85,44.03,4.1,4.93,24.4,0.0,0.05,0.15,0.15
2011-07-18,42.96,30.77,36.58,21.88,46.91,4.21,5.01,24.85,0.0,0.05,0.15,0.15
2011-07-19,41.89,30.82,35.73,21.87,48.15,3.4,3.99,25.91,0.0,0.05,0.15,0.15
2011-07-20,40.05,29.66,34.77,21.81,53.78,3.49,4.12,26.96,0.0,0.05,0.15,0.15
2011-07-21,39.22,30.67,34.79,22.09,52.54,3.74,4.47,26.95,0.0,0.05,0.15,0.15
2011-07-22,39.39,29.63,34.59,21.87,54.5,3.22,3.87,26.72,0.0,0.05,0.15,0.15
2011-07-23,40.85,29.26,35.56,17.48,41.35,1.34,1.62,26.13,0.0,0.05,0.15,0.15
2011-07-24,44.3,31.2,37.37,19.08,39.54,1.63,1.96,25.38,0.0,0.05,0.15,0.15
2011-07-25,43.79,33.76,38.39,15.18,28.49,1.61,2.05,25.37,0.0,0.05,0.15,0.15
2011-07-26,41.36,33.32,37.23,19.2,37.19,2.17,2.63,24.38,0.0,0.05,0.15,0.15
2011-07-27,40.25,32.83,36.38,20.1,41.05,2.92,3.47,21.7,0.0,0.05,0.15,0.15
2011-07-28,40.94,31.12,36.16,21.54,45.69,3.27,3.85,25.09,0.0,0.05,0.15,0.15
2011-07-29,41.84,31.26,36.44,20.61,44.0,4.33,5.2,25.67,0.0,0.05,0.15,0.15
2011-07-30,41.32,30.96,36.26,18.69,39.29,2.47,2.94,26.08,0.0,0.05,0.15,0.15
2011-07-31,42.04,32.29,36.97,18.25,36.29,1.67,2.03,26.69,0.0,0.04,0.15,0.15
2011-08-01,42.33,32.03,36.69,20.36,42.6,2.39,2.83,25.39,0.0,0.04,0.15,0.15
2011-08-02,41.06,33.03,36.59,19.16,39.8,2.09,2.47,25.43,0.0,0.04,0.15,0.15
2011-08-03,41.51,32.57,36.79,18.28,37.71,1.7,1.95,26.25,0.0,0.04,0.15,0.15
2011-08-04,41.58,31.94,36.77,18.79,39.65,1.84,2.14,26.17,0.0,0.04,0.15,0.15
2011-08-05,40.69,32.89,36.46,19.45,40.87,2.33,2.71,25.71,0.0,0.04,0.15,0.15
2011-08-06,40.29,31.98,36.43,19.39,38.69,3.01,3.68,24.33,0.0,0.04,0.15,0.15
2011-08-07,41.4,32.79,36.72,20.11,40.82,3.01,3.65,24.97,0.0,0.04,0.15,0.15
2011-08-08,39.12,31.21,34.84,24.7,58.98,3.15,3.67,23.04,0.0,0.04,0.14,0.15
2011-08-09,40.88,30.79,35.92,23.73,53.01,2.51,2.96,22.24,0.0,0.04,0.14,0.15
2011-08-10,41.83,31.95,36.7,24.15,51.09,2.96,3.46,22.67,0.01,0.05,0.14,0.15
2011-08-11,42.33,32.84,36.76,22.54,47.28,3.22,3.79,23.55,0.0,0.05,0.14,0.15
2011-08-12,40.89,31.8,35.93,21.66,47.77,2.92,3.41,24.3,0.0,0.05,0.14,0.15
2011-08-13,41.3,32.15,36.14,22.92,51.15,2.64,3.06,24.62,0.0,0.05,0.14,0.15
2011-08-14,42.48,32.26,36.91,22.27,46.56,3.84,4.65,22.59,0.0,0.05,0.14,0.15
2011-08-15,41.62,33.01,36.42,24.56,52.94,3.09,3.66,23.24,0.0,0.05,0.14,0.15
2011-08-16,39.1,31.38,34.76,24.56,60.02,3.46,3.98,22.73,0.0,0.05,0.14,0.15
2011-08-17,39.68,30.78,35.17,23.9,55.48,1.78,2.04,23.46,0.0,0.05,0.14,0.15
2011-08-18,39.79,31.16,35.06,23.82,54.71,4.33,5.08,23.07,0.01,0.05,0.14,0.15
2011-08-19,39.75,29.6,34.06,24.01,58.57,4.44,5.18,23.18,0.0,0.05,0.14,0.15
2011-08-20,39.5,29.61,34.41,23.28,54.65,3.82,4.43,23.51,0.0,0.05,0.14,0.15
2011-08-21,38.41,30.23,34.13,23.09,54.59,4.25,4.93,22.92,0.0,0.05,0.14,0.15
2011-08-22,38.22,29.6,34.0,21.65,50.91,3.51,4.07,23.23,0.0,0.05,0.14,0.15
2011-08-23,38.86,30.72,34.43,22.45,51.45,3.12,3.61,21.81,0.0,0.05,0.14,0.15
2011-08-24,39.44,31.26,35.1,22.75,50.72,2.96,3.42,22.57,0.0,0.05,0.14,0.15
2011-08-25,40.32,31.09,35.38,23.11,51.21,3.64,4.24,22.83,0.0,0.05,0.14,0.15
2011-08-26,39.09,31.98,35.02,23.11,51.58,3.16,3.65,22.01,0.0,0.05,0.14,0.15
2011-08-27,37.75,32.27,34.65,23.57,53.88,2.09,2.4,20.77,0.0,0.05,0.14,0.15
2011-08-28,40.1,30.34,34.9,24.01,56.05,3.22,3.8,21.95,0.01,0.05,0.14,0.15
2011-08-29,37.23,30.79,33.53,24.28,59.81,6.71,7.94,22.11,0.01,0.05,0.14,0.15
2011-08-30,38.86,29.89,34.53,23.36,55.01,3.58,4.22,22.76,0.01,0.05,0.14,0.15
2011-08-31,39.92,31.96,35.71,20.61,43.25,3.07,3.68,22.53,0.0,0.05,0.14,0.15
2011-09-01,40.87,32.63,36.49,18.7,37.43,2.44,2.98,22.52,0.0,0.05,0.14,0.15
2011-09-02,39.49,31.08,35.13,17.42,37.35,1.78,2.15,24.09,0.0,0.05,0.14,0.15
2011-09-03,39.4,30.87,34.98,18.52,40.81,1.69,1.99,23.81,0.0,0.05,0.14,0.15
2011-09-04,40.92,30.73,35.29,19.88,44.87,1.89,2.17,23.8,0.0,0.05,0.14,0.15
2011-09-05,40.77,31.6,35.33,22.21,52.41,2.52,2.94,23.8,0.0,0.05,0.14,0.15
2011-09-06,38.46,30.07,33.73,24.31,62.39,3.19,3.76,22.9,0.0,0.05,0.14,0.15
2011-09-07,38.11,28.78,33.21,24.95,65.96,3.26,3.81,24.03,0.0,0.05,0.14,0.15
2011-09-08,39.86,30.11,34.21,23.9,59.8,2.21,2.61,23.2,0.0,0.05,0.14,0.15
2011-09-09,38.68,30.93,34.3,23.64,57.74,2.69,3.14,23.1,0.0,0.05,0.14,0.15
2011-09-10,40.1,30.26,34.77,22.89,53.24,2.88,3.39,22.31,0.0,0.05,0.14,0.15
2011-09-11,40.83,29.28,34.71,20.81,49.0,2.62,3.06,21.6,0.0,0.05,0.14,0.15
2011-09-12,38.94,30.5,34.18,22.5,55.07,3.34,3.9,22.42,0.0,0.05,0.14,0.15
2011-09-13,37.54,30.24,33.52,23.49,58.18,2.83,3.28,22.24,0.0,0.05,0.14,0.15
2011-09-14,39.28,30.89,34.74,22.54,51.35,2.46,2.88,21.29,0.0,0.05,0.14,0.15
2011-09-15,40.94,30.95,35.09,21.79,50.74,2.1,2.43,22.42,0.0,0.05,0.14,0.15
2011-09-16,39.69,31.25,34.79,24.07,59.03,2.55,2.98,22.24,0.0,0.05,0.14,0.15
2011-09-17,37.2,30.96,33.58,25.01,62.9,3.52,4.09,21.55,0.0,0.05,0.14,0.15
2011-09-18,37.67,30.18,33.18,21.59,53.66,2.58,3.03,22.46,0.0,0.05,0.14,0.15
2011-09-19,39.65,28.91,33.83,19.15,45.7,1.44,1.68,22.94,0.0,0.05,0.14,0.15
2011-09-20,39.97,29.22,34.31,19.55,46.78,2.63,3.12,21.24,0.0,0.05,0.14,0.15
2011-09-21,40.01,30.14,34.63,16.08,36.53,2.55,3.1,21.9,0.0,0.04,0.14,0.15
2011-09-22,40.24,30.94,34.81,15.77,37.01,2.71,3.26,21.87,0.0,0.04,0.14,0.15
2011-09-23,38.46,29.97,33.56,21.71,55.63,2.93,3.45,22.13,0.0,0.04,0.14,0.15
2011-09-24,37.78,28.73,32.87,21.27,55.54,2.06,2.38,21.08,0.0,0.04,0.14,0.15
2011-09-25,40.13,28.32,33.48,19.57,49.57,1.99,2.33,21.59,0.0,0.04,0.14,0.15
2011-09-26,39.3,29.51,33.58,20.42,51.07,1.93,2.23,19.3,0.0,0.04,0.14,0.15
2011-09-27,38.36,29.04,33.17,21.61,54.37,1.65,1.87,20.43,0.0,0.04,0.14,0.15
2011-09-28,38.59,29.6,33.55,20.41,49.29,1.59,1.85,19.69,0.0,0.04,0.14,0.15
2011-09-29,39.13,28.69,33.33,21.59,54.03,2.66,3.11,20.32,0.0,0.04,0.14,0.15
2011-09-30,38.77,29.23,33.49,22.13,54.84,2.12,2.46,20.03,0.0,0.04,0.14,0.15
2011-10-01,38.18,29.21,33.1,21.41,53.85,2.09,2.44,20.65,0.0,0.04,0.14,0.15
2011-10-02,37.78,29.55,32.97,21.72,54.88,1.89,2.16,20.19,0.0,0.04,0.14,0.15
2011-10-03,36.64,28.31,32.02,23.75,65.72,2.58,2.99,19.73,0.0,0.04,0.14,0.15
2011-10-04,38.01,28.37,32.74,22.32,60.25,2.48,2.94,19.76,0.0,0.04,0.14,0.15
2011-10-05,37.51,28.83,32.9,21.96,55.2,2.3,2.7,19.81,0.01,0.04,0.14,0.15
2011-10-06,36.33,28.79,32.2,22.32,58.52,4.13,4.8,19.39,0.09,0.05,0.14,0.15
2011-10-07,35.28,28.57,31.62,22.27,59.16,3.0,3.43,19.88,0.55,0.07,0.15,0.15
2011-10-08,34.64,29.02,31.49,21.47,56.44,2.2,2.55,20.17,1.96,0.12,0.15,0.15
2011-10-09,35.89,29.03,31.79,20.24,51.95,2.43,2.78,20.27,0.92,0.15,0.15,0.15
2011-10-10,33.77,26.8,29.87,20.97,61.78,2.6,3.01,19.76,1.57,0.16,0.15,0.15
2011-10-11,34.18,26.91,30.23,20.43,58.09,2.97,3.51,18.52,1.14,0.19,0.15,0.15
2011-10-12,33.55,26.37,29.58,21.4,63.66,4.83,5.68,17.74,5.66,0.24,0.16,0.16
2011-10-13,35.55,26.52,30.9,18.7,51.11,2.99,3.53,19.24,0.13,0.2,0.16,0.16
2011-10-14,35.02,28.27,31.12,19.52,52.66,1.92,2.26,18.73,0.0,0.17,0.16,0.16
2011-10-15,34.99,27.92,30.62,21.91,62.76,2.59,3.11,18.48,0.0,0.15,0.16,0.16
2011-10-16,35.96,27.77,30.84,22.01,63.26,1.93,2.32,19.56,0.0,0.14,0.16,0.16
2011-10-17,35.66,27.79,30.89,21.82,63.18,1.82,2.14,20.25,0.0,0.13,0.16,0.16
2011-10-18,35.69,26.42,30.36,21.99,65.77,1.77,2.05,19.11,0.0,0.12,0.16,0.16
2011-10-19,35.06,27.12,30.2,22.32,67.33,2.64,3.11,18.54,0.01,0.12,0.15,0.16
2011-10-20,33.88,27.3,30.01,22.22,65.12,4.35,5.25,18.92,0.0,0.11,0.15,0.16
2011-10-21,33.78,27.83,30.46,19.93,56.05,7.53,9.08,19.13,0.0,0.11,0.15,0.16
2011-10-22,31.22,26.64,28.94,15.52,44.81,4.87,5.81,18.3,0.0,0.11,0.15,0.16
2011-10-23,33.76,24.8,28.87,15.29,46.74,3.21,3.84,18.25,0.0,0.1,0.15,0.16
2011-10-24,33.71,25.23,29.35,19.3,57.63,2.69,3.22,17.82,0.0,0.1,0.15,0.15
2011-10-25,33.28,26.66,29.89,18.33,52.06,1.79,2.14,17.93,0.0,0.1,0.15,0.15
2011-10-26,33.95,27.5,30.27,17.53,48.2,1.59,1.88,17.82,0.0,0.1,0.15,0.15
2011-10-27,33.76,24.68,29.16,16.37,49.59,2.25,2.73,18.44,0.0,0.09,0.15,0.15
2011-10-28,33.27,25.75,29.26,15.35,45.36,1.57,1.9,18.5,0.0,0.09,0.15,0.15
2011-10-29,33.88,25.7,29.47,15.06,44.08,1.29,1.58,18.25,0.0,0.09,0.15,0.15
2011-10-30,33.77,24.64,28.82,12.93,41.15,1.75,2.21,18.59,0.0,0.09,0.15,0.15
2011-10-31,33.14,23.97,28.46,16.31,49.88,2.51,3.06,18.1,0.0,0.08,0.15,0.15
2011-11-01,33.32,24.2,28.55,19.62,61.97,2.85,3.39,17.9,0.0,0.08,0.15,0.15
2011-11-02,32.43,24.12,28.0,19.23,62.78,2.0,2.41,16.74,0.0,0.08,0.15,0.15
2011-11-03,31.65,24.69,27.99,19.1,59.87,2.49,2.94,17.74,0.0,0.09,0.15,0.15
2011-11-04,30.91,25.18,27.57,17.48,55.32,3.19,3.88,16.72,0.0,0.09,0.15,0.15
2011-11-05,31.81,26.05,28.73,16.87,49.92,1.3,1.5,15.63,0.0,0.09,0.15,0.15
2011-11-06,33.4,25.66,29.31,16.39,48.0,1.66,1.97,15.88,0.01,0.09,0.15,0.15
2011-11-07,31.56,26.43,28.59,18.71,56.63,2.97,3.46,6.68,0.92,0.11,0.15,0.15
2011-11-08,27.54,23.65,25.9,17.97,62.06,5.04,5.89,15.28,0.33,0.14,0.15,0.15
2011-11-09,26.88,22.58,24.48,14.72,55.17,4.5,5.37,14.96,0.0,0.13,0.15,0.15
2011-11-10,26.95,21.81,24.21,11.57,45.84,3.32,4.09,17.56,0.0,0.13,0.15,0.15
2011-11-11,28.05,22.68,24.57,11.29,44.05,1.85,2.2,17.63,0.0,0.12,0.15,0.15
2011-11-12,27.59,22.31,24.33,13.89,52.96,2.48,2.96,17.09,0.0,0.12,0.15,0.15
2011-11-13,27.46,21.62,23.84,14.27,57.0,2.04,2.5,17.29,0.0,0.11,0.15,0.15
2011-11-14,29.62,21.75,24.87,16.08,60.8,1.88,2.28,16.16,0.0,0.11,0.15,0.15
2011-11-15,30.99,22.31,26.16,14.38,51.71,1.19,1.46,16.83,0.0,0.11,0.15,0.15
2011-11-16,31.14,22.33,26.58,13.06,45.56,1.66,2.03,15.45,0.0,0.1,0.15,0.15
2011-11-17,30.77,24.27,27.22,17.02,55.26,2.14,2.53,16.14,0.0,0.1,0.15,0.15
2011-11-18,30.87,24.38,27.05,19.6,66.44,2.53,3.03,16.26,0.0,0.1,0.15,0.15
2011-11-19,31.21,23.79,26.95,17.41,59.57,1.51,1.8,15.86,0.0,0.1,0.15,0.15
2011-11-20,32.12,23.14,27.31,15.89,52.54,2.02,2.51,16.13,0.0,0.1,0.15,0.15
2011-11-21,31.58,22.59,26.76,16.72,57.45,2.77,3.38,15.7,0.0,0.1,0.15,0.15
2011-11-22,30.88,22.5,26.4,14.42,50.45,2.41,2.95,15.5,0.36,0.1,0.15,0.15
2011-11-23,28.2,22.57,24.92,17.94,67.26,3.95,4.67,10.45,1.83,0.15,0.15,0.16
2011-11-24,25.02,21.94,23.43,15.22,60.4,4.29,5.13,15.19,0.2,0.17,0.16,0.16
2011-11-25,25.7,21.31,23.17,14.94,60.45,3.91,4.77,12.4,0.1,0.16,0.16,0.16
2011-11-26,25.56,20.16,22.82,13.26,55.49,3.58,4.35,15.5,0.0,0.15,0.16,0.16
2011-11-27,25.73,21.44,23.42,14.05,56.02,2.48,2.95,12.18,0.05,0.15,0.16,0.16
2011-11-28,27.57,22.77,24.78,14.21,52.4,2.18,2.58,14.12,0.0,0.14,0.15,0.16
2011-11-29,29.42,22.37,25.43,13.69,49.69,2.5,3.04,13.88,0.0,0.13,0.15,0.16
2011-11-30,27.71,21.71,24.02,16.82,65.14,3.76,4.49,13.61,0.6,0.14,0.15,0.16
2011-12-01,24.65,20.78,22.71,15.82,65.58,4.49,5.35,13.22,0.01,0.15,0.16,0.16
2011-12-02,25.83,20.3,22.65,13.45,56.84,2.66,3.33,15.39,0.0,0.14,0.16,0.16
2011-12-03,26.94,21.26,23.47,13.2,53.41,2.06,2.53,15.45,0.0,0.13,0.16,0.16
2011-12-04,26.87,20.46,23.2,15.08,61.71,3.42,4.25,15.3,0.0,0.13,0.15,0.16
2011-12-05,26.37,21.56,23.5,12.83,52.38,3.74,4.63,14.5,0.0,0.13,0.15,0.16
2011-12-06,25.32,19.16,22.3,11.06,50.54,1.67,2.07,14.09,0.0,0.12,0.15,0.16
2011-12-07,24.9,18.17,21.31,10.74,51.85,2.46,3.05,10.54,0.0,0.12,0.15,0.16
2011-12-08,25.42,20.22,22.3,9.75,46.4,2.37,2.9,14.89,0.0,0.12,0.15,0.16
2011-12-09,25.91,18.08,21.59,5.39,36.3,1.94,2.39,14.64,0.0,0.11,0.15,0.16
2011-12-10,26.14,18.48,21.78,6.21,38.16,1.84,2.24,15.39,0.0,0.11,0.15,0.16
2011-12-11,25.42,19.53,21.83,13.69,61.08,2.7,3.21,14.95,0.0,0.11,0.15,0.15
2011-12-12,25.58,18.2,21.83,15.44,68.8,1.91,2.42,14.14,0.0,0.11,0.15,0.15
2011-12-13,26.83,19.74,22.94,12.13,53.1,1.27,1.58,14.98,0.0,0.11,0.15,0.15
2011-12-14,26.97,19.31,22.68,11.95,52.25,2.03,2.51,14.83,0.0,0.1,0.15,0.15
2011-12-15,26.57,18.96,22.49,9.33,45.35,1.6,1.91,14.92,0.0,0.1,0.15,0.15
2011-12-16,25.17,18.04,21.6,10.92,51.85,1.73,2.09,14.82,0.0,0.1,0.15,0.15
2011-12-17,23.53,18.48,20.8,14.17,66.91,2.34,2.91,15.03,6.58,0.18,0.16,0.16
2011-12-18,24.17,19.21,20.98,14.05,65.53,2.93,3.6,12.63,0.03,0.17,0.17,0.17
2011-12-19,25.69,18.79,21.85,12.09,56.34,2.38,2.93,13.98,0.26,0.16,0.17,0.17
2011-12-20,25.32,18.43,21.17,6.15,40.38,4.01,5.03,14.06,0.0,0.14,0.16,0.17
2011-12-21,24.79,16.99,20.16,3.07,34.16,3.54,4.48,15.24,0.0,0.13,0.16,0.17
2011-12-22,24.28,16.33,19.85,3.54,35.93,1.8,2.19,15.54,0.0,0.12,0.16,0.17
2011-12-23,24.09,15.49,19.72,5.36,41.03,1.64,2.02,14.98,0.0,0.11,0.16,0.16
2011-12-24,23.04,17.33,19.81,11.25,59.16,2.58,3.09,14.99,0.0,0.11,0.16,0.16
2011-12-25,22.9,17.24,19.61,14.67,74.13,2.64,3.22,14.08,0.0,0.11,0.16,0.16
2011-12-26,23.97,17.28,20.42,15.2,73.17,3.75,4.53,13.45,0.0,0.11,0.16,0.16
2011-12-27,24.77,19.18,21.28,14.07,65.72,5.55,6.81,14.37,0.0,0.11,0.16,0.16
2011-12-28,22.13,17.74,19.74,12.62,63.97,4.83,5.84,11.98,0.0,0.11,0.16,0.16
2011-12-29,22.35,18.17,19.86,11.46,58.88,2.23,2.77,12.52,0.0,0.11,0.16,0.16
2011-12-30,22.98,18.31,20.34,10.01,52.03,1.58,1.93,13.74,0.0,0.11,0.16,0.16
2011-12-31,24.81,17.71,20.97,8.38,46.31,2.35,2.95,14.59,0.0,0.11,0.16,0.16
2012-01-01,25.74,18.07,21.44,7.38,41.42,1.19,1.47,13.53,0.0,0.11,0.16,0.16
2012-01-02,25.41,18.55,21.73,9.64,47.57,2.03,2.37,13.79,0.0,0.11,0.16,0.16
2012-01-03,25.69,17.86,21.35,11.58,56.48,3.41,4.18,14.22,0.0,0.11,0.16,0.16
2012-01-04,22.94,18.05,20.51,13.12,63.93,5.69,6.96,14.41,0.0,0.11,0.16,0.16
2012-01-05,22.78,17.94,20.09,13.15,64.78,1.67,2.05,12.86,0.0,0.11,0.16,0.16
2012-01-06,23.95,16.97,20.2,12.36,62.2,1.31,1.53,13.54,0.0,0.11,0.16,0.16
2012-01-07,25.04,17.18,20.63,12.31,60.63,1.42,1.68,14.03,0.0,0.11,0.16,0.16
2012-01-08,26.65,18.06,21.71,11.6,55.72,1.03,1.28,13.84,0.0,0.11,0.16,0.16
2012-01-09,27.22,18.4,22.34,12.22,55.56,2.22,2.83,13.99,0.0,0.11,0.16,0.16
2012-01-10,26.85,19.74,22.85,13.16,55.63,2.57,3.16,13.65,0.0,0.11,0.16,0.16
2012-01-11,27.42,20.76,23.54,14.18,58.39,1.48,1.84,14.52,0.0,0.11,0.16,0.16
2012-01-12,27.77,19.7,23.46,14.06,59.15,2.76,3.51,13.93,0.0,0.11,0.16,0.16
2012-01-13,27.77,20.29,23.7,14.94,60.09,3.45,4.31,13.81,0.0,0.1,0.16,0.16
2012-01-14,25.42,19.62,22.06,14.47,62.99,6.2,7.47,12.3,0.0,0.1,0.16,0.16
2012-01-15,22.04,17.4,19.77,8.46,48.85,5.57,6.75,16.17,0.0,0.1,0.16,0.16
2012-01-16,21.99,16.94,18.93,9.99,56.96,2.86,3.48,15.86,0.0,0.1,0.16,0.16
2012-01-17,20.93,16.15,18.27,10.61,61.57,3.92,4.84,14.27,0.0,0.1,0.16,0.16
2012-01-18,22.58,17.0,19.48,7.62,47.93,3.8,4.81,15.32,0.0,0.1,0.16,0.16
2012-01-19,22.9,17.39,19.5,10.11,55.48,3.19,3.93,15.9,0.0,0.1,0.16,0.16
2012-01-20,22.99,16.2,19.09,11.88,64.53,3.47,4.21,7.95,0.07,0.1,0.16,0.16
2012-01-21,21.15,15.56,18.2,10.39,61.35,7.29,8.75,14.78,0.53,0.13,0.16,0.16
2012-01-22,18.69,14.56,16.32,7.73,57.57,6.05,7.18,8.63,0.0,0.13,0.16,0.16
2012-01-23,17.99,15.39,16.37,9.6,64.9,5.37,6.39,12.62,0.05,0.12,0.16,0.16
2012-01-24,19.66,15.22,16.98,7.82,55.98,5.96,7.24,15.15,0.0,0.12,0.16,0.16
2012-01-25,19.9,14.59,16.95,8.07,56.64,3.77,4.64,14.93,0.0,0.12,0.16,0.16
2012-01-26,20.49,14.47,17.21,10.1,64.23,2.84,3.49,16.35,0.0,0.12,0.16,0.16
2012-01-27,21.92,15.78,18.35,11.9,67.29,2.7,3.31,16.76,0.0,0.12,0.16,0.16
2012-01-28,24.38,15.79,19.4,12.08,65.22,1.45,1.72,16.45,0.0,0.12,0.16,0.16
2012-01-29,24.25,15.62,19.43,9.2,56.47,3.88,4.77,16.75,0.0,0.11,0.16,0.16
2012-01-30,22.04,16.42,18.76,11.14,62.76,3.2,3.93,17.07,0.0,0.11,0.16,0.16
2012-01-31,26.06,15.56,20.41,9.58,53.55,1.69,2.11,16.66,0.0,0.11,0.16,0.16
2012-02-01,26.95,17.93,22.11,14.23,64.31,3.72,4.6,15.85,0.01,0.11,0.16,0.16
2012-02-02,26.69,18.37,21.94,15.13,68.45,5.09,6.13,14.54,0.0,0.11,0.16,0.16
2012-02-03,21.83,17.34,19.59,11.18,59.84,6.36,7.64,18.33,0.0,0.11,0.16,0.16
2012-02-04,23.72,16.86,19.82,8.72,50.86,3.99,4.92,17.65,0.0,0.1,0.16,0.16
2012-02-05,22.53,16.11,18.79,4.82,42.29,4.05,4.94,17.1,0.0,0.1,0.16,0.16
2012-02-06,22.38,15.3,18.53,4.72,42.11,3.48,4.27,17.04,0.0,0.1,0.16,0.16
2012-02-07,22.86,15.46,18.7,6.81,47.78,2.18,2.69,18.49,0.0,0.1,0.16,0.16
2012-02-08,23.31,15.51,19.1,6.9,46.98,1.9,2.35,15.65,0.0,0.1,0.16,0.16
2012-02-09,23.08,17.26,19.83,9.59,53.48,2.57,3.05,14.81,0.0,0.1,0.16,0.16
2012-02-10,25.66,17.0,20.89,8.07,47.46,2.14,2.57,16.27,0.0,0.1,0.16,0.16
2012-02-11,26.85,19.09,21.81,9.72,50.87,3.61,4.35,17.41,0.0,0.1,0.16,0.16
2012-02-12,22.87,17.54,19.88,12.88,66.18,5.71,6.91,18.68,0.0,0.1,0.16,0.16
2012-02-13,23.04,16.06,19.45,8.21,52.09,3.45,4.16,14.82,0.0,0.1,0.16,0.16
2012-02-14,25.14,17.32,20.75,7.06,43.88,2.98,3.74,18.25,0.0,0.1,0.16,0.16
2012-02-15,24.24,17.27,20.25,10.48,55.46,1.77,2.11,18.22,0.0,0.09,0.16,0.16
2012-02-16,26.38,16.69,21.83,8.18,45.17,2.5,3.13,15.92,0.0,0.09,0.16,0.16
2012-02-17,28.91,19.62,24.05,10.89,45.26,6.42,7.94,15.09,0.0,0.09,0.16,0.16
2012-02-18,30.31,20.51,24.65,14.44,55.44,5.26,6.47,15.74,0.0,0.09,0.15,0.16
2012-02-19,28.39,20.78,23.43,17.6,71.65,4.4,5.29,17.14,0.0,0.09,0.15,0.16
2012-02-20,23.42,18.19,20.38,10.27,55.07,6.89,8.27,19.08,0.0,0.09,0.15,0.16
2012-02-21,21.44,16.51,18.61,7.56,49.91,7.15,8.57,19.59,0.0,0.09,0.15,0.16
2012-02-22,22.27,16.01,18.93,7.6,49.91,2.07,2.46,16.72,0.0,0.09,0.15,0.16
2012-02-23,22.53,16.71,19.49,7.76,47.48,1.55,1.83,18.43,0.0,0.09,0.15,0.16
2012-02-24,22.54,17.08,19.39,8.7,51.13,1.68,1.93,19.59,0.0,0.09,0.15,0.16
2012-02-25,26.47,16.63,21.5,10.15,52.5,3.66,4.47,17.75,0.02,0.09,0.15,0.16
2012-02-26,23.88,16.9,20.46,14.74,70.23,7.89,9.51,11.28,0.18,0.1,0.15,0.16
2012-02-27,22.85,16.05,19.0,11.74,64.55,2.72,3.34,20.37,0.0,0.1,0.15,0.16
2012-02-28,24.57,16.83,19.67,12.34,65.35,2.29,2.7,20.72,0.0,0.1,0.15,0.16
2012-02-29,23.68,16.1,19.67,12.05,65.34,3.39,4.07,21.13,0.0,0.1,0.15,0.16
2012-03-01,29.14,18.01,23.72,6.72,36.57,1.85,2.35,19.3,0.0,0.09,0.15,0.16
2012-03-02,27.48,19.52,22.96,9.98,49.29,2.81,3.47,18.5,0.0,0.09,0.15,0.16
2012-03-03,27.13,18.94,21.82,11.27,55.16,4.67,5.57,17.56,0.0,0.09,0.15,0.16
2012-03-04,20.34,16.78,18.32,7.51,50.34,8.2,9.81,22.34,0.0,0.09,0.15,0.16
2012-03-05,20.96,15.91,18.54,8.56,53.69,7.49,9.0,23.51,0.0,0.09,0.15,0.15
2012-03-06,21.52,16.6,18.73,8.92,54.47,5.98,7.15,23.43,0.0,0.09,0.15,0.15
2012-03-07,24.5,16.25,19.72,11.98,63.71,2.27,2.79,22.73,0.0,0.09,0.15,0.15
2012-03-08,25.84,15.15,19.87,11.98,66.19,2.67,3.21,23.14,0.0,0.09,0.15,0.15
2012-03-09,24.15,15.73,19.45,14.56,77.01,4.42,5.3,23.0,0.0,0.08,0.15,0.15
2012-03-10,24.29,17.9,20.61,12.53,63.09,7.78,9.43,23.5,0.0,0.09,0.15,0.15
2012-03-11,23.42,18.22,20.47,11.35,57.31,8.06,9.72,22.78,0.0,0.08,0.15,0.15
2012-03-12,26.62,18.06,21.76,10.36,50.63,3.43,4.2,22.09,0.0,0.08,0.15,0.15
2012-03-13,28.98,17.95,22.98,12.48,56.43,2.33,2.87,21.71,0.0,0.08,0.15,0.15
2012-03-14,29.45,20.39,24.36,10.56,45.74,2.34,2.96,22.45,0.0,0.08,0.15,0.15
2012-03-15,30.43,22.04,25.71,6.24,31.57,2.35,2.9,23.58,0.0,0.08,0.15,0.15
2012-03-16,31.78,20.85,25.28,9.26,42.43,3.97,4.95,22.82,0.0,0.08,0.15,0.15
2012-03-17,30.73,18.97,23.83,14.15,62.53,3.34,4.07,23.11,0.0,0.08,0.15,0.15
2012-03-18,25.23,18.47,21.11,12.75,61.99,6.19,7.46,21.56,0.0,0.08,0.15,0.15
2012-03-19,25.12,17.33,21.28,8.13,44.82,4.11,4.96,15.88,0.0,0.08,0.15,0.15
2012-03-20,25.64,17.76,21.62,3.59,33.38,4.17,5.18,19.06,0.0,0.08,0.15,0.15
2012-03-21,27.49,17.79,22.56,8.36,42.07,2.02,2.58,18.57,0.0,0.07,0.15,0.15
2012-03-22,26.72,19.4,22.81,12.54,54.93,2.19,2.7,18.12,0.0,0.07,0.15,0.15
2012-03-23,29.0,19.67,24.22,11.25,49.5,1.46,1.9,16.47,0.0,0.08,0.15,0.15
2012-03-24,29.83,21.74,25.54,11.27,43.85,1.99,2.62,16.62,0.04,0.08,0.15,0.15
2012-03-25,29.5,22.17,25.1,12.03,46.24,2.77,3.42,20.59,0.03,0.08,0.15,0.15
2012-03-26,23.24,21.01,22.34,13.9,59.8,3.21,3.92,11.75,1.28,0.12,0.15,0.15
2012-03-27,29.75,20.26,25.18,14.64,54.79,2.76,3.47,21.93,0.02,0.12,0.15,0.15
2012-03-28,32.66,23.28,28.13,12.3,40.47,4.37,5.45,21.13,0.01,0.11,0.15,0.15
2012-03-29,33.6,25.62,29.24,12.08,37.83,3.94,5.04,21.96,0.0,0.1,0.15,0.15
2012-03-30,33.77,24.26,28.57,10.69,35.84,3.52,4.53,22.85,0.0,0.09,0.15,0.15
2012-03-31,28.98,21.8,25.32,15.77,58.4,4.27,5.1,18.67,0.11,0.09,0.15,0.15
2012-04-01,28.89,21.16,23.87,12.61,53.55,2.68,3.18,14.42,0.0,0.09,0.15,0.15
2012-04-02,26.09,21.71,24.22,14.6,56.71,2.28,2.77,14.78,0.0,0.09,0.15,0.15
2012-04-03,31.16,23.04,26.48,14.39,49.49,2.87,3.69,15.38,0.0,0.09,0.15,0.15
2012-04-04,33.98,25.1,28.88,11.67,36.8,2.35,3.1,23.58,0.0,0.09,0.15,0.15
2012-04-05,33.17,25.45,28.93,11.99,37.63,2.3,3.01,23.46,0.0,0.08,0.15,0.15
2012-04-06,32.01,24.92,27.73,14.07,46.2,1.9,2.31,18.89,0.0,0.08,0.15,0.15
2012-04-07,31.86,24.11,27.42,14.87,49.99,3.1,3.71,23.62,0.0,0.08,0.15,0.15
2012-04-08,30.09,23.0,26.23,16.06,57.96,3.6,4.27,17.37,0.0,0.08,0.15,0.15
2012-04-09,30.88,23.64,26.99,12.65,44.23,2.58,3.09,24.87,0.0,0.08,0.15,0.15
2012-04-10,31.16,24.28,27.91,10.52,36.66,1.92,2.3,16.14,0.0,0.08,0.15,0.15
2012-04-11,33.19,24.45,27.8,16.92,56.2,3.06,3.72,24.17,0.01,0.08,0.15,0.15
2012-04-12,32.63,24.18,27.28,16.77,56.49,3.42,4.02,21.62,0.31,0.08,0.15,0.15
2012-04-13,29.24,22.7,25.79,17.96,64.53,4.85,5.72,24.24,0.02,0.09,0.15,0.15
2012-04-14,28.33,21.91,24.9,17.17,64.75,3.36,3.94,18.72,0.14,0.1,0.15,0.15
2012-04-15,29.7,22.37,25.52,15.16,55.2,2.39,2.78,23.3,0.75,0.11,0.15,0.15
2012-04-16,30.08,22.02,25.7,13.18,49.36,3.08,3.64,23.68,0.0,0.12,0.15,0.15
2012-04-17,29.34,23.17,25.99,12.61,47.02,3.15,3.84,14.15,0.0,0.11,0.15,0.15
2012-04-18,30.18,21.31,25.74,15.28,55.03,5.13,6.09,24.02,0.41,0.12,0.15,0.15
2012-04-19,28.16,21.5,24.67,13.14,51.03,4.07,4.87,21.19,0.22,0.12,0.15,0.15
2012-04-20,30.14,20.54,24.99,14.13,52.97,2.55,3.02,23.18,0.0,0.11,0.15,0.15
2012-04-21,29.9,20.79,25.02,14.13,55.47,2.71,3.17,23.18,0.0,0.1,0.15,0.15
2012-04-22,29.59,21.77,25.4,16.07,60.74,3.68,4.38,22.4,0.0,0.1,0.15,0.15
2012-04-23,29.5,22.53,25.47,16.69,61.87,4.68,5.67,20.8,0.0,0.1,0.15,0.15
2012-04-24,31.99,23.51,27.22,15.27,51.81,3.77,4.56,19.96,0.0,0.1,0.15,0.15
2012-04-25,31.24,23.08,26.87,13.18,49.49,3.87,4.69,25.25,0.0,0.09,0.15,0.15
2012-04-26,31.6,21.6,26.37,16.6,61.06,3.06,3.75,26.95,0.0,0.09,0.15,0.15
2012-04-27,33.75,21.09,27.6,13.91,52.88,1.85,2.27,26.28,0.0,0.08,0.15,0.15
2012-04-28,34.94,23.48,28.77,14.43,48.23,1.99,2.4,25.8,0.0,0.08,0.15,0.15
2012-04-29,36.39,24.67,30.02,16.06,48.18,1.87,2.38,23.67,0.0,0.08,0.15,0.15
2012-04-30,36.51,26.81,31.52,12.83,36.65,1.42,1.9,23.82,0.0,0.07,0.15,0.15
2012-05-01,36.05,26.94,31.17,12.28,35.87,2.81,3.48,25.01,0.0,0.07,0.15,0.15
2012-05-02,36.07,26.1,30.6,15.25,44.0,3.2,3.86,25.93,0.0,0.07,0.15,0.15
2012-05-03,36.83,27.5,31.93,12.07,33.88,1.87,2.39,25.0,0.0,0.07,0.15,0.15
2012-05-04,35.6,27.62,31.4,13.53,36.76,2.68,3.24,25.78,0.0,0.07,0.15,0.15
2012-05-05,36.15,25.94,30.5,17.0,49.0,4.01,4.9,25.6,0.0,0.07,0.15,0.15
2012-05-06,37.96,26.53,31.35,17.38,48.75,3.32,4.06,25.4,0.0,0.07,0.15,0.15
2012-05-07,37.36,27.23,32.07,16.96,46.69,2.34,2.86,25.96,0.0,0.06,0.15,0.15
2012-05-08,40.16,28.37,33.9,12.92,31.53,2.05,2.73,25.0,0.02,0.06,0.15,0.15
2012-05-09,40.43,28.72,33.85,18.16,43.63,2.48,3.19,24.12,0.06,0.06,0.15,0.15
2012-05-10,38.0,29.26,33.84,14.49,33.42,2.21,2.86,25.93,0.0,0.06,0.15,0.15
2012-05-11,36.83,28.71,32.6,15.04,38.27,2.3,2.87,25.63,0.0,0.06,0.15,0.15
2012-05-12,36.69,28.3,32.33,15.04,38.98,2.08,2.61,26.38,0.0,0.06,0.15,0.15
2012-05-13,39.9,28.0,32.97,15.66,40.47,1.74,2.23,25.92,0.0,0.06,0.15,0.15
2012-05-14,38.61,29.02,33.54,16.53,38.73,2.89,3.75,26.01,0.02,0.06,0.15,0.15
2012-05-15,37.89,30.68,33.77,15.95,36.35,3.15,4.02,25.63,0.0,0.06,0.15,0.15
2012-05-16,36.55,28.73,32.34,17.3,44.2,4.31,5.25,24.97,0.0,0.06,0.15,0.15
2012-05-17,37.08,27.96,31.77,19.53,54.88,3.85,4.63,27.33,0.0,0.06,0.15,0.15
2012-05-18,37.49,26.88,32.17,20.21,56.71,2.3,2.84,24.64,0.0,0.06,0.15,0.15
2012-05-19,39.04,29.98,34.91,12.86,30.2,2.1,2.77,23.18,0.0,0.06,0.15,0.15
2012-05-20,39.42,29.2,34.02,13.54,33.62,2.56,3.15,26.9,0.0,0.06,0.15,0.15
2012-05-21,40.73,27.66,33.62,18.89,48.85,1.8,2.19,26.12,0.0,0.06,0.15,0.15
2012-05-22,40.62,28.48,33.8,18.62,47.47,2.1,2.54,26.53,0.0,0.05,0.15,0.15
2012-05-23,36.03,27.92,31.46,21.11,57.84,5.57,6.67,22.99,0.0,0.05,0.15,0.15
2012-05-24,33.42,27.19,29.9,19.23,55.17,7.28,8.69,24.35,0.0,0.05,0.15,0.15
2012-05-25,34.88,25.93,30.15,20.01,58.97,4.2,4.98,23.3,0.0,0.05,0.15,0.15
2012-05-26,38.52,26.49,32.12,15.59,43.9,1.95,2.33,23.0,0.0,0.05,0.15,0.15
2012-05-27,39.14,28.16,32.9,14.65,38.76,2.22,2.68,24.46,0.0,0.05,0.15,0.15
2012-05-28,36.35,27.01,31.52,18.15,49.37,4.31,5.2,24.7,0.0,0.05,0.15,0.15
2012-05-29,37.39,27.15,31.73,21.9,61.23,3.98,4.71,26.79,0.0,0.05,0.15,0.15
2012-05-30,37.43,27.14,31.79,21.29,59.62,3.67,4.32,27.49,0.0,0.05,0.15,0.15
2012-05-31,39.07,26.76,32.74,19.0,50.96,2.31,2.71,27.41,0.0,0.05,0.15,0.15
2012-06-01,39.26,28.47,33.31,19.75,52.45,2.96,3.46,27.11,0.0,0.05,0.15,0.15
2012-06-02,38.04,27.92,32.38,22.32,61.92,3.7,4.37,27.05,0.0,0.05,0.15,0.15
2012-06-03,37.65,27.02,31.57,22.92,64.96,4.08,4.75,26.86,0.0,0.05,0.15,0.15
2012-06-04,36.4,26.36,30.74,22.97,67.4,3.19,3.69,26.35,0.0,0.05,0.15,0.15
2012-06-05,38.64,26.37,31.95,20.99,58.1,1.59,1.9,26.26,0.0,0.05,0.15,0.15
2012-06-06,40.31,27.77,33.58,17.63,44.97,1.66,2.01,26.42,0.0,0.05,0.15,0.15
2012-06-07,40.74,29.17,34.67,17.23,40.66,1.62,1.96,28.0,0.0,0.05,0.15,0.15
2012-06-08,41.87,29.75,35.02,17.89,40.67,2.74,3.37,27.37,0.0,0.05,0.15,0.15
2012-06-09,38.66,29.17,33.5,18.52,46.5,3.01,3.52,27.96,0.0,0.05,0.15,0.15
2012-06-10,38.09,27.8,32.06,21.59,61.81,3.99,4.68,28.37,0.0,0.05,0.15,0.15
2012-06-11,40.21,26.83,32.77,20.26,56.39,2.74,3.22,27.71,0.0,0.05,0.15,0.15
2012-06-12,40.92,28.22,33.98,19.3,49.38,1.62,1.89,27.97,0.0,0.05,0.15,0.15
2012-06-13,40.06,30.05,35.14,17.89,41.53,1.57,1.93,27.84,0.0,0.05,0.15,0.15
2012-06-14,41.25,30.38,35.81,15.91,36.5,3.19,3.98,25.55,0.0,0.05,0.15,0.15
2012-06-15,41.83,32.32,36.91,13.57,28.67,2.27,2.86,25.3,0.0,0.04,0.15,0.15
2012-06-16,40.12,30.92,35.25,16.39,38.31,2.73,3.18,26.24,0.0,0.04,0.15,0.15
2012-06-17,39.66,29.42,34.27,22.13,57.0,2.81,3.28,27.22,0.0,0.04,0.15,0.15
2012-06-18,39.26,28.83,33.93,19.52,49.97,3.35,3.96,28.5,0.0,0.04,0.15,0.15
2012-06-19,40.93,29.75,35.03,18.13,43.3,3.38,4.1,27.67,0.0,0.04,0.15,0.15
2012-06-20,39.68,29.66,34.36,20.45,50.64,3.48,4.16,24.52,0.0,0.04,0.14,0.15
2012-06-21,40.02,28.73,34.66,19.02,45.4,1.88,2.44,23.75,0.0,0.04,0.14,0.15
2012-06-22,42.85,31.01,36.38,17.77,36.77,2.33,2.86,25.0,0.0,0.04,0.14,0.15
2012-06-23,38.69,30.17,34.5,20.0,47.31,2.72,3.22,25.2,0.0,0.04,0.14,0.15
2012-06-24,42.36,28.92,34.56,22.11,57.02,2.51,2.91,25.96,0.0,0.04,0.14,0.15
2012-06-25,39.61,29.95,34.42,22.94,56.29,2.79,3.19,26.71,0.0,0.04,0.14,0.15
2012-06-26,37.64,29.69,33.3,22.21,57.32,3.72,4.27,27.21,0.0,0.04,0.14,0.15
2012-06-27,37.24,27.79,32.43,21.31,57.51,4.22,4.95,28.29,0.0,0.04,0.14,0.15
2012-06-28,38.54,29.07,33.77,18.41,44.35,2.73,3.22,27.95,4.99,0.15,0.15,0.15
2012-06-29,39.49,30.11,34.6,15.92,35.9,2.02,2.44,27.39,0.0,0.11,0.15,0.15
2012-06-30,38.36,29.95,34.41,18.24,40.78,1.75,2.06,26.63,0.0,0.09,0.15,0.15
2012-07-01,41.57,31.83,36.33,17.39,36.03,1.3,1.59,26.8,0.0,0.08,0.15,0.15
2012-07-02,42.26,31.07,36.23,19.09,41.67,2.15,2.55,26.8,0.0,0.08,0.15,0.15
2012-07-03,40.82,31.07,35.4,23.26,55.94,4.11,4.81,27.05,0.0,0.07,0.15,0.15
2012-07-04,42.22,31.41,35.96,24.61,59.62,2.87,3.41,26.45,0.0,0.07,0.15,0.15
2012-07-05,42.65,31.0,36.43,23.62,52.79,3.06,3.71,25.95,0.0,0.07,0.15,0.15
2012-07-06,41.19,31.82,36.15,25.1,55.56,2.98,3.5,25.07,0.0,0.07,0.15,0.15
2012-07-07,38.36,32.44,34.92,26.1,61.28,2.53,2.86,25.65,0.01,0.07,0.15,0.15
2012-07-08,40.92,31.95,35.47,25.67,58.92,2.08,2.36,24.89,0.0,0.07,0.15,0.15
2012-07-09,41.78,32.19,36.01,24.57,54.96,1.84,2.11,23.76,0.08,0.07,0.15,0.15
2012-07-10,40.04,32.56,35.64,26.14,60.31,2.15,2.47,24.27,0.0,0.07,0.15,0.15
2012-07-11,40.67,31.31,36.0,23.2,52.58,2.3,2.69,20.49,0.0,0.07,0.15,0.15
2012-07-12,41.77,32.7,36.68,23.26,49.31,2.66,3.17,23.23,0.0,0.07,0.15,0.15
2012-07-13,41.21,32.01,36.43,21.94,46.76,2.38,2.85,24.51,0.0,0.07,0.15,0.15
2012-07-14,40.52,31.91,35.9,21.21,46.01,2.27,2.69,24.72,0.0,0.07,0.15,0.15
2012-07-15,41.15,31.17,36.1,18.71,40.63,2.12,2.59,24.7,0.0,0.07,0.15,0.15
2012-07-16,42.06,31.49,36.42,20.47,44.01,1.87,2.34,25.21,0.0,0.06,0.15,0.15
2012-07-17,42.57,31.09,36.64,22.13,48.33,3.44,4.15,25.41,0.0,0.06,0.15,0.15
2012-07-18,41.39,32.83,37.02,20.93,41.39,3.22,3.87,25.52,0.0,0.06,0.15,0.15
2012-07-19,41.23,31.37,36.59,20.62,42.04,3.46,4.15,24.87,0.0,0.06,0.15,0.15
2012-07-20,41.29,29.95,35.75,22.02,50.98,1.44,1.72,25.43,0.0,0.06,0.15,0.15
2012-07-21,45.54,33.33,38.97,18.44,34.26,1.5,1.94,25.66,0.0,0.06,0.15,0.15
2012-07-22,45.38,34.7,40.02,15.74,26.87,1.55,2.01,25.68,0.0,0.06,0.15,0.15
2012-07-23,40.13,32.34,36.44,22.55,48.44,3.03,3.48,25.92,0.0,0.05,0.15,0.15
2012-07-24,43.3,31.96,37.7,18.32,36.56,1.97,2.48,25.31,0.0,0.05,0.15,0.15
2012-07-25,44.5,33.66,39.0,14.55,26.4,3.28,4.16,25.57,0.0,0.05,0.15,0.15
2012-07-26,43.72,34.21,38.88,13.95,25.3,2.6,3.32,24.71,0.0,0.05,0.15,0.15
2012-07-27,44.2,32.96,38.68,14.39,27.15,2.49,3.16,25.67,0.0,0.05,0.15,0.15
2012-07-28,42.55,34.07,37.93,16.77,30.89,1.9,2.34,24.77,0.0,0.05,0.15,0.15
2012-07-29,43.52,33.86,37.87,18.95,36.82,1.88,2.22,25.77,0.0,0.05,0.15,0.15
2012-07-30,41.93,33.18,36.92,21.04,42.74,2.91,3.44,26.01,0.0,0.05,0.15,0.15
2012-07-31,41.3,32.5,36.33,21.07,45.28,2.58,3.02,24.06,0.0,0.05,0.15,0.15
2012-08-01,42.09,33.42,37.65,16.96,32.2,1.8,2.19,24.98,0.0,0.05,0.15,0.15
2012-08-02,41.97,33.75,38.09,18.41,33.47,2.56,3.07,24.55,0.0,0.05,0.15,0.15
2012-08-03,42.57,34.44,38.12,19.87,36.7,1.97,2.32,24.42,0.0,0.05,0.15,0.15
2012-08-04,42.99,33.84,38.2,19.99,38.15,2.38,2.97,22.04,0.66,0.07,0.15,0.15
2012-08-05,41.8,33.3,37.49,18.27,35.34,5.81,7.01,22.98,0.0,0.07,0.15,0.15
2012-08-06,40.87,31.08,35.59,23.13,51.53,6.0,7.16,20.61,0.01,0.06,0.15,0.15
2012-08-07,38.91,31.0,34.56,24.86,59.35,3.99,4.71,21.8,0.28,0.07,0.15,0.15
2012-08-08,41.05,31.23,35.51,22.76,50.52,2.83,3.32,22.78,0.03,0.08,0.15,0.15
2012-08-09,38.34,31.45,34.66,22.56,52.16,3.01,3.51,23.93,0.01,0.08,0.15,0.15
2012-08-10,39.78,30.8,35.34,19.64,43.74,1.88,2.18,24.65,0.0,0.07,0.15,0.15
2012-08-11,42.02,31.8,36.66,19.1,39.04,1.64,2.01,24.5,0.0,0.07,0.15,0.15
2012-08-12,42.42,31.16,36.07,22.39,49.43,4.12,4.94,23.0,0.01,0.07,0.15,0.15
2012-08-13,42.52,30.82,35.83,23.24,51.68,3.27,3.81,23.16,0.01,0.06,0.15,0.15
2012-08-14,39.65,31.89,35.73,21.72,47.23,1.76,2.06,23.45,0.51,0.07,0.15,0.15
2012-08-15,40.7,30.91,35.67,22.41,49.37,2.08,2.44,24.62,0.5,0.1,0.15,0.15
2012-08-16,40.72,31.25,35.55,23.19,51.58,3.69,4.3,24.07,0.71,0.11,0.15,0.15
2012-08-17,41.09,31.2,35.47,23.3,52.28,3.76,4.4,23.61,0.8,0.13,0.15,0.15
2012-08-18,40.48,31.4,35.61,22.69,50.25,3.78,4.4,23.9,0.1,0.12,0.15,0.15
2012-08-19,40.55,31.08,35.37,22.65,52.1,3.14,3.67,24.23,0.0,0.11,0.15,0.15
2012-08-20,39.31,30.34,34.88,23.95,56.7,1.87,2.18,24.55,0.0,0.1,0.15,0.15
2012-08-21,41.83,31.52,36.23,22.65,49.12,3.48,4.16,23.88,0.0,0.09,0.15,0.15
2012-08-22,41.62,30.12,35.97,21.6,47.23,2.83,3.32,24.05,0.0,0.09,0.15,0.15
2012-08-23,40.65,30.66,34.95,23.2,53.45,5.1,6.02,23.79,0.0,0.08,0.15,0.15
2012-08-24,37.89,29.54,33.14,23.64,59.58,6.03,7.06,22.24,0.0,0.08,0.15,0.15
2012-08-25,39.23,28.77,34.03,22.18,53.45,2.83,3.28,23.12,0.0,0.08,0.15,0.15
2012-08-26,39.66,31.33,34.89,21.98,49.11,2.69,3.11,23.17,0.0,0.08,0.15,0.15
2012-08-27,38.16,31.97,34.58,22.98,52.72,2.37,2.71,22.93,0.0,0.08,0.15,0.15
2012-08-28,39.47,32.03,35.43,22.14,47.69,1.74,2.06,22.68,0.0,0.07,0.15,0.15
2012-08-29,40.3,30.64,35.12,22.23,49.52,3.36,3.93,23.94,0.0,0.07,0.15,0.15
2012-08-30,41.25,30.27,35.12,22.26,51.05,2.87,3.32,23.08,0.0,0.07,0.15,0.15
2012-08-31,40.19,31.36,35.61,21.87,49.5,2.12,2.51,22.72,0.0,0.07,0.15,0.15
2012-09-01,38.83,32.17,35.22,20.58,44.82,1.45,1.66,24.01,0.0,0.07,0.15,0.15
2012-09-02,41.83,30.39,35.05,22.69,53.12,2.6,3.04,23.09,0.0,0.07,0.15,0.15
2012-09-03,40.38,31.55,35.23,23.76,54.0,1.92,2.19,22.73,0.0,0.07,0.15,0.15
2012-09-04,40.86,32.76,36.03,23.31,50.75,2.0,2.3,22.42,0.0,0.07,0.15,0.15
2012-09-05,41.43,33.12,36.33,21.67,46.73,2.64,3.09,22.52,0.0,0.06,0.15,0.15
2012-09-06,40.06,31.95,35.24,21.35,47.64,2.03,2.35,22.67,0.0,0.06,0.15,0.15
2012-09-07,38.62,30.92,34.25,20.94,50.52,2.29,2.67,23.26,0.0,0.06,0.15,0.15
2012-09-08,39.34,30.57,34.74,15.97,36.62,1.75,2.03,22.91,0.0,0.06,0.15,0.15
2012-09-09,40.41,31.57,35.15,17.5,38.88,2.23,2.65,23.92,0.0,0.06,0.15,0.15
2012-09-10,40.92,30.56,36.16,17.38,38.01,1.59,2.08,17.97,0.0,0.06,0.15,0.15
2012-09-11,41.82,32.55,36.43,17.71,34.96,1.56,2.01,21.08,0.0,0.06,0.15,0.15
2012-09-12,41.23,30.94,35.4,21.52,47.69,2.11,2.51,22.16,0.0,0.06,0.15,0.15
2012-09-13,39.89,31.66,35.0,21.77,49.83,1.98,2.27,22.08,0.0,0.06,0.15,0.15
2012-09-14,37.97,30.92,33.89,23.82,58.89,3.31,3.85,21.87,0.0,0.06,0.15,0.15
2012-09-15,38.26,30.3,33.73,23.44,57.58,2.44,2.82,22.15,0.01,0.06,0.15,0.15
2012-09-16,40.26,31.64,35.09,21.51,49.06,1.73,2.04,22.07,0.02,0.06,0.15,0.15
2012-09-17,40.86,31.32,35.46,19.82,44.78,2.54,3.05,22.16,0.0,0.06,0.15,0.15
2012-09-18,39.96,29.77,34.44,19.47,45.76,3.08,3.64,19.76,0.0,0.05,0.15,0.15
2012-09-19,38.35,30.77,34.21,19.37,43.71,2.07,2.45,20.42,0.0,0.05,0.15,0.15
2012-09-20,39.05,29.52,34.06,20.13,46.63,1.93,2.29,20.36,0.0,0.05,0.15,0.15
2012-09-21,39.02,30.19,33.93,20.91,49.7,2.18,2.59,21.14,0.0,0.05,0.15,0.15
2012-09-22,39.01,29.31,33.63,20.76,51.56,2.08,2.46,21.74,0.0,0.05,0.15,0.15
2012-09-23,39.33,29.89,33.76,19.39,48.69,1.85,2.12,22.07,0.19,0.06,0.15,0.15
2012-09-24,38.34,29.08,33.33,17.52,43.67,2.9,3.44,21.55,0.0,0.06,0.15,0.15
2012-09-25,36.46,29.18,32.61,21.97,55.93,3.75,4.5,20.95,4.7,0.17,0.15,0.15
2012-09-26,37.74,29.63,33.15,22.07,55.75,2.42,2.84,20.94,0.01,0.14,0.15,0.15
2012-09-27,38.45,30.08,33.85,18.82,43.88,1.4,1.7,20.1,0.55,0.13,0.15,0.15
2012-09-28,37.29,30.53,33.54,18.48,42.87,2.74,3.29,21.19,0.0,0.11,0.15,0.15
2012-09-29,36.97,29.09,32.8,18.59,46.9,2.54,2.99,21.54,0.0,0.11,0.15,0.15
2012-09-30,38.14,28.26,32.75,17.65,46.14,1.95,2.33,21.78,0.0,0.1,0.15,0.15
2012-10-01,37.89,29.28,33.18,19.05,46.26,2.66,3.24,19.7,0.0,0.09,0.15,0.15
2012-10-02,36.84,29.62,32.86,16.98,41.81,1.8,2.14,20.67,0.0,0.09,0.15,0.15
2012-10-03,37.71,28.69,32.99,16.08,40.24,1.71,2.05,21.46,0.0,0.08,0.15,0.15
2012-10-04,37.36,29.69,32.75,15.5,39.11,1.41,1.66,21.44,0.0,0.08,0.15,0.15
2012-10-05,35.76,27.66,31.45,17.99,50.98,1.32,1.56,21.64,0.0,0.08,0.15,0.15
2012-10-06,37.01,27.04,31.53,16.59,47.97,1.77,2.08,19.98,0.0,0.07,0.15,0.15
2012-10-07,38.04,27.49,31.92,18.56,52.34,2.22,2.63,20.64,0.0,0.07,0.15,0.15
2012-10-08,36.58,27.96,31.69,18.62,51.3,1.63,1.91,20.37,0.0,0.07,0.15,0.15
2012-10-09,36.45,27.95,31.64,19.64,53.85,1.93,2.26,21.01,0.0,0.07,0.15,0.15
2012-10-10,35.86,27.05,31.07,21.12,60.7,2.19,2.54,20.45,0.0,0.07,0.15,0.15
2012-10-11,35.65,27.76,31.13,21.31,61.1,2.98,3.55,19.06,0.0,0.07,0.15,0.15
2012-10-12,34.83,28.03,30.68,22.36,63.53,3.35,4.01,18.25,0.0,0.07,0.15,0.15
2012-10-13,34.18,27.45,30.25,22.27,64.42,3.58,4.31,19.1,0.0,0.07,0.15,0.15
2012-10-14,34.63,26.19,30.1,22.48,66.2,3.16,3.8,18.28,0.0,0.07,0.15,0.15
2012-10-15,34.0,27.57,30.36,20.26,56.27,3.03,3.61,19.26,0.0,0.07,0.15,0.15
2012-10-16,35.43,27.62,31.19,19.73,52.35,1.3,1.53,18.02,0.0,0.07,0.15,0.15
2012-10-17,34.88,26.91,30.46,19.69,55.57,2.02,2.36,17.94,0.06,0.07,0.15,0.15
2012-10-18,33.92,27.32,30.37,19.84,55.24,2.69,3.17,17.88,1.94,0.12,0.15,0.15
2012-10-19,33.96,26.69,29.92,18.6,53.3,2.64,3.15,17.8,0.3,0.14,0.15,0.15
2012-10-20,34.46,26.39,30.21,17.77,50.19,1.84,2.27,17.9,0.04,0.12,0.15,0.15
2012-10-21,35.21,26.63,30.73,14.89,41.11,1.98,2.5,18.36,0.0,0.11,0.15,0.15
2012-10-22,34.4,26.49,30.25,15.89,44.35,2.09,2.58,17.86,0.0,0.1,0.15,0.15
2012-10-23,34.73,26.73,30.38,15.3,42.74,1.82,2.23,17.23,0.0,0.1,0.15,0.15
2012-10-24,34.03,26.5,30.04,16.17,46.1,1.68,1.98,16.7,0.0,0.09,0.15,0.15
2012-10-25,33.14,27.37,29.7,19.99,58.67,2.54,3.04,17.07,0.0,0.09,0.15,0.15
2012-10-26,32.58,25.53,28.95,19.88,60.87,2.36,2.81,17.56,0.0,0.09,0.15,0.15
2012-10-27,33.95,25.34,29.32,18.81,56.84,1.64,1.93,17.57,0.0,0.09,0.15,0.15
2012-10-28,34.49,25.63,29.4,18.12,54.23,2.21,2.69,16.17,0.16,0.09,0.15,0.15
2012-10-29,33.13,25.13,28.98,17.87,54.12,2.22,2.6,16.66,0.61,0.11,0.15,0.15
2012-10-30,30.67,26.79,28.33,19.01,57.54,3.49,4.14,17.29,0.31,0.12,0.15,0.15
2012-10-31,29.72,25.74,27.69,15.88,49.21,3.28,3.94,17.29,0.1,0.13,0.15,0.15
2012-11-01,31.74,25.31,28.32,15.38,45.78,2.08,2.44,17.18,0.23,0.13,0.15,0.15
2012-11-02,32.83,25.2,28.84,15.39,45.36,1.84,2.28,16.32,0.0,0.12,0.15,0.15
2012-11-03,32.8,25.22,28.87,15.04,45.42,1.72,2.12,17.54,0.0,0.11,0.15,0.15
2012-11-04,32.41,27.0,29.01,17.57,51.56,2.5,2.97,17.87,0.0,0.1,0.15,0.15
2012-11-05,31.47,26.18,28.31,18.19,55.48,2.94,3.54,16.82,0.0,0.1,0.15,0.15
2012-11-06,31.05,25.22,27.78,18.56,58.59,2.52,3.03,17.08,0.0,0.1,0.15,0.15
2012-11-07,30.62,24.72,27.71,19.88,63.46,2.56,3.06,16.21,0.0,0.1,0.15,0.15
2012-11-08,29.72,25.56,27.5,20.1,64.7,2.98,3.66,15.35,0.0,0.1,0.15,0.15
2012-11-09,31.27,24.35,27.72,18.29,57.93,1.83,2.21,15.7,0.0,0.1,0.15,0.15
2012-11-10,31.59,25.25,28.12,18.3,57.02,1.44,1.69,16.13,0.0,0.1,0.15,0.15
2012-11-11,32.02,26.31,28.37,17.66,54.21,1.65,1.96,15.9,0.0,0.1,0.15,0.15
2012-11-12,32.12,25.17,28.03,17.52,55.1,1.46,1.71,16.34,0.0,0.1,0.15,0.15
2012-11-13,33.79,24.24,28.7,17.67,54.67,1.61,1.97,15.64,0.01,0.09,0.15,0.15
2012-11-14,32.78,24.19,28.3,14.52,47.52,3.02,3.75,15.9,0.01,0.09,0.15,0.15
2012-11-15,32.88,24.82,28.37,17.21,54.4,3.17,3.84,15.61,0.0,0.09,0.15,0.15
2012-11-16,30.65,25.19,27.42,18.62,59.84,2.97,3.51,15.8,0.0,0.09,0.15,0.15
2012-11-17,28.59,24.14,25.86,16.76,57.82,3.89,4.72,16.14,0.0,0.09,0.15,0.15
2012-11-18,30.06,22.69,26.03,13.85,48.25,1.45,1.74,16.19,0.0,0.09,0.15,0.15
2012-11-19,30.49,22.69,26.29,16.5,56.64,3.13,3.73,15.26,0.18,0.09,0.15,0.15
2012-11-20,29.35,23.12,26.1,15.46,54.83,1.99,2.39,11.79,4.35,0.17,0.16,0.16
2012-11-21,27.81,23.06,25.16,17.97,65.12,1.9,2.31,9.55,2.59,0.22,0.16,0.16
2012-11-22,26.86,23.05,24.79,16.92,62.0,2.19,2.66,13.83,0.8,0.21,0.16,0.16
2012-11-23,28.37,23.38,25.5,15.44,54.61,2.35,2.78,13.82,0.0,0.18,0.16,0.16
2012-11-24,29.73,23.0,25.73,15.84,55.35,3.04,3.66,12.24,0.04,0.17,0.16,0.16
2012-11-25,29.34,23.63,25.96,16.14,55.96,1.16,1.4,14.49,0.04,0.16,0.16,0.16
2012-11-26,31.18,22.65,26.58,16.0,54.83,1.93,2.4,14.96,0.01,0.16,0.16,0.16
2012-11-27,29.11,23.74,26.04,16.92,58.28,4.39,5.33,10.71,1.32,0.17,0.16,0.16
2012-11-28,26.16,21.55,24.12,14.62,55.73,4.55,5.49,14.97,0.31,0.19,0.16,0.16
2012-11-29,26.49,20.98,23.55,11.78,48.33,2.31,2.75,14.14,0.07,0.17,0.16,0.16
2012-11-30,23.11,20.86,21.87,14.5,63.8,1.3,1.55,5.81,6.87,0.24,0.17,0.17
2012-12-01,24.61,19.2,21.99,14.61,64.3,1.47,1.83,14.73,0.59,0.23,0.18,0.18
2012-12-02,26.49,21.02,23.34,11.42,48.1,2.04,2.47,14.64,0.0,0.2,0.17,0.17
2012-12-03,26.09,21.74,23.6,12.98,51.81,1.35,1.59,14.34,0.25,0.18,0.17,0.17
2012-12-04,25.79,21.92,23.7,14.93,58.44,1.64,1.97,13.43,4.07,0.24,0.18,0.18
2012-12-05,26.46,21.2,23.67,16.81,66.69,2.02,2.48,12.37,1.72,0.25,0.18,0.18
2012-12-06,28.33,21.94,24.48,18.13,69.31,2.64,3.21,9.0,1.46,0.23,0.18,0.18
2012-12-07,26.84,21.42,23.84,17.13,67.3,1.71,2.08,13.28,0.24,0.22,0.18,0.19
2012-12-08,26.67,21.47,23.45,16.09,64.06,2.08,2.5,13.7,0.0,0.2,0.18,0.18
2012-12-09,27.03,21.91,24.06,16.52,63.38,3.71,4.63,13.38,0.0,0.19,0.18,0.18
2012-12-10,26.37,21.44,23.37,14.33,58.53,2.99,3.74,14.51,0.0,0.18,0.18,0.18
2012-12-11,27.74,20.13,23.78,15.23,59.61,1.63,1.9,12.74,0.0,0.18,0.18,0.18
2012-12-12,27.24,21.6,23.66,15.67,61.59,6.2,7.55,11.01,0.09,0.18,0.18,0.18
2012-12-13,25.28,20.39,22.52,13.86,58.44,3.67,4.52,13.59,0.0,0.18,0.18,0.18
2012-12-14,24.19,20.01,21.77,15.4,67.49,3.87,4.73,9.94,0.55,0.18,0.18,0.18
2012-12-15,24.37,19.87,21.84,15.79,69.1,4.27,5.17,11.08,0.22,0.2,0.18,0.18
2012-12-16,24.68,19.48,21.59,14.13,63.97,2.57,3.11,10.61,1.93,0.21,0.18,0.18
2012-12-17,21.6,17.53,19.64,13.78,69.52,4.16,4.89,11.23,7.49,0.3,0.2,0.2
2012-12-18,24.23,19.63,21.36,12.49,57.87,2.19,2.6,14.57,0.0,0.23,0.2,0.2
2012-12-19,24.39,19.18,21.33,13.59,62.47,2.63,3.26,13.32,0.01,0.21,0.19,0.2
2012-12-20,25.41,17.89,21.5,13.44,62.1,2.29,2.81,12.97,0.0,0.21,0.19,0.2
2012-12-21,27.1,19.06,22.63,12.39,54.07,1.77,2.21,13.66,0.0,0.2,0.19,0.2
2012-12-22,28.34,19.59,23.15,13.37,56.33,1.7,2.14,14.3,0.0,0.19,0.19,0.2
2012-12-23,27.35,21.5,23.47,17.87,73.02,2.43,2.99,12.7,0.0,0.19,0.19,0.19
2012-12-24,27.53,21.12,23.55,18.1,74.12,2.35,3.0,13.5,0.0,0.19,0.19,0.19
2012-12-25,28.08,20.43,23.57,15.85,64.37,1.37,1.74,14.17,0.0,0.19,0.19,0.19
2012-12-26,28.22,19.9,23.35,16.97,70.71,3.71,4.56,13.88,0.0,0.19,0.19,0.19
2012-12-27,24.18,19.55,22.27,15.44,66.13,4.58,5.46,12.67,0.02,0.19,0.19,0.19
2012-12-28,21.43,16.47,18.71,7.41,49.04,5.51,6.6,13.5,0.0,0.18,0.19,0.19
2012-12-29,22.38,15.64,18.67,7.51,49.63,2.75,3.41,15.13,0.0,0.18,0.19,0.19
2012-12-30,22.74,14.77,18.55,6.52,47.3,2.14,2.62,15.46,0.0,0.18,0.18,0.19
2012-12-31,22.81,17.29,19.82,11.64,59.7,2.62,3.14,13.26,0.0,0.18,0.18,0.19
2013-01-01,24.79,16.83,20.61,8.89,49.7,3.22,3.89,15.61,0.0,0.18,0.18,0.19
2013-01-02,24.08,17.74,20.3,6.85,43.07,1.86,2.35,15.67,0.0,0.17,0.18,0.19
2013-01-03,24.15,18.81,21.16,14.42,65.98,2.02,2.47,14.63,0.0,0.17,0.18,0.19
2013-01-04,23.94,19.64,21.27,16.02,72.55,2.13,2.59,14.31,0.01,0.17,0.18,0.19
2013-01-05,23.41,18.49,20.53,15.07,71.85,3.63,4.48,14.38,0.5,0.18,0.18,0.19
2013-01-06,25.38,18.22,21.35,12.57,59.99,2.16,2.7,15.02,0.0,0.18,0.18,0.19
2013-01-07,27.83,18.52,22.88,9.75,45.85,2.95,3.73,14.81,0.0,0.17,0.18,0.19
2013-01-08,24.97,19.76,22.1,12.91,57.42,4.9,5.93,11.31,0.01,0.16,0.18,0.19
2013-01-09,26.26,18.81,22.48,14.52,62.37,2.82,3.47,12.32,0.0,0.16,0.18,0.18
2013-01-10,27.22,20.2,23.22,15.7,64.68,4.26,5.26,12.97,0.02,0.16,0.18,0.18
2013-01-11,21.48,17.89,20.19,11.37,58.31,7.34,8.84,8.4,0.16,0.16,0.18,0.18
2013-01-12,22.17,16.27,19.12,6.54,44.64,2.08,2.63,14.93,0.08,0.16,0.18,0.18
2013-01-13,21.87,17.39,19.16,7.36,47.6,2.68,3.19,14.18,0.0,0.16,0.18,0.18
2013-01-14,21.52,17.82,19.39,10.54,57.26,7.35,8.89,15.38,0.0,0.15,0.18,0.18
2013-01-15,21.2,17.82,19.23,10.59,57.7,8.1,9.77,13.98,0.0,0.15,0.18,0.18
2013-01-16,20.33,16.51,18.45,7.57,50.16,5.92,7.2,15.07,0.0,0.14,0.18,0.18
2013-01-17,20.5,13.85,16.94,1.55,37.49,4.11,5.0,16.86,0.0,0.14,0.18,0.18
2013-01-18,20.7,12.97,16.94,6.17,50.71,2.02,2.43,16.41,0.0,0.14,0.18,0.18
2013-01-19,21.05,15.92,17.88,11.56,67.67,2.99,3.63,15.25,0.0,0.14,0.18,0.18
2013-01-20,22.15,15.63,18.21,10.91,64.08,2.04,2.46,15.81,0.0,0.14,0.18,0.18
2013-01-21,22.54,16.0,18.96,12.84,68.62,2.14,2.54,15.62,0.0,0.14,0.18,0.18
2013-01-22,24.18,17.15,20.09,15.18,76.07,3.17,3.89,15.81,0.0,0.14,0.18,0.18
2013-01-23,23.44,17.41,19.57,14.91,77.04,2.87,3.47,16.79,0.0,0.14,0.17,0.18
2013-01-24,22.83,15.47,19.11,13.08,70.68,2.01,2.42,17.14,0.0,0.14,0.17,0.18
2013-01-25,24.97,16.05,20.28,11.74,60.91,1.6,1.94,16.22,0.0,0.14,0.17,0.18
2013-01-26,25.3,17.92,21.28,13.3,63.24,1.6,2.03,16.17,0.0,0.13,0.17,0.18
2013-01-27,26.99,18.7,21.92,13.62,62.15,1.64,1.95,14.74,0.0,0.13,0.17,0.18
2013-01-28,26.52,18.52,21.9,15.02,68.0,1.29,1.56,15.79,0.0,0.13,0.17,0.18
2013-01-29,27.21,19.85,22.49,13.08,57.81,2.74,3.43,12.77,0.0,0.13,0.17,0.18
2013-01-30,25.41,18.59,21.5,14.01,64.78,3.43,4.19,13.71,0.0,0.13,0.17,0.18
2013-01-31,27.36,18.59,22.66,15.74,67.87,1.88,2.32,13.77,0.0,0.13,0.17,0.18
2013-02-01,25.92,20.24,23.0,16.39,67.13,4.01,4.84,8.85,2.18,0.15,0.17,0.18
2013-02-02,24.42,19.86,21.81,16.45,72.36,3.98,4.71,4.2,1.61,0.21,0.18,0.18
2013-02-03,22.78,19.1,20.57,11.34,56.01,8.65,10.47,17.84,0.03,0.21,0.18,0.18
2013-02-04,22.8,16.49,19.37,6.43,44.6,5.26,6.35,18.26,0.0,0.18,0.18,0.18
2013-02-05,23.01,17.12,19.48,9.34,53.25,2.03,2.45,18.38,0.0,0.16,0.18,0.18
2013-02-06,24.05,17.19,19.8,10.73,57.89,1.69,2.04,18.56,0.0,0.16,0.18,0.18
2013-02-07,24.65,16.81,20.16,9.71,53.27,1.7,2.1,19.14,0.0,0.15,0.18,0.18
2013-02-08,24.51,17.56,20.4,11.16,57.76,3.08,3.74,17.15,0.0,0.14,0.18,0.18
2013-02-09,24.08,17.09,20.02,13.07,67.25,2.47,2.92,18.88,0.0,0.14,0.17,0.18
2013-02-10,23.53,16.31,19.69,14.44,73.81,1.88,2.21,17.78,0.0,0.14,0.17,0.18
2013-02-11,27.31,17.61,21.83,13.88,64.72,1.56,1.91,17.27,0.0,0.14,0.17,0.18
2013-02-12,28.95,18.33,22.87,15.13,66.41,2.71,3.41,18.08,0.0,0.13,0.17,0.18
2013-02-13,27.77,18.87,22.64,14.81,65.45,2.66,3.3,17.55,0.0,0.13,0.17,0.18
2013-02-14,24.32,18.01,20.8,14.4,70.29,4.44,5.4,19.87,0.0,0.13,0.17,0.18
2013-02-15,26.05,16.16,21.05,10.85,55.53,2.79,3.43,18.65,0.0,0.13,0.17,0.18
2013-02-16,26.58,16.69,21.06,9.32,50.14,2.27,2.8,19.52,0.0,0.12,0.17,0.18
2013-02-17,23.82,17.95,20.52,13.54,66.44,3.44,4.17,18.27,0.0,0.12,0.17,0.18
2013-02-18,26.31,18.46,21.8,15.64,71.08,2.13,2.69,15.24,0.02,0.12,0.17,0.18
2013-02-19,27.46,18.92,22.3,13.17,60.17,2.02,2.43,18.55,0.0,0.12,0.17,0.18
2013-02-20,25.18,19.34,22.5,13.63,58.56,2.55,3.13,13.69,0.55,0.13,0.17,0.18
2013-02-21,25.68,18.8,21.64,13.18,61.56,4.63,5.63,19.67,0.0,0.14,0.17,0.18
2013-02-22,24.04,19.01,21.1,11.05,53.98,5.29,6.4,20.16,0.0,0.13,0.17,0.18
2013-02-23,29.19,17.23,22.84,10.17,48.24,2.04,2.54,20.63,0.0,0.13,0.17,0.17
2013-02-24,28.04,18.51,23.32,10.19,48.25,3.17,3.99,18.72,0.0,0.12,0.17,0.17
2013-02-25,24.47,18.97,21.49,14.13,64.41,4.79,5.77,19.95,0.11,0.12,0.17,0.17
2013-02-26,25.69,18.2,21.48,13.67,63.29,2.04,2.48,20.33,0.0,0.12,0.17,0.17
2013-02-27,25.65,18.55,21.58,13.6,63.44,2.07,2.43,20.39,0.0,0.12,0.17,0.17
2013-02-28,26.77,19.27,22.61,13.1,57.05,1.65,1.96,18.81,0.0,0.12,0.17,0.17
2013-03-01,28.69,19.04,23.68,12.73,53.57,2.71,3.39,20.53,0.0,0.12,0.17,0.17
2013-03-02,29.28,19.42,24.0,14.31,57.94,2.7,3.33,21.31,0.0,0.11,0.17,0.17
2013-03-03,28.44,20.4,23.95,13.55,55.46,2.33,2.87,20.61,0.0,0.11,0.17,0.17
2013-03-04,29.45,19.76,24.09,14.57,59.68,1.93,2.29,20.64,0.0,0.11,0.17,0.17
2013-03-05,30.2,20.81,25.07,12.67,50.84,1.91,2.34,21.69,0.0,0.11,0.17,0.17
2013-03-06,34.01,21.69,26.98,11.54,43.32,3.43,4.38,20.9,0.0,0.1,0.17,0.17
2013-03-07,29.17,20.96,24.34,14.85,59.88,4.82,5.81,21.53,0.0,0.1,0.17,0.17
2013-03-08,23.9,18.19,21.11,11.78,56.89,5.41,6.43,21.23,0.0,0.1,0.17,0.17
2013-03-09,25.25,17.21,20.65,11.93,59.21,2.04,2.46,22.42,0.0,0.1,0.17,0.17
2013-03-10,27.22,17.38,22.27,9.76,48.9,1.39,1.65,18.62,0.0,0.1,0.17,0.17
2013-03-11,32.17,21.7,25.62,11.1,44.75,3.1,3.88,17.84,0.19,0.11,0.17,0.17
2013-03-12,24.9,19.75,22.1,13.51,60.0,5.99,7.18,22.86,0.0,0.11,0.16,0.17
2013-03-13,26.81,18.65,22.44,13.87,61.31,3.4,4.12,22.03,0.0,0.1,0.16,0.17
2013-03-14,28.39,18.42,22.97,13.69,59.77,1.93,2.29,22.63,0.01,0.1,0.16,0.17
2013-03-15,30.64,20.54,24.68,12.94,53.64,1.92,2.3,23.36,0.0,0.1,0.16,0.17
2013-03-16,31.0,20.94,25.39,12.93,51.24,1.7,2.04,21.76,0.0,0.1,0.16,0.17
2013-03-17,32.08,23.87,27.24,10.57,38.91,2.12,2.64,22.94,0.0,0.09,0.16,0.17
2013-03-18,31.11,22.56,26.38,12.49,45.16,2.82,3.52,22.86,0.0,0.09,0.16,0.17
2013-03-19,30.36,23.68,26.49,11.57,41.28,2.19,2.75,21.6,0.01,0.09,0.16,0.17
2013-03-20,32.52,23.69,27.49,11.46,39.5,1.64,2.06,22.46,0.0,0.09,0.16,0.17
2013-03-21,27.4,22.32,25.03,14.75,54.42,3.05,3.81,10.18,0.53,0.1,0.16,0.17
2013-03-22,26.29,20.68,23.07,14.97,62.44,5.76,6.87,23.93,0.01,0.11,0.16,0.17
2013-03-23,27.38,19.78,23.34,14.42,59.09,2.95,3.59,23.81,0.01,0.11,0.16,0.17
2013-03-24,28.19,20.82,24.2,15.59,62.23,1.82,2.21,16.89,0.01,0.11,0.16,0.17
2013-03-25,28.37,21.43,23.68,16.24,66.09,4.19,5.01,10.59,0.34,0.11,0.16,0.17
2013-03-26,24.96,19.54,21.92,14.21,63.05,5.46,6.47,23.21,0.04,0.12,0.16,0.17
2013-03-27,25.23,18.35,21.67,14.39,64.84,3.69,4.39,23.06,0.0,0.11,0.16,0.17
2013-03-28,27.38,18.01,22.46,13.93,62.42,3.55,4.23,25.04,0.0,0.11,0.16,0.16
2013-03-29,28.68,18.83,23.9,8.83,42.32,1.95,2.29,25.42,0.0,0.1,0.16,0.16
2013-03-30,29.32,21.05,24.74,11.62,47.77,2.61,3.09,24.37,0.0,0.1,0.16,0.16
2013-03-31,30.14,20.48,24.81,15.08,59.68,3.28,3.99,23.93,0.0,0.1,0.16,0.16
2013-04-01,29.93,21.89,25.4,17.64,68.09,4.15,4.98,24.66,0.06,0.1,0.16,0.16
2013-04-02,29.97,20.39,24.87,17.97,71.32,2.97,3.57,24.72,0.0,0.1,0.16,0.16
2013-04-03,31.98,20.68,26.12,14.91,57.66,1.72,2.14,25.18,0.0,0.09,0.16,0.16
2013-04-04,35.13,22.36,28.52,12.94,43.93,2.99,3.84,24.62,0.01,0.09,0.16,0.16
2013-04-05,32.35,23.99,28.26,14.39,45.51,3.73,4.65,15.7,0.06,0.09,0.16,0.16
2013-04-06,33.64,22.73,28.53,14.94,46.17,5.37,6.65,18.79,8.68,0.13,0.16,0.16
2013-04-07,24.74,20.76,22.99,13.39,55.48,4.36,5.16,12.52,6.84,0.3,0.19,0.19
2013-04-08,27.04,20.28,23.46,13.86,55.73,2.54,2.94,24.64,0.08,0.22,0.19,0.19
2013-04-09,29.14,20.7,24.87,13.76,51.65,1.83,2.14,25.03,0.0,0.18,0.18,0.19
2013-04-10,30.99,21.7,26.37,13.7,49.09,1.73,2.12,24.47,0.0,0.16,0.18,0.18
2013-04-11,32.91,22.81,27.49,13.34,44.95,2.08,2.68,25.3,0.98,0.17,0.18,0.18
2013-04-12,33.22,23.39,28.1,13.02,42.79,2.23,2.8,24.39,0.0,0.15,0.18,0.18
2013-04-13,33.9,25.61,29.21,10.52,34.44,2.19,2.73,24.15,0.0,0.14,0.18,0.18
2013-04-14,34.67,26.99,30.15,10.58,32.14,2.18,2.81,24.65,0.0,0.12,0.18,0.18
2013-04-15,34.44,26.26,29.75,12.59,37.65,2.27,2.82,24.42,0.0,0.12,0.18,0.18
2013-04-16,34.17,24.53,29.03,15.97,50.34,2.72,3.28,24.64,0.0,0.11,0.17,0.18
2013-04-17,34.29,24.7,28.99,15.94,48.93,3.01,3.74,20.72,0.0,0.11,0.17,0.18
2013-04-18,34.61,25.35,29.86,16.64,48.79,2.9,3.57,23.44,0.0,0.11,0.17,0.18
2013-04-19,34.47,27.41,30.86,17.06,45.76,3.32,4.1,12.48,0.0,0.11,0.17,0.18
2013-04-20,35.1,26.89,30.98,15.15,41.66,2.74,3.38,23.63,0.0,0.11,0.17,0.18
2013-04-21,36.26,26.79,31.0,16.63,45.35,2.11,2.66,15.07,0.11,0.1,0.17,0.18
2013-04-22,31.5,24.82,27.78,14.67,49.07,4.49,5.28,20.86,0.01,0.11,0.17,0.18
2013-04-23,31.54,24.36,27.91,13.14,43.74,3.29,3.85,22.25,0.01,0.1,0.17,0.18
2013-04-24,31.68,24.81,28.25,15.19,49.27,3.83,4.55,21.59,0.0,0.1,0.17,0.17
2013-04-25,30.07,24.0,26.65,15.21,53.53,4.95,5.87,24.56,0.0,0.1,0.17,0.17
2013-04-26,28.15,22.92,24.77,15.88,58.84,4.28,5.15,12.27,0.9,0.13,0.17,0.18
2013-04-27,26.68,20.63,23.48,15.29,60.85,2.34,2.72,9.42,4.38,0.19,0.17,0.18
2013-04-28,27.94,21.37,24.29,16.43,62.42,2.07,2.37,22.01,0.08,0.23,0.18,0.18
2013-04-29,30.33,22.62,26.25,16.91,58.28,2.47,2.88,21.95,0.1,0.19,0.18,0.18
2013-04-30,28.52,24.43,26.03,18.64,64.09,2.3,2.7,15.18,3.28,0.22,0.18,0.18
2013-05-01,31.81,23.93,27.41,19.02,61.7,3.25,3.89,18.26,3.91,0.25,0.19,0.19
2013-05-02,30.53,24.74,27.03,18.75,61.32,3.33,4.07,21.75,0.05,0.23,0.19,0.19
2013-05-03,32.11,24.09,27.63,16.45,54.52,2.52,2.99,25.73,0.0,0.19,0.19,0.19
2013-05-04,32.4,23.27,27.64,19.07,62.8,4.29,5.11,26.28,0.0,0.16,0.18,0.19
2013-05-05,31.31,23.84,27.41,19.44,65.99,4.8,5.75,26.18,0.0,0.15,0.18,0.19
2013-05-06,32.85,23.46,27.83,19.19,65.34,4.85,5.82,25.37,0.0,0.14,0.18,0.19
2013-05-07,32.42,23.66,27.85,18.79,62.83,5.99,7.21,27.25,0.0,0.13,0.18,0.18
2013-05-08,31.99,23.7,27.59,19.8,66.55,4.81,5.78,22.82,0.01,0.13,0.18,0.18
2013-05-09,31.9,24.56,28.06,17.87,57.3,4.5,5.43,24.46,0.0,0.12,0.18,0.18
2013-05-10,31.3,23.52,27.35,20.06,68.61,4.74,5.63,25.82,0.0,0.12,0.18,0.18
2013-05-11,32.64,23.36,27.93,20.36,67.68,3.66,4.33,26.49,0.0,0.12,0.18,0.18
2013-05-12,36.38,24.46,29.8,17.54,54.06,2.36,2.82,26.63,0.0,0.11,0.18,0.18
2013-05-13,36.26,25.97,30.6,17.52,50.82,2.97,3.55,26.38,0.0,0.11,0.17,0.18
2013-05-14,36.29,25.69,30.66,17.62,52.47,3.53,4.28,25.61,0.0,0.1,0.17,0.18
2013-05-15,36.42,25.87,30.51,19.16,56.85,3.41,4.13,25.18,0.0,0.1,0.17,0.18
2013-05-16,36.78,25.3,30.83,16.5,49.27,3.46,4.27,27.08,0.0,0.1,0.17,0.18
2013-05-17,36.64,26.55,31.03,16.17,47.59,3.62,4.36,26.03,0.0,0.1,0.17,0.18
2013-05-18,32.56,25.93,28.78,18.46,57.98,6.6,7.87,28.07,0.0,0.09,0.17,0.18
2013-05-19,32.84,24.82,28.3,19.46,61.13,4.93,5.82,27.31,0.0,0.09,0.17,0.18
2013-05-20,32.76,24.16,28.26,19.63,63.32,3.86,4.54,27.55,0.0,0.09,0.17,0.17
2013-05-21,34.23,23.9,29.19,17.32,54.93,2.19,2.62,28.42,0.0,0.09,0.17,0.17
2013-05-22,36.64,26.67,31.77,11.17,31.63,1.95,2.39,26.22,0.0,0.09,0.17,0.17
2013-05-23,35.55,26.82,31.35,14.8,41.51,4.17,4.99,25.33,0.0,0.09,0.17,0.17
2013-05-24,32.93,25.2,28.89,20.74,65.01,5.38,6.34,28.57,0.0,0.09,0.17,0.17
2013-05-25,37.53,24.13,30.31,18.32,57.17,2.38,2.82,27.29,0.0,0.09,0.17,0.17
2013-05-26,39.89,26.57,33.16,14.5,38.2,2.75,3.54,27.76,0.0,0.08,0.17,0.17
2013-05-27,40.71,27.15,33.88,14.19,35.02,1.76,2.29,26.98,0.0,0.08,0.17,0.17
2013-05-28,39.59,28.62,33.93,15.8,36.69,2.11,2.66,27.39,0.0,0.07,0.17,0.17
2013-05-29,38.07,28.91,32.99,17.5,43.47,3.32,3.99,27.46,0.0,0.07,0.16,0.17
2013-05-30,36.34,27.42,31.39,20.63,58.91,3.97,4.69,28.0,0.0,0.07,0.16,0.17
2013-05-31,34.61,25.77,29.95,19.59,59.61,3.81,4.42,28.18,0.0,0.08,0.16,0.17
2013-06-01,35.09,24.97,29.98,19.3,57.32,2.57,3.02,28.8,0.0,0.08,0.16,0.17
2013-06-02,35.36,26.25,30.71,15.39,44.66,2.51,2.96,28.13,0.0,0.08,0.16,0.17
2013-06-03,37.4,25.87,32.08,17.38,45.25,2.65,3.2,27.07,0.0,0.08,0.16,0.17
2013-06-04,38.66,27.45,33.03,20.45,52.5,3.07,3.7,27.71,0.0,0.07,0.16,0.17
2013-06-05,39.47,29.07,33.85,20.3,48.05,2.47,2.94,24.97,0.0,0.07,0.16,0.17
2013-06-06,38.63,30.96,34.43,22.23,51.43,2.33,2.78,25.62,0.0,0.07,0.16,0.17
2013-06-07,37.69,29.37,33.25,23.33,60.41,3.72,4.33,26.66,0.0,0.07,0.16,0.16
2013-06-08,35.79,28.01,31.41,23.41,66.15,4.94,5.76,27.18,0.0,0.08,0.16,0.16
2013-06-09,38.74,27.79,31.93,21.34,58.32,4.1,4.8,27.46,0.0,0.08,0.16,0.16
2013-06-10,36.16,27.16,31.0,21.53,60.72,4.36,5.04,26.82,0.0,0.08,0.16,0.16
2013-06-11,35.88,26.47,30.6,21.78,63.39,4.15,4.8,27.18,0.02,0.08,0.16,0.16
2013-06-12,33.74,27.02,29.99,23.17,68.57,5.42,6.33,26.07,0.0,0.08,0.16,0.16
2013-06-13,37.98,26.13,31.14,20.43,58.63,3.84,4.46,25.03,0.0,0.08,0.16,0.16
2013-06-14,34.7,28.18,31.43,19.85,53.86,3.54,4.09,25.56,0.0,0.08,0.16,0.16
2013-06-15,39.33,27.61,32.82,18.73,49.57,2.16,2.54,26.0,0.0,0.08,0.16,0.16
2013-06-16,42.98,28.27,35.03,19.85,48.91,0.88,1.05,27.5,0.0,0.07,0.16,0.16
2013-06-17,42.71,30.04,35.96,19.52,45.05,1.98,2.34,27.0,0.0,0.07,0.16,0.16
2013-06-18,42.01,29.43,34.76,21.99,52.37,1.8,2.1,26.42,0.0,0.07,0.16,0.16
2013-06-19,37.4,29.31,32.77,22.42,57.59,2.95,3.37,26.94,0.0,0.07,0.16,0.16
2013-06-20,37.63,28.02,32.88,22.92,58.77,2.74,3.13,26.6,0.0,0.07,0.16,0.16
2013-06-21,37.54,30.45,33.73,24.46,60.0,1.93,2.2,26.48,0.0,0.07,0.16,0.16
2013-06-22,37.98,31.37,34.36,24.39,57.92,1.62,1.81,27.33,0.0,0.07,0.16,0.16
2013-06-23,39.2,30.04,34.2,22.22,53.35,2.36,2.68,26.14,0.0,0.07,0.16,0.16
2013-06-24,38.28,29.72,33.72,21.86,53.98,3.28,3.78,27.05,0.0,0.07,0.16,0.16
2013-06-25,39.22,28.7,33.7,21.13,55.54,2.8,3.27,27.42,0.0,0.07,0.16,0.16
2013-06-26,39.98,28.53,34.05,19.62,48.95,2.67,3.13,26.4,0.0,0.07,0.15,0.16
2013-06-27,37.42,28.76,32.79,23.76,64.03,3.79,4.34,26.62,0.0,0.07,0.15,0.16
2013-06-28,37.86,28.46,33.05,21.91,58.68,4.31,5.0,26.84,0.0,0.07,0.15,0.16
2013-06-29,40.0,28.9,34.57,17.37,42.14,2.73,3.3,27.05,0.0,0.07,0.15,0.16
2013-06-30,40.61,28.87,34.89,20.51,48.28,2.29,2.76,25.59,0.0,0.07,0.15,0.16
2013-07-01,40.5,30.45,35.28,20.92,46.77,2.0,2.41,26.08,0.0,0.06,0.15,0.16
2013-07-02,41.96,31.79,36.26,20.0,43.14,2.0,2.37,26.33,0.0,0.06,0.15,0.16
2013-07-03,40.47,31.06,35.28,20.3,48.05,2.49,2.85,27.21,0.0,0.06,0.15,0.16
2013-07-04,38.49,29.61,33.78,24.13,62.39,3.77,4.33,27.08,0.0,0.06,0.15,0.16
2013-07-05,37.85,29.4,33.66,23.81,60.92,3.18,3.64,26.55,0.0,0.06,0.15,0.16
2013-07-06,41.18,29.35,34.82,21.98,53.25,2.06,2.39,25.29,0.0,0.06,0.15,0.15
2013-07-07,43.19,31.7,37.19,21.54,44.28,2.32,2.86,25.93,0.0,0.06,0.15,0.15
2013-07-08,43.52,33.17,38.34,18.16,33.71,2.94,3.67,26.51,0.0,0.06,0.15,0.15
2013-07-09,42.15,31.49,36.74,21.33,44.31,4.45,5.44,26.79,0.0,0.06,0.15,0.15
2013-07-10,43.95,32.56,37.62,19.48,37.52,2.89,3.61,26.52,0.0,0.06,0.15,0.15
2013-07-11,42.15,32.43,36.93,19.33,39.44,2.33,2.79,26.47,0.0,0.06,0.15,0.15
2013-07-12,41.65,31.34,36.6,20.97,44.14,2.15,2.64,26.57,0.0,0.06,0.15,0.15
2013-07-13,41.53,30.89,35.86,23.28,51.37,4.65,5.52,26.49,0.0,0.06,0.15,0.15
2013-07-14,40.66,30.09,35.34,23.32,52.97,4.75,5.64,24.18,0.0,0.06,0.15,0.15
2013-07-15,40.9,32.47,36.37,22.4,46.52,3.49,4.14,24.19,0.0,0.06,0.15,0.15
2013-07-16,41.15,32.57,36.48,22.61,47.03,2.82,3.28,25.71,0.0,0.06,0.15,0.15
2013-07-17,41.06,31.77,36.09,22.73,48.5,4.81,5.74,26.0,0.0,0.06,0.15,0.15
2013-07-18,41.74,29.64,35.5,22.58,51.55,4.54,5.42,25.99,0.0,0.06,0.15,0.15
2013-07-19,41.18,30.55,35.82,21.4,46.7,2.68,3.16,25.5,0.0,0.06,0.15,0.15
2013-07-20,42.67,31.68,36.81,20.98,43.25,1.94,2.35,26.56,0.0,0.06,0.15,0.15
2013-07-21,44.28,31.84,36.76,22.16,46.77,3.5,4.16,25.81,0.0,0.06,0.15,0.15
2013-07-22,39.33,33.3,36.35,23.38,48.84,3.04,3.61,24.78,0.0,0.06,0.15,0.15
2013-07-23,39.9,32.56,35.94,24.69,56.0,2.77,3.19,25.14,0.0,0.06,0.15,0.15
2013-07-24,39.78,30.85,35.09,24.34,58.68,2.95,3.37,25.55,0.0,0.06,0.15,0.15
2013-07-25,38.72,30.42,34.47,24.71,60.81,2.26,2.58,25.46,0.0,0.06,0.15,0.15
2013-07-26,39.77,30.85,34.62,26.37,65.64,2.46,2.83,25.12,0.0,0.06,0.15,0.15
2013-07-27,40.55,32.02,35.43,25.49,58.83,3.92,4.62,22.56,0.0,0.06,0.15,0.15
2013-07-28,39.63,29.99,34.51,24.21,57.33,4.39,5.17,24.58,0.0,0.06,0.15,0.15
2013-07-29,37.98,30.92,34.18,25.07,60.53,3.65,4.19,24.04,0.0,0.06,0.15,0.15
2013-07-30,37.38,31.03,33.81,24.94,61.54,3.92,4.54,25.09,0.0,0.06,0.15,0.15
2013-07-31,36.2,30.59,33.12,24.15,60.67,3.69,4.24,24.99,0.0,0.06,0.15,0.15
2013-08-01,37.42,30.82,33.66,24.47,61.19,3.33,3.79,23.7,0.0,0.06,0.15,0.15
2013-08-02,40.55,31.17,35.63,22.82,52.11,2.65,3.08,23.22,0.0,0.06,0.15,0.15
2013-08-03,39.76,32.59,35.31,21.71,47.69,2.39,2.78,19.37,0.04,0.06,0.15,0.15
2013-08-04,37.85,32.46,34.48,21.56,48.16,4.31,5.07,16.55,0.37,0.07,0.15,0.15
2013-08-05,37.38,30.98,33.96,23.29,55.07,4.66,5.41,16.41,0.53,0.09,0.15,0.15
2013-08-06,39.68,30.44,34.87,22.55,51.36,4.47,5.24,23.97,0.01,0.1,0.15,0.15
2013-08-07,40.19,30.86,34.86,22.96,52.52,5.42,6.39,24.16,0.0,0.09,0.15,0.15
2013-08-08,38.74,30.68,34.41,22.2,50.27,4.56,5.36,17.78,0.07,0.08,0.15,0.15
2013-08-09,37.8,30.99,34.07,23.02,54.48,4.24,5.01,22.27,0.0,0.08,0.15,0.15
2013-08-10,38.06,32.02,35.11,23.1,51.52,3.38,4.02,23.06,0.0,0.08,0.15,0.15
2013-08-11,40.16,31.81,36.13,21.61,44.72,3.23,3.85,22.82,0.0,0.08,0.15,0.15
2013-08-12,39.03,33.54,35.75,23.8,51.31,3.07,3.62,22.87,0.0,0.08,0.15,0.15
2013-08-13,39.16,32.91,35.86,23.55,50.59,2.62,3.16,22.37,0.0,0.08,0.15,0.15
2013-08-14,40.57,33.2,36.65,22.07,45.01,2.15,2.67,21.95,0.0,0.08,0.15,0.15
2013-08-15,38.52,33.15,35.79,22.66,47.88,2.28,2.7,24.37,0.0,0.07,0.15,0.15
2013-08-16,40.15,32.67,36.28,21.28,43.53,1.91,2.29,23.79,0.0,0.07,0.15,0.15
2013-08-17,39.7,32.1,35.93,21.01,43.65,2.58,3.06,23.59,0.0,0.07,0.15,0.15
2013-08-18,39.8,32.1,35.76,20.59,43.18,2.82,3.35,23.91,0.0,0.07,0.15,0.15
2013-08-19,40.25,31.25,35.47,21.7,48.32,2.76,3.25,22.87,0.01,0.07,0.15,0.15
2013-08-20,40.68,31.32,35.92,20.33,43.56,2.65,3.25,23.4,0.0,0.07,0.15,0.15
2013-08-21,40.73,32.26,36.15,19.95,41.68,2.85,3.43,23.83,0.0,0.06,0.15,0.15
2013-08-22,40.87,31.99,36.31,17.49,35.44,2.73,3.37,23.73,0.26,0.07,0.15,0.15
2013-08-23,39.7,32.11,35.52,18.91,39.52,2.86,3.45,22.63,0.49,0.08,0.15,0.15
2013-08-24,38.47,31.5,34.81,22.4,49.98,1.41,1.61,23.82,0.01,0.09,0.15,0.15
2013-08-25,41.79,30.9,35.67,21.86,48.9,2.45,2.88,23.81,0.0,0.08,0.15,0.15
2013-08-26,40.46,30.03,34.58,21.87,51.79,3.48,4.02,23.01,0.0,0.08,0.15,0.15
2013-08-27,38.71,30.0,33.98,23.04,56.02,2.78,3.22,23.21,0.0,0.07,0.15,0.15
2013-08-28,38.97,30.21,34.15,23.74,57.22,3.0,3.5,22.35,0.0,0.07,0.15,0.15
2013-08-29,39.69,29.56,33.91,23.33,57.51,5.1,5.99,22.91,0.04,0.07,0.15,0.15
2013-08-30,39.06,29.96,34.3,22.57,53.67,3.1,3.59,22.06,0.04,0.07,0.15,0.15
2013-08-31,39.13,31.21,34.92,21.99,49.01,2.61,3.04,22.11,0.01,0.07,0.15,0.15
2013-09-01,39.97,31.29,35.19,21.49,47.57,2.49,2.96,23.28,0.01,0.07,0.15,0.15
2013-09-02,39.31,30.29,34.59,21.9,50.41,2.76,3.17,21.83,0.01,0.07,0.15,0.15
2013-09-03,38.68,31.25,34.53,20.81,47.88,2.73,3.19,23.33,0.03,0.07,0.15,0.15
2013-09-04,37.92,30.33,34.17,20.94,48.97,2.47,2.9,21.7,0.03,0.07,0.15,0.15
2013-09-05,41.09,29.8,34.65,21.8,51.45,3.28,3.91,22.44,0.02,0.07,0.15,0.15
2013-09-06,40.35,29.09,34.47,22.4,54.63,4.13,4.86,22.28,0.01,0.07,0.15,0.15
2013-09-07,39.58,30.78,34.81,21.06,48.19,3.25,3.78,21.84,0.0,0.07,0.15,0.15
2013-09-08,39.7,31.25,34.73,21.18,48.02,2.97,3.51,21.44,0.0,0.07,0.15,0.15
2013-09-09,39.58,30.59,34.36,23.05,54.03,3.02,3.56,21.04,0.01,0.07,0.15,0.15
2013-09-10,37.85,29.48,33.3,22.48,55.57,3.34,3.85,22.81,0.0,0.07,0.15,0.15
2013-09-11,38.37,29.44,33.49,20.22,49.5,2.53,2.95,22.45,0.0,0.07,0.15,0.15
2013-09-12,37.96,28.79,33.01,21.67,54.16,3.48,4.03,21.84,0.0,0.06,0.15,0.15
2013-09-13,36.53,29.77,32.83,21.76,53.66,4.04,4.67,20.42,0.0,0.06,0.15,0.15
2013-09-14,35.46,30.19,32.38,23.2,60.29,2.81,3.25,21.64,0.0,0.06,0.15,0.15
2013-09-15,37.14,28.99,32.41,23.18,61.48,2.56,2.95,21.9,0.0,0.06,0.15,0.15
2013-09-16,37.28,29.04,32.73,23.56,62.16,3.38,4.0,21.93,0.0,0.06,0.15,0.15
2013-09-17,37.87,28.68,33.0,22.6,59.63,2.96,3.52,21.88,0.0,0.06,0.15,0.15
2013-09-18,38.93,29.5,33.6,19.6,47.39,2.04,2.44,22.66,0.0,0.06,0.15,0.15
2013-09-19,40.03,29.15,34.21,21.84,52.26,1.99,2.42,21.17,0.0,0.06,0.15,0.15
2013-09-20,38.64,30.31,33.75,22.27,55.72,2.29,2.7,22.88,0.0,0.06,0.15,0.15
2013-09-21,37.7,29.05,32.87,24.53,65.49,3.2,3.79,21.94,0.0,0.06,0.15,0.15
2013-09-22,39.1,29.26,33.52,22.73,57.84,2.02,2.38,22.4,0.0,0.06,0.15,0.15
2013-09-23,37.25,29.35,32.6,22.61,59.27,2.56,2.96,21.54,0.0,0.06,0.15,0.15
2013-09-24,35.75,29.97,32.53,22.57,57.77,4.58,5.43,21.64,0.0,0.06,0.15,0.15
2013-09-25,36.02,29.81,32.57,21.87,54.54,3.44,4.06,21.79,0.0,0.06,0.15,0.15
2013-09-26,36.16,28.61,31.83,21.52,56.31,4.3,5.08,22.52,0.0,0.06,0.15,0.15
2013-09-27,35.8,28.22,31.32,18.93,49.54,2.95,3.46,21.82,0.0,0.06,0.15,0.15
2013-09-28,36.58,28.61,32.26,18.33,46.07,2.94,3.44,21.86,0.0,0.06,0.15,0.15
2013-09-29,36.78,29.76,32.68,17.28,42.47,2.26,2.7,21.7,0.0,0.06,0.15,0.15
2013-09-30,35.84,28.82,31.76,19.66,51.63,3.24,3.86,20.77,0.0,0.06,0.15,0.15
2013-10-01,36.06,28.65,31.69,20.5,54.29,3.15,3.75,20.56,0.0,0.06,0.15,0.15
2013-10-02,36.87,28.46,32.21,20.09,52.75,2.29,2.66,20.33,0.0,0.06,0.15,0.15
2013-10-03,36.63,28.19,31.98,20.83,55.5,3.07,3.57,20.54,0.0,0.06,0.15,0.15
2013-10-04,35.37,27.61,31.13,23.4,66.04,3.4,3.99,20.61,0.0,0.06,0.15,0.15
2013-10-05,36.86,27.66,31.44,23.79,69.49,3.55,4.27,20.45,0.0,0.06,0.15,0.15
2013-10-06,36.94,28.3,31.81,21.57,60.65,3.36,4.06,21.08,0.0,0.06,0.15,0.15
2013-10-07,37.03,28.12,31.79,20.81,57.72,2.09,2.45,20.91,0.0,0.06,0.15,0.15
2013-10-08,35.85,28.98,31.69,20.33,53.9,1.92,2.19,19.92,0.0,0.06,0.15,0.15
2013-10-09,34.67,28.03,30.81,22.65,64.26,3.29,3.89,20.09,0.02,0.06,0.15,0.15
2013-10-10,33.36,27.95,30.48,21.7,60.57,3.3,3.88,19.54,0.11,0.06,0.15,0.15
2013-10-11,34.57,28.76,31.14,21.55,58.04,2.89,3.39,19.61,0.0,0.07,0.15,0.15
2013-10-12,34.53,28.5,30.86,21.5,58.77,3.07,3.61,19.02,0.0,0.07,0.15,0.15
2013-10-13,35.6,28.34,30.97,20.66,55.78,2.25,2.64,18.08,0.1,0.07,0.15,0.15
2013-10-14,34.48,28.21,30.62,21.07,57.62,2.33,2.72,19.03,0.26,0.08,0.15,0.15
2013-10-15,33.66,26.77,29.72,17.93,51.03,2.68,3.21,19.68,0.0,0.08,0.15,0.15
2013-10-16,33.74,25.67,29.62,18.94,55.85,2.65,3.19,18.73,0.0,0.08,0.15,0.15
2013-10-17,34.12,26.82,30.07,18.44,52.13,2.31,2.74,19.86,0.0,0.08,0.15,0.15
2013-10-18,36.12,27.65,31.18,17.28,46.45,1.74,2.14,19.39,0.0,0.08,0.15,0.15
2013-10-19,36.25,25.42,30.56,15.61,45.66,1.86,2.34,19.03,0.0,0.08,0.15,0.15
2013-10-20,35.43,27.32,30.74,21.04,60.94,3.11,3.73,18.5,0.0,0.07,0.15,0.15
2013-10-21,33.12,27.3,29.85,22.02,64.35,3.8,4.55,19.09,0.0,0.07,0.15,0.15
2013-10-22,33.26,26.82,29.27,20.2,60.32,4.49,5.35,19.3,0.0,0.07,0.15,0.15
2013-10-23,31.79,25.92,28.34,17.74,53.71,2.46,2.94,18.88,0.0,0.07,0.15,0.15
2013-10-24,33.62,25.77,29.43,19.0,54.16,1.51,1.73,18.09,0.0,0.07,0.15,0.15
2013-10-25,32.56,27.9,29.74,20.73,59.55,1.83,2.1,18.1,0.0,0.07,0.15,0.15
2013-10-26,34.35,27.38,30.72,16.9,46.01,2.39,2.89,17.84,0.0,0.07,0.15,0.15
2013-10-27,34.3,27.47,30.32,16.44,45.04,2.26,2.75,17.84,0.0,0.07,0.15,0.15
2013-10-28,33.05,27.22,29.73,18.31,51.74,3.15,3.72,18.31,0.05,0.07,0.15,0.15
2013-10-29,32.63,25.88,28.76,20.15,61.67,3.9,4.68,16.98,0.0,0.07,0.15,0.15
2013-10-30,32.26,26.25,28.71,18.47,56.3,2.24,2.71,17.92,0.0,0.07,0.15,0.15
2013-10-31,33.79,26.37,29.51,16.69,47.65,1.88,2.28,16.91,0.0,0.07,0.15,0.15
2013-11-01,34.69,25.57,29.58,16.92,48.67,3.77,4.61,17.11,0.0,0.07,0.15,0.15
2013-11-02,33.9,25.35,29.32,18.25,55.87,2.84,3.47,16.99,0.0,0.07,0.15,0.15
2013-11-03,33.89,25.5,29.29,18.8,56.28,2.57,3.11,16.1,0.01,0.07,0.15,0.15
2013-11-04,32.82,26.19,28.98,18.29,54.93,2.8,3.4,14.58,0.11,0.07,0.15,0.15
2013-11-05,30.81,25.9,27.93,18.98,59.12,2.49,2.96,16.13,1.7,0.12,0.15,0.15
2013-11-06,31.46,25.3,28.03,15.25,47.55,2.44,2.9,17.08,0.01,0.14,0.15,0.15
2013-11-07,30.84,23.71,27.0,13.02,43.34,1.9,2.32,17.93,0.0,0.12,0.15,0.15
2013-11-08,31.49,23.77,27.6,16.08,51.3,2.51,3.03,16.86,0.0,0.11,0.15,0.15
2013-11-09,31.82,24.53,27.85,15.33,48.5,2.57,3.13,16.71,0.0,0.1,0.15,0.15
2013-11-10,31.93,23.96,27.62,13.82,44.95,1.7,2.17,16.16,0.0,0.1,0.15,0.15
2013-11-11,30.52,23.36,26.58,15.73,53.83,2.19,2.67,16.66,0.0,0.1,0.15,0.15
2013-11-12,30.31,24.44,26.85,19.73,65.84,3.12,3.75,17.03,0.0,0.09,0.15,0.15
2013-11-13,30.37,23.82,26.84,17.98,59.94,3.11,3.76,16.63,0.16,0.1,0.15,0.15
2013-11-14,30.22,24.94,27.08,16.51,53.66,2.4,2.83,13.59,2.79,0.15,0.15,0.15
2013-11-15,29.42,23.3,26.15,16.28,56.05,2.16,2.62,11.53,0.77,0.19,0.15,0.15
2013-11-16,28.95,22.53,25.46,16.73,60.17,2.13,2.61,13.36,0.95,0.19,0.16,0.16
2013-11-17,29.1,22.81,25.63,16.77,59.98,2.69,3.23,9.14,0.99,0.19,0.16,0.16
2013-11-18,28.35,22.98,25.43,18.46,66.26,4.38,5.13,14.67,1.35,0.21,0.16,0.16
2013-11-19,28.66,23.48,25.5,17.58,62.73,4.41,5.27,15.13,0.01,0.19,0.16,0.16
2013-11-20,28.3,22.96,25.67,17.8,62.92,3.02,3.68,14.49,0.02,0.17,0.16,0.16
2013-11-21,29.46,22.86,25.15,18.7,69.32,3.94,4.64,5.64,4.96,0.22,0.16,0.16
2013-11-22,24.75,21.52,23.27,16.77,67.45,4.34,5.1,10.26,17.76,0.34,0.2,0.19
2013-11-23,25.65,21.54,23.41,15.79,62.77,3.55,4.32,13.36,2.59,0.27,0.2,0.2
2013-11-24,25.84,21.48,23.35,14.74,59.14,2.49,3.1,15.22,0.16,0.24,0.2,0.2
2013-11-25,26.21,21.93,23.58,14.54,57.38,2.67,3.29,15.2,0.0,0.21,0.2,0.2
2013-11-26,26.25,21.23,23.36,13.81,55.58,1.91,2.36,15.96,0.06,0.2,0.2,0.2
2013-11-27,27.48,21.81,24.04,13.67,53.23,1.84,2.22,15.81,0.0,0.2,0.19,0.2
2013-11-28,28.43,21.73,24.63,14.03,53.29,1.66,2.0,14.14,0.0,0.19,0.19,0.2
2013-11-29,29.26,20.02,24.31,12.69,51.22,2.03,2.53,15.95,0.0,0.18,0.19,0.2
2013-11-30,28.94,20.64,24.41,13.33,52.75,2.14,2.72,15.81,0.0,0.18,0.19,0.19
2013-12-01,28.03,21.34,24.16,17.08,65.74,3.26,3.96,14.86,0.0,0.18,0.19,0.19
2013-12-02,29.19,20.88,24.8,15.92,60.61,1.5,1.81,15.03,0.0,0.18,0.19,0.19
2013-12-03,27.86,21.69,23.98,15.74,61.32,1.1,1.28,13.72,0.0,0.18,0.19,0.19
2013-12-04,28.11,20.38,23.82,15.83,63.25,1.59,1.89,14.82,0.0,0.18,0.19,0.19
2013-12-05,28.67,20.71,24.21,16.38,65.02,1.6,1.95,13.87,0.0,0.18,0.19,0.19
2013-12-06,27.77,20.3,23.83,15.3,62.15,2.37,2.91,14.51,0.0,0.18,0.19,0.19
2013-12-07,27.41,20.52,23.72,15.4,61.12,3.59,4.31,14.01,0.0,0.18,0.19,0.19
2013-12-08,27.16,21.83,24.0,14.87,57.5,5.86,7.18,14.57,0.0,0.18,0.19,0.19
2013-12-09,27.29,21.66,24.01,16.12,62.3,4.21,5.24,15.22,0.0,0.18,0.18,0.19
2013-12-10,26.54,21.44,23.69,16.31,64.43,4.76,5.9,14.22,0.0,0.18,0.18,0.19
2013-12-11,24.78,20.46,22.22,14.21,61.02,4.23,5.15,13.7,0.0,0.17,0.18,0.19
2013-12-12,28.13,20.35,23.24,13.18,55.3,1.41,1.76,13.83,0.0,0.17,0.18,0.19
2013-12-13,28.44,19.65,23.67,13.1,53.81,1.49,1.89,14.07,0.0,0.17,0.18,0.19
2013-12-14,27.59,20.95,23.74,15.97,63.94,2.48,3.01,13.61,0.0,0.17,0.18,0.19
2013-12-15,26.54,21.3,23.5,17.82,71.48,4.5,5.51,13.82,0.0,0.17,0.18,0.18
2013-12-16,24.59,19.68,22.16,12.26,54.22,6.42,7.76,14.45,0.0,0.17,0.18,0.18
2013-12-17,24.11,19.11,21.19,13.57,62.34,3.64,4.49,13.86,0.0,0.17,0.18,0.18
2013-12-18,25.57,19.65,22.21,13.6,59.07,2.13,2.66,13.94,0.0,0.17,0.18,0.18
2013-12-19,26.23,20.3,22.8,11.8,50.6,1.7,2.05,13.91,0.0,0.17,0.18,0.18
2013-12-20,24.59,19.84,21.83,14.6,63.8,5.35,6.52,12.44,0.0,0.16,0.18,0.18
2013-12-21,24.38,18.79,21.28,11.26,53.74,3.28,4.06,13.52,0.0,0.16,0.18,0.18
2013-12-22,23.57,17.76,20.21,10.25,54.74,4.0,4.85,7.83,2.2,0.18,0.18,0.18
2013-12-23,21.29,17.0,18.83,12.05,66.18,2.39,2.99,8.16,4.61,0.28,0.19,0.19
2013-12-24,21.51,15.58,18.27,6.34,47.44,4.21,5.17,14.16,0.02,0.23,0.19,0.19
2013-12-25,22.04,14.8,18.17,4.49,42.55,3.35,4.13,15.73,0.0,0.2,0.19,0.19
2013-12-26,22.76,17.49,19.59,8.09,48.24,2.25,2.72,15.37,0.0,0.19,0.19,0.19
2013-12-27,23.22,17.44,19.84,10.74,56.64,1.94,2.38,14.87,0.0,0.18,0.19,0.19
2013-12-28,22.73,16.91,19.44,10.87,58.87,2.18,2.67,14.95,0.0,0.18,0.18,0.19
2013-12-29,22.7,16.44,19.18,10.02,56.58,1.93,2.47,14.69,0.0,0.18,0.18,0.19
2013-12-30,21.86,15.69,18.14,4.73,43.09,4.39,5.44,14.84,0.0,0.17,0.18,0.19
2013-12-31,22.92,15.22,18.56,6.25,46.09,3.46,4.3,14.76,0.0,0.17,0.18,0.19
2014-01-01,23.3,15.86,19.23,9.19,54.81,2.86,3.55,14.5,0.0,0.17,0.18,0.19
2014-01-02,22.94,16.57,19.36,10.47,57.66,1.9,2.38,11.58,0.29,0.17,0.18,0.19
2014-01-03,22.17,17.45,19.21,12.33,65.27,2.02,2.45,13.33,0.22,0.18,0.18,0.19
2014-01-04,21.86,16.85,19.04,11.26,61.38,2.62,3.26,14.09,0.01,0.18,0.18,0.19
2014-01-05,24.16,16.93,19.94,9.95,53.65,2.67,3.17,14.1,0.0,0.17,0.18,0.19
2014-01-06,23.34,17.83,20.25,11.71,58.82,3.45,4.2,6.3,4.35,0.2,0.18,0.19
2014-01-07,20.14,17.07,18.65,13.37,71.55,3.27,3.95,7.0,11.66,0.34,0.21,0.2
2014-01-08,21.06,16.51,18.81,11.72,64.12,2.14,2.62,12.42,0.39,0.27,0.21,0.21
2014-01-09,21.22,14.91,17.82,10.94,65.59,2.59,3.15,15.05,0.05,0.24,0.21,0.21
2014-01-10,21.13,14.69,17.66,7.49,53.26,5.1,6.26,13.9,0.0,0.22,0.21,0.21
2014-01-11,22.88,16.37,19.35,10.66,57.66,3.13,3.82,5.35,0.18,0.22,0.21,0.21
2014-01-12,21.38,17.66,18.97,14.17,73.83,3.6,4.36,10.87,1.32,0.24,0.21,0.21
2014-01-13,20.06,16.02,18.39,12.05,66.96,3.7,4.43,9.87,0.03,0.24,0.21,0.21
2014-01-14,21.0,16.58,18.66,12.13,66.35,3.47,4.23,11.73,0.02,0.23,0.21,0.21
2014-01-15,21.7,16.21,18.4,12.24,68.14,2.37,2.93,15.54,0.01,0.22,0.2,0.21
2014-01-16,20.98,16.22,18.42,13.35,72.96,3.18,3.85,14.56,0.0,0.22,0.2,0.21
2014-01-17,22.82,15.16,19.04,10.65,60.26,2.33,2.88,15.86,0.0,0.21,0.2,0.21
2014-01-18,23.93,15.3,19.94,10.37,55.3,2.57,3.15,13.24,0.02,0.21,0.2,0.21
2014-01-19,21.05,15.94,18.79,13.05,69.65,3.33,3.94,9.94,14.05,0.34,0.22,0.22
2014-01-20,20.39,15.68,17.66,11.36,67.26,2.52,3.09,15.2,0.64,0.29,0.23,0.23
2014-01-21,21.52,16.44,18.41,11.52,64.74,1.72,2.07,16.44,0.0,0.26,0.23,0.23
2014-01-22,21.58,16.45,18.55,13.65,73.91,2.42,2.95,16.35,0.0,0.25,0.22,0.23
2014-01-23,21.87,15.96,18.51,13.71,74.98,2.47,3.01,15.69,0.0,0.24,0.22,0.23
2014-01-24,22.4,15.65,18.66,11.56,66.5,1.76,2.11,14.75,0.0,0.24,0.22,0.23
2014-01-25,23.98,17.39,20.16,11.91,61.84,1.85,2.29,16.53,0.0,0.23,0.22,0.23
2014-01-26,24.75,16.75,20.08,12.72,66.13,1.26,1.51,16.4,0.0,0.23,0.22,0.23
2014-01-27,24.52,16.45,20.28,13.1,65.88,1.36,1.72,12.43,0.0,0.23,0.22,0.22
2014-01-28,25.83,16.69,20.73,13.94,68.24,2.46,3.08,16.34,0.0,0.23,0.22,0.22
2014-01-29,25.38,17.24,21.14,13.45,64.16,2.24,2.73,16.66,0.0,0.22,0.22,0.22
2014-01-30,25.44,19.42,21.81,15.64,69.78,2.99,3.6,16.08,0.0,0.22,0.21,0.22
2014-01-31,24.64,18.64,20.99,16.87,78.78,2.98,3.57,15.8,0.13,0.23,0.21,0.22
2014-02-01,22.61,17.72,19.93,14.54,72.23,4.21,5.11,13.63,0.02,0.22,0.21,0.22
2014-02-02,22.12,17.18,19.34,13.24,68.52,3.97,4.74,14.06,0.18,0.23,0.21,0.22
2014-02-03,26.35,17.71,21.2,14.15,65.42,4.06,4.85,12.15,0.3,0.23,0.21,0.22
2014-02-04,27.77,20.01,23.2,14.66,61.03,4.39,5.43,14.14,0.9,0.24,0.21,0.22
2014-02-05,25.07,18.65,21.1,15.8,72.56,4.25,5.09,13.68,0.71,0.24,0.21,0.22
2014-02-06,19.05,14.96,17.48,10.06,62.14,5.87,7.06,15.92,0.0,0.23,0.21,0.22
2014-02-07,21.42,14.96,18.03,9.35,57.58,1.93,2.28,18.3,0.0,0.22,0.21,0.22
2014-02-08,23.18,15.16,18.92,9.63,56.81,3.02,3.68,17.55,0.0,0.22,0.21,0.22
2014-02-09,21.09,16.06,17.93,11.13,64.97,2.55,3.09,6.19,1.1,0.24,0.21,0.22
2014-02-10,21.27,16.19,18.28,12.28,68.76,1.43,1.73,18.39,0.26,0.24,0.21,0.22
2014-02-11,21.04,15.86,18.14,12.02,68.42,3.39,4.14,18.4,0.05,0.23,0.21,0.22
2014-02-12,20.41,15.43,17.78,9.89,60.88,4.16,5.05,17.57,0.16,0.22,0.21,0.21
2014-02-13,19.73,16.73,18.03,8.39,53.56,3.26,3.87,18.27,2.86,0.27,0.21,0.22
2014-02-14,22.83,15.95,19.17,8.24,51.71,2.36,2.97,18.9,0.0,0.24,0.21,0.22
2014-02-15,23.58,17.29,19.81,9.89,54.64,1.56,1.91,19.65,0.0,0.22,0.21,0.22
2014-02-16,25.75,15.52,20.51,7.33,46.6,1.97,2.46,19.36,0.0,0.21,0.21,0.21
2014-02-17,25.87,16.54,20.91,11.77,59.29,3.22,3.99,19.41,0.0,0.21,0.21,0.21
2014-02-18,22.4,17.66,19.76,14.2,71.32,3.09,3.75,15.42,0.35,0.21,0.21,0.21
2014-02-19,22.0,17.0,19.15,12.84,68.12,4.59,5.59,19.82,0.0,0.21,0.21,0.21
2014-02-20,22.98,16.63,19.53,12.35,64.36,2.72,3.39,19.89,0.0,0.21,0.2,0.21
2014-02-21,24.7,17.47,20.32,12.51,63.55,2.06,2.53,20.13,0.0,0.21,0.2,0.21
2014-02-22,23.91,16.68,19.7,13.03,68.72,2.7,3.23,19.78,0.0,0.2,0.2,0.21
2014-02-23,25.63,15.72,20.31,10.16,55.91,1.83,2.19,20.73,0.0,0.2,0.2,0.21
2014-02-24,26.58,17.76,21.76,13.57,62.85,2.46,3.14,19.4,0.0,0.2,0.2,0.21
2014-02-25,26.42,17.35,21.81,13.18,61.24,2.24,2.83,19.51,0.01,0.19,0.2,0.21
2014-02-26,26.68,18.74,22.29,11.26,52.76,1.58,1.96,17.51,0.23,0.19,0.2,0.2
2014-02-27,27.3,18.68,22.53,13.33,60.4,1.65,1.99,20.22,0.0,0.19,0.2,0.2
2014-02-28,27.41,19.11,22.88,11.7,53.15,2.55,3.07,19.78,0.04,0.18,0.2,0.2
2014-03-01,27.41,20.76,23.55,13.42,55.17,3.55,4.34,18.84,0.03,0.18,0.19,0.2
2014-03-02,23.92,18.89,21.04,14.52,68.17,5.21,6.34,21.08,0.0,0.18,0.19,0.2
2014-03-03,24.55,17.71,20.76,14.45,68.61,3.1,3.79,21.57,0.0,0.18,0.19,0.2
2014-03-04,24.02,16.68,20.52,14.41,71.03,1.73,2.08,14.88,0.0,0.17,0.19,0.2
2014-03-05,26.69,19.18,22.28,14.76,65.22,1.54,1.79,20.43,0.0,0.17,0.19,0.2
2014-03-06,28.39,18.31,23.12,14.44,61.53,1.79,2.18,21.28,0.0,0.16,0.19,0.2
2014-03-07,30.26,19.14,24.25,15.66,63.44,2.52,3.13,21.27,0.0,0.16,0.19,0.2
2014-03-08,29.84,20.39,24.6,16.36,64.39,2.33,2.96,20.89,0.0,0.15,0.19,0.2
2014-03-09,30.51,20.78,25.23,16.02,61.31,2.06,2.68,21.17,0.0,0.15,0.19,0.19
2014-03-10,31.37,21.38,26.1,13.39,48.82,1.47,1.95,18.69,0.0,0.14,0.19,0.19
2014-03-11,30.78,22.77,26.38,14.47,49.97,2.29,2.99,17.08,0.0,0.14,0.19,0.19
2014-03-12,32.28,22.15,27.09,14.28,50.09,3.1,3.98,21.56,0.03,0.14,0.19,0.19
2014-03-13,30.0,23.0,26.29,12.82,45.0,5.53,6.76,13.32,0.26,0.13,0.19,0.19
2014-03-14,29.29,22.36,25.55,17.05,60.75,4.65,5.69,12.36,5.54,0.2,0.19,0.19
2014-03-15,26.89,21.61,24.31,16.62,64.38,3.81,4.56,19.39,3.32,0.28,0.2,0.2
2014-03-16,22.58,18.65,20.55,13.46,65.1,6.21,7.37,20.48,0.46,0.24,0.2,0.2
2014-03-17,23.71,17.91,20.35,11.87,59.58,4.78,5.73,24.09,0.0,0.21,0.2,0.2
2014-03-18,24.59,17.4,20.75,13.77,65.44,2.86,3.45,23.33,0.0,0.2,0.2,0.2
2014-03-19,25.84,18.05,21.94,13.36,60.44,1.8,2.1,24.58,0.0,0.19,0.19,0.2
2014-03-20,28.58,20.04,23.69,12.4,51.71,2.18,2.63,21.69,0.0,0.17,0.19,0.2
2014-03-21,29.82,21.0,25.66,13.58,50.48,2.35,3.04,21.36,0.0,0.16,0.19,0.2
2014-03-22,29.36,22.34,25.5,13.61,50.53,3.93,4.87,11.05,0.95,0.17,0.19,0.2
2014-03-23,25.4,20.4,22.66,14.46,62.05,4.73,5.66,23.74,0.0,0.18,0.19,0.2
2014-03-24,27.72,18.89,23.21,11.65,51.75,3.9,4.76,23.76,0.0,0.16,0.19,0.2
2014-03-25,28.64,19.96,24.22,14.65,58.09,4.85,5.89,21.07,0.25,0.15,0.19,0.2
2014-03-26,22.8,19.08,20.85,15.74,72.84,4.07,4.74,3.55,9.44,0.28,0.2,0.2
2014-03-27,23.89,18.33,20.97,15.51,72.0,2.31,2.72,22.45,9.26,0.33,0.23,0.23
2014-03-28,26.53,19.35,22.63,14.95,63.55,1.8,2.11,23.99,0.06,0.24,0.22,0.22
2014-03-29,26.98,18.9,22.84,14.72,63.27,2.02,2.36,25.17,0.0,0.22,0.22,0.22
2014-03-30,28.3,19.34,23.26,11.76,51.85,2.2,2.67,24.65,0.0,0.21,0.22,0.22
2014-03-31,32.09,20.73,26.35,12.84,44.76,2.66,3.45,23.31,0.02,0.2,0.21,0.22
2014-04-01,29.57,21.57,25.57,15.31,56.21,2.96,3.73,23.87,0.01,0.2,0.21,0.22
2014-04-02,30.25,21.06,25.91,12.98,48.42,2.45,3.17,23.17,0.04,0.2,0.21,0.22
2014-04-03,34.5,23.34,27.99,15.84,50.56,2.62,3.33,20.93,0.22,0.21,0.21,0.21
2014-04-04,30.12,22.44,25.19,18.68,69.22,2.81,3.35,12.83,4.9,0.26,0.21,0.21
2014-04-05,26.51,20.87,23.25,14.41,60.77,5.69,6.84,25.04,0.0,0.26,0.21,0.22
2014-04-06,29.71,19.95,24.57,14.49,57.13,2.09,2.64,26.42,0.0,0.22,0.21,0.22
2014-04-07,30.02,20.63,24.89,15.4,60.93,2.16,2.62,26.16,0.0,0.2,0.21,0.22
2014-04-08,30.51,21.56,25.37,13.3,53.39,1.65,2.02,26.36,0.02,0.19,0.21,0.21
2014-04-09,30.88,21.42,25.67,12.95,49.4,1.95,2.28,26.26,0.0,0.19,0.2,0.21
2014-04-10,32.35,22.34,26.88,7.28,33.14,2.18,2.59,24.62,0.0,0.18,0.2,0.21
2014-04-11,32.86,24.22,27.76,8.65,34.65,2.53,3.05,24.81,0.0,0.18,0.2,0.21
2014-04-12,32.73,22.75,27.29,17.75,60.31,4.53,5.56,24.5,0.0,0.18,0.2,0.21
2014-04-13,31.48,23.14,26.82,19.87,68.94,3.49,4.19,25.36,0.0,0.17,0.2,0.2
2014-04-14,34.05,23.96,28.31,19.36,63.9,2.65,3.28,24.32,0.0,0.17,0.2,0.2
2014-04-15,34.58,24.9,29.23,16.85,51.26,1.61,2.01,24.4,0.0,0.16,0.19,0.2
2014-04-16,34.87,26.62,30.16,13.04,38.36,1.96,2.41,20.64,0.0,0.15,0.19,0.2
2014-04-17,34.58,24.04,28.88,18.11,57.21,3.86,4.64,25.02,0.0,0.15,0.19,0.2
2014-04-18,36.99,23.89,29.9,17.8,56.02,2.12,2.67,24.56,0.0,0.14,0.19,0.2
2014-04-19,36.04,24.84,29.59,16.44,51.32,2.46,2.95,24.6,0.0,0.13,0.19,0.2
2014-04-20,31.99,24.29,27.58,18.34,62.96,4.87,5.8,26.04,0.0,0.13,0.19,0.2
2014-04-21,33.99,22.19,28.15,16.42,53.38,2.44,3.07,25.1,0.0,0.13,0.19,0.19
2014-04-22,34.46,24.35,29.13,19.35,59.73,2.8,3.45,21.86,0.0,0.13,0.19,0.19
2014-04-23,33.36,25.63,29.33,19.57,58.78,2.92,3.53,23.59,0.0,0.12,0.19,0.19
2014-04-24,35.88,26.18,30.47,15.96,45.83,2.28,2.8,25.35,0.0,0.12,0.18,0.19
2014-04-25,33.81,24.76,28.89,18.38,59.73,4.59,5.53,26.88,0.0,0.12,0.18,0.19
2014-04-26,36.64,23.97,29.22,18.29,59.18,2.08,2.58,26.97,0.0,0.12,0.18,0.19
2014-04-27,38.0,23.66,30.54,15.52,47.74,1.35,1.68,26.26,0.0,0.11,0.18,0.19
2014-04-28,35.55,27.58,31.44,12.65,34.74,2.0,2.45,26.13,0.0,0.11,0.18,0.19
2014-04-29,35.21,27.37,31.07,14.8,41.71,2.88,3.42,25.3,0.0,0.11,0.18,0.19
2014-04-30,35.61,25.98,30.75,19.88,59.94,3.78,4.55,25.39,0.0,0.11,0.18,0.19
2014-05-01,35.29,26.32,30.66,17.91,51.76,3.58,4.37,25.26,0.0,0.11,0.18,0.18
2014-05-02,36.19,26.55,30.91,17.91,49.89,2.82,3.46,23.99,0.0,0.1,0.18,0.18
2014-05-03,35.03,27.02,30.7,17.26,49.13,2.87,3.42,18.33,0.0,0.1,0.18,0.18
2014-05-04,33.79,25.61,29.22,19.62,62.56,5.75,6.87,25.65,0.0,0.1,0.18,0.18
2014-05-05,32.54,24.72,28.27,18.14,58.98,5.69,6.8,27.06,0.0,0.1,0.18,0.18
2014-05-06,32.79,22.88,27.89,15.98,52.65,2.68,3.18,26.66,0.0,0.1,0.18,0.18
2014-05-07,34.7,24.73,29.47,16.0,48.63,2.46,2.86,27.32,0.0,0.1,0.17,0.18
2014-05-08,34.47,25.78,30.09,11.41,36.77,2.77,3.31,27.64,0.0,0.1,0.17,0.18
2014-05-09,35.68,26.61,30.35,12.92,39.59,2.25,2.65,26.34,0.0,0.1,0.17,0.18
2014-05-10,36.05,25.68,30.43,18.39,53.7,3.14,3.66,26.27,0.0,0.09,0.17,0.18
2014-05-11,34.75,26.05,29.99,22.34,67.75,3.98,4.68,24.9,0.0,0.09,0.17,0.18
2014-05-12,35.44,25.65,30.39,19.61,58.93,4.99,5.96,26.84,0.0,0.09,0.17,0.18
2014-05-13,36.61,26.46,31.46,18.63,51.39,4.02,4.88,25.63,0.0,0.09,0.17,0.18
2014-05-14,35.56,27.62,31.03,20.12,55.16,4.2,5.04,22.92,0.0,0.09,0.17,0.18
2014-05-15,32.76,26.07,29.14,17.54,53.54,7.46,8.96,28.82,0.0,0.09,0.17,0.18
2014-05-16,32.39,26.31,29.15,17.6,52.17,8.05,9.7,26.76,0.0,0.09,0.17,0.17
2014-05-17,32.01,24.73,28.49,19.65,61.27,4.06,4.79,25.66,0.0,0.09,0.17,0.17
2014-05-18,34.2,24.68,29.52,18.14,54.37,2.51,2.95,25.89,0.02,0.09,0.17,0.17
2014-05-19,35.62,27.08,31.21,16.68,44.01,1.53,1.83,26.47,0.0,0.09,0.17,0.17
2014-05-20,36.97,26.87,31.92,16.33,41.97,1.99,2.42,26.3,0.0,0.09,0.17,0.17
2014-05-21,38.2,29.06,33.26,17.25,41.09,2.41,2.96,26.84,0.0,0.08,0.17,0.17
2014-05-22,36.98,28.99,33.2,16.03,38.67,2.94,3.51,27.16,0.0,0.08,0.17,0.17
2014-05-23,37.4,27.27,32.02,21.02,57.96,3.6,4.3,26.88,0.0,0.08,0.17,0.17
2014-05-24,37.9,27.66,32.32,22.81,62.49,3.09,3.65,26.89,0.0,0.08,0.17,0.17
2014-05-25,41.29,28.19,34.12,18.16,46.84,1.86,2.24,27.1,0.0,0.08,0.16,0.17
2014-05-26,40.55,28.91,33.88,21.43,55.52,2.46,2.89,26.86,0.0,0.08,0.16,0.17
2014-05-27,39.63,28.86,33.95,22.11,56.6,3.28,3.89,27.09,0.0,0.08,0.16,0.17
2014-05-28,39.92,29.14,34.26,22.54,58.04,4.15,4.95,26.87,0.0,0.08,0.16,0.17
2014-05-29,39.3,29.52,34.0,21.71,53.64,4.28,5.11,26.67,0.0,0.08,0.16,0.17
2014-05-30,38.97,28.55,33.43,22.29,59.55,3.95,4.69,28.24,0.0,0.08,0.16,0.17
2014-05-31,42.32,28.71,34.29,20.58,53.56,2.63,3.15,26.46,0.0,0.08,0.16,0.17
2014-06-01,38.36,28.52,33.23,21.71,58.95,3.23,3.81,27.77,0.0,0.07,0.16,0.17
2014-06-02,39.04,27.32,32.99,18.44,49.22,2.59,3.03,28.42,0.0,0.07,0.16,0.17
2014-06-03,39.63,30.11,34.35,13.83,32.43,2.48,2.93,27.35,0.0,0.07,0.16,0.16
2014-06-04,36.99,28.54,32.24,21.89,56.95,4.92,5.8,26.75,0.0,0.07,0.16,0.16
2014-06-05,34.63,28.36,31.09,20.61,55.51,6.58,7.78,28.93,0.0,0.07,0.16,0.16
2014-06-06,36.18,27.31,31.43,19.1,50.55,2.48,2.91,27.88,0.0,0.07,0.16,0.16
2014-06-07,38.65,28.35,33.17,17.56,43.41,2.13,2.5,27.57,0.0,0.07,0.16,0.16
2014-06-08,39.5,28.7,33.49,21.39,56.32,2.95,3.44,28.27,0.0,0.07,0.16,0.16
2014-06-09,40.71,29.59,34.34,22.23,57.56,2.62,3.07,28.06,0.0,0.07,0.16,0.16
2014-06-10,40.99,29.98,34.87,21.89,54.29,2.97,3.52,28.58,0.0,0.07,0.16,0.16
2014-06-11,41.31,30.23,35.24,23.02,58.32,2.32,2.72,28.04,0.0,0.07,0.16,0.16
2014-06-12,43.57,29.71,35.44,21.86,54.74,1.7,2.01,27.93,0.0,0.07,0.16,0.16
2014-06-13,39.25,29.34,33.41,24.63,63.75,3.73,4.33,26.94,0.0,0.07,0.16,0.16
2014-06-14,35.7,29.16,32.06,21.18,56.07,5.55,6.5,29.5,0.0,0.07,0.16,0.16
2014-06-15,37.41,29.11,32.76,22.31,57.76,4.01,4.7,28.49,0.0,0.07,0.16,0.16
2014-06-16,36.86,28.44,32.28,22.39,59.41,4.29,4.99,28.0,0.0,0.07,0.16,0.16
2014-06-17,39.79,27.6,32.96,21.36,56.08,2.99,3.49,27.01,0.0,0.07,0.16,0.16
2014-06-18,37.4,28.26,32.28,22.48,60.16,3.75,4.35,27.07,0.0,0.07,0.16,0.16
2014-06-19,36.52,28.15,32.14,20.9,57.45,4.78,5.58,27.36,0.0,0.07,0.16,0.16
2014-06-20,37.45,27.56,32.82,18.4,49.47,3.14,3.72,28.04,0.0,0.07,0.16,0.16
2014-06-21,40.2,29.65,34.89,12.48,30.92,1.88,2.25,28.09,0.0,0.07,0.16,0.16
2014-06-22,41.32,30.31,35.61,13.69,32.31,2.77,3.27,27.03,0.0,0.07,0.15,0.16
2014-06-23,40.02,29.47,34.69,18.53,45.24,2.73,3.22,26.72,0.0,0.06,0.15,0.16
2014-06-24,39.25,29.36,34.04,20.99,52.7,4.2,4.92,26.77,0.0,0.06,0.15,0.16
2014-06-25,37.8,28.56,32.75,23.69,63.32,4.48,5.22,27.54,0.0,0.07,0.15,0.16
2014-06-26,39.72,27.87,33.39,20.87,55.16,2.68,3.12,27.55,0.0,0.07,0.15,0.16
2014-06-27,42.79,29.36,35.91,19.15,41.98,1.75,2.1,26.28,0.0,0.07,0.15,0.16
2014-06-28,40.81,31.12,35.26,24.22,55.69,3.09,3.6,24.64,0.0,0.06,0.15,0.16
2014-06-29,39.68,31.57,35.03,22.69,51.78,2.61,3.03,25.37,0.0,0.06,0.15,0.16
2014-06-30,39.1,30.89,34.74,20.76,47.87,2.54,2.94,25.9,0.0,0.06,0.15,0.16
2014-07-01,39.52,30.59,34.81,17.36,40.39,2.68,3.19,25.98,0.0,0.06,0.15,0.16
2014-07-02,40.42,30.53,35.36,18.13,39.52,1.8,2.15,25.43,0.0,0.06,0.15,0.15
2014-07-03,41.32,31.53,36.42,22.45,47.92,2.74,3.35,23.4,0.0,0.06,0.15,0.15
2014-07-04,41.72,33.09,37.13,22.01,44.24,2.6,3.16,24.25,0.0,0.06,0.15,0.15
2014-07-05,42.78,32.67,37.42,21.87,44.43,3.29,3.99,25.65,0.0,0.06,0.15,0.15
2014-07-06,42.0,32.06,37.07,21.56,44.3,3.4,4.02,26.11,0.0,0.06,0.15,0.15
2014-07-07,41.32,32.97,36.94,20.6,40.87,3.47,4.06,25.06,0.0,0.06,0.15,0.15
2014-07-08,41.34,32.89,36.68,22.14,46.31,3.31,3.87,22.12,0.0,0.06,0.15,0.15
2014-07-09,39.63,30.86,34.89,23.97,58.06,3.6,4.21,25.87,0.0,0.06,0.15,0.15
2014-07-10,39.98,30.64,34.83,24.02,58.12,2.76,3.18,26.96,0.0,0.06,0.15,0.15
2014-07-11,39.6,30.41,34.58,22.94,56.25,3.16,3.6,27.07,0.0,0.06,0.15,0.15
2014-07-12,38.84,30.61,34.46,25.05,61.77,3.55,4.07,26.4,0.0,0.06,0.15,0.15
2014-07-13,42.7,30.59,36.39,23.65,52.94,1.39,1.65,25.39,0.0,0.06,0.15,0.15
2014-07-14,41.51,32.78,36.76,23.5,48.99,3.74,4.48,25.91,0.0,0.06,0.15,0.15
2014-07-15,41.44,31.15,35.65,24.63,55.83,3.29,3.77,25.67,0.0,0.06,0.15,0.15
2014-07-16,40.24,31.87,35.12,24.84,58.15,3.1,3.53,26.12,0.0,0.06,0.15,0.15
2014-07-17,41.21,30.75,35.67,23.79,55.17,2.4,2.8,25.77,0.0,0.06,0.15,0.15
2014-07-18,43.2,32.15,37.38,20.3,41.53,1.54,1.85,24.87,0.0,0.06,0.15,0.15
2014-07-19,41.65,31.74,36.49,22.79,48.49,1.68,1.96,26.85,0.0,0.06,0.15,0.15
2014-07-20,42.44,32.17,36.88,22.61,47.94,2.25,2.61,27.21,0.0,0.06,0.15,0.15
2014-07-21,41.94,31.9,36.11,22.66,49.94,2.32,2.65,26.48,0.0,0.06,0.15,0.15
2014-07-22,40.02,30.48,34.82,24.6,60.73,3.32,3.81,27.37,0.0,0.06,0.15,0.15
2014-07-23,39.43,30.33,34.61,24.75,61.09,4.1,4.73,26.91,0.0,0.06,0.15,0.15
2014-07-24,38.96,30.78,34.8,23.34,54.48,3.6,4.16,25.49,0.0,0.06,0.15,0.15
2014-07-25,39.26,32.06,35.83,23.09,50.39,2.79,3.22,23.8,0.0,0.06,0.15,0.15
2014-07-26,42.24,33.63,37.24,22.16,44.61,3.3,4.0,23.5,0.0,0.06,0.15,0.15
2014-07-27,42.64,33.25,36.74,22.07,46.16,2.39,2.83,21.08,0.0,0.06,0.15,0.15
2014-07-28,38.7,31.76,34.68,25.01,59.89,3.59,4.1,25.06,0.0,0.06,0.15,0.15
2014-07-29,39.05,31.62,34.47,25.59,62.52,4.57,5.29,25.32,0.0,0.06,0.15,0.15
2014-07-30,38.26,30.22,34.57,21.8,51.04,3.1,3.57,25.86,0.0,0.06,0.15,0.15
2014-07-31,41.37,31.6,36.19,19.64,40.59,2.01,2.41,24.43,0.01,0.06,0.15,0.15
2014-08-01,40.19,32.59,36.18,21.48,44.76,2.31,2.69,24.01,0.0,0.06,0.15,0.15
2014-08-02,40.99,32.14,36.09,21.77,46.55,1.8,2.12,24.67,0.0,0.06,0.15,0.15
2014-08-03,41.08,32.54,36.42,24.02,51.66,1.93,2.24,23.02,0.0,0.06,0.15,0.15
2014-08-04,41.82,33.11,36.75,24.74,52.69,1.5,1.73,24.17,0.0,0.06,0.15,0.15
2014-08-05,40.55,32.11,35.78,24.15,54.92,1.85,2.09,25.48,0.0,0.06,0.15,0.15
2014-08-06,40.04,31.25,35.45,22.79,51.28,1.91,2.18,25.2,0.0,0.06,0.15,0.15
2014-08-07,38.57,32.2,34.74,24.05,55.31,2.27,2.58,24.56,0.0,0.06,0.15,0.15
2014-08-08,39.57,31.4,35.07,24.55,57.96,3.16,3.6,25.44,0.0,0.06,0.15,0.15
2014-08-09,40.37,31.07,35.06,25.24,59.53,4.68,5.52,25.06,1.64,0.1,0.15,0.15
2014-08-10,39.61,29.95,33.95,23.73,58.11,6.73,7.93,23.9,0.24,0.12,0.15,0.15
2014-08-11,41.22,29.31,35.14,23.29,53.88,3.44,4.02,23.86,0.13,0.11,0.15,0.15
2014-08-12,41.0,31.07,35.6,24.18,54.61,2.96,3.46,23.96,0.11,0.1,0.15,0.15
2014-08-13,40.55,30.57,35.06,23.19,54.03,4.26,5.0,23.64,0.19,0.1,0.15,0.15
2014-08-14,40.51,30.04,34.92,23.63,55.3,3.04,3.51,24.37,0.0,0.1,0.15,0.15
2014-08-15,40.9,31.33,35.92,22.99,51.14,2.35,2.69,24.47,0.0,0.09,0.15,0.15
2014-08-16,43.0,32.72,37.32,20.95,42.75,3.85,4.66,23.05,0.0,0.08,0.15,0.15
2014-08-17,42.16,31.73,36.38,20.96,43.05,6.04,7.27,21.3,0.15,0.08,0.15,0.15
2014-08-18,39.82,30.03,34.58,23.47,55.08,5.08,6.04,22.83,0.02,0.08,0.15,0.15
2014-08-19,38.92,29.79,34.18,22.37,52.58,3.46,4.01,23.6,0.0,0.08,0.15,0.15
2014-08-20,38.4,30.82,34.62,23.46,54.45,3.18,3.64,23.6,0.0,0.08,0.15,0.15
2014-08-21,38.43,31.73,34.6,23.12,53.66,2.33,2.7,23.64,0.0,0.08,0.15,0.15
2014-08-22,40.33,30.93,34.99,23.66,55.17,3.07,3.65,23.48,0.0,0.08,0.15,0.15
2014-08-23,38.65,29.75,33.37,23.97,60.32,6.75,7.95,22.2,0.0,0.08,0.15,0.15
2014-08-24,37.96,29.34,33.17,23.26,58.7,4.64,5.47,23.11,0.06,0.08,0.15,0.15
2014-08-25,37.99,28.6,33.14,22.01,55.01,3.2,3.67,22.98,0.0,0.08,0.15,0.15
2014-08-26,37.3,30.58,33.82,21.68,50.57,2.3,2.65,23.6,0.0,0.08,0.15,0.15
2014-08-27,37.34,30.83,33.97,22.24,52.07,2.51,2.88,21.79,0.0,0.07,0.15,0.15
2014-08-28,38.82,30.94,34.88,21.55,48.18,2.65,3.12,24.22,0.0,0.07,0.15,0.15
2014-08-29,39.0,31.02,35.08,21.42,47.3,3.71,4.37,22.5,0.0,0.07,0.15,0.15
2014-08-30,38.0,30.37,34.24,20.77,46.86,2.71,3.13,23.58,0.0,0.07,0.15,0.15
2014-08-31,39.26,30.91,34.42,21.04,48.87,2.3,2.67,24.03,0.0,0.07,0.15,0.15
2014-09-01,38.84,30.54,34.09,21.9,52.86,2.27,2.64,24.01,0.0,0.07,0.15,0.15
2014-09-02,40.96,29.68,35.4,19.22,43.85,1.7,2.08,24.01,0.0,0.07,0.15,0.15
2014-09-03,40.37,30.04,34.94,18.49,42.85,2.4,2.91,23.55,0.0,0.06,0.15,0.15
2014-09-04,39.63,29.84,34.32,21.6,54.2,2.46,2.92,23.48,0.0,0.06,0.15,0.15
2014-09-05,38.76,29.72,33.88,22.1,56.49,2.39,2.8,23.06,0.0,0.06,0.15,0.15
2014-09-06,38.94,29.78,33.73,19.88,48.43,2.07,2.38,23.32,0.0,0.06,0.15,0.15
2014-09-07,41.05,29.42,34.47,21.03,50.71,1.77,2.06,23.53,0.0,0.06,0.15,0.15
2014-09-08,41.77,30.69,35.54,20.42,45.6,2.4,2.9,22.73,0.0,0.06,0.15,0.15
2014-09-09,40.17,29.91,34.66,20.49,47.01,2.62,3.07,21.56,0.05,0.06,0.15,0.15
2014-09-10,39.27,29.33,33.8,21.95,55.27,2.89,3.35,22.39,0.0,0.06,0.15,0.15
2014-09-11,38.97,29.38,33.59,22.78,57.94,2.77,3.22,22.29,0.01,0.06,0.15,0.15
2014-09-12,38.89,29.99,33.4,23.15,59.08,2.23,2.57,22.58,0.0,0.06,0.15,0.15
2014-09-13,37.36,29.5,32.94,22.68,58.41,2.02,2.34,22.85,0.0,0.06,0.15,0.15
2014-09-14,39.33,30.53,34.0,22.54,54.9,2.26,2.63,22.0,0.0,0.06,0.15,0.15
2014-09-15,39.58,29.89,34.48,21.23,49.7,2.12,2.47,22.09,0.0,0.06,0.15,0.15
2014-09-16,39.41,29.06,33.84,21.67,52.93,3.81,4.47,21.41,0.01,0.06,0.15,0.15
2014-09-17,38.17,29.02,33.37,21.62,53.15,2.89,3.33,21.57,0.0,0.06,0.15,0.15
2014-09-18,37.45,30.36,33.42,22.07,53.17,2.23,2.57,21.77,0.0,0.06,0.15,0.15
2014-09-19,37.5,29.78,33.16,23.22,59.37,2.44,2.86,21.49,0.0,0.06,0.15,0.15
2014-09-20,36.9,30.93,33.58,24.46,61.09,3.45,4.08,21.23,0.0,0.06,0.15,0.15
2014-09-21,39.26,30.0,33.75,22.76,55.71,1.75,2.03,21.7,0.0,0.06,0.15,0.15
2014-09-22,38.83,29.92,33.99,22.76,54.45,2.19,2.57,21.04,0.0,0.06,0.15,0.15
2014-09-23,37.53,29.71,33.11,22.34,55.79,3.61,4.14,21.33,0.0,0.06,0.15,0.15
2014-09-24,37.05,29.76,33.02,21.98,54.62,2.31,2.68,20.62,0.0,0.06,0.15,0.15
2014-09-25,37.87,29.84,33.27,22.64,55.9,2.25,2.61,20.85,0.0,0.06,0.15,0.15
2014-09-26,37.33,29.83,33.18,22.1,54.38,3.79,4.41,20.69,0.0,0.06,0.15,0.15
2014-09-27,35.94,28.58,32.13,21.23,54.51,3.27,3.76,21.32,0.0,0.06,0.15,0.15
2014-09-28,36.41,28.46,32.24,20.18,51.6,2.61,2.98,21.04,0.0,0.06,0.15,0.15
2014-09-29,36.39,28.59,32.36,19.73,49.82,2.68,3.1,22.03,0.0,0.06,0.15,0.15
2014-09-30,35.89,29.79,32.51,22.02,55.75,2.82,3.28,20.69,0.0,0.06,0.15,0.15
2014-10-01,36.45,30.02,32.76,22.1,55.83,3.59,4.26,20.48,0.0,0.06,0.15,0.15
2014-10-02,37.21,29.86,32.95,22.05,56.07,2.76,3.27,20.19,0.0,0.06,0.15,0.15
2014-10-03,35.55,28.39,31.98,21.48,55.71,2.12,2.51,19.56,0.0,0.06,0.15,0.15
2014-10-04,37.06,28.81,32.68,20.65,51.48,2.5,2.91,20.06,0.0,0.06,0.15,0.15
2014-10-05,37.41,29.11,32.83,20.74,51.14,2.57,3.0,19.73,0.0,0.06,0.15,0.15
2014-10-06,34.78,29.73,31.87,21.71,56.1,2.4,2.77,18.93,0.0,0.06,0.15,0.15
2014-10-07,35.33,29.31,31.7,21.75,58.23,2.41,2.81,19.75,0.0,0.06,0.15,0.15
2014-10-08,36.05,27.68,31.73,21.12,56.44,2.68,3.13,19.93,0.03,0.06,0.15,0.15
2014-10-09,36.89,28.83,32.34,20.73,52.9,4.69,5.55,19.55,0.13,0.07,0.15,0.15
2014-10-10,37.53,28.32,32.54,20.22,51.55,2.89,3.4,19.22,0.01,0.07,0.15,0.15
2014-10-11,36.84,29.25,32.37,19.6,49.66,2.25,2.64,18.94,0.0,0.07,0.15,0.15
2014-10-12,35.92,29.25,31.85,22.31,59.69,3.56,4.32,19.16,0.0,0.06,0.15,0.15
2014-10-13,36.88,27.74,32.19,16.58,45.04,2.16,2.63,19.61,0.0,0.06,0.15,0.15
2014-10-14,37.08,27.35,31.7,15.27,42.35,3.58,4.34,18.9,0.0,0.06,0.15,0.15
2014-10-15,36.65,26.19,31.07,18.61,52.12,3.09,3.68,19.7,0.0,0.06,0.15,0.15
2014-10-16,36.07,26.76,31.03,17.64,47.86,2.57,3.03,18.84,0.0,0.06,0.15,0.15
2014-10-17,35.3,27.45,30.99,17.99,48.99,2.01,2.37,18.89,0.0,0.06,0.15,0.15
2014-10-18,35.62,27.43,30.94,22.04,63.07,3.63,4.37,18.33,0.0,0.06,0.15,0.15
2014-10-19,34.07,28.46,30.71,21.61,60.32,4.49,5.41,18.24,0.0,0.06,0.15,0.15
2014-10-20,34.32,27.74,30.61,18.89,51.44,2.87,3.49,17.99,0.0,0.06,0.15,0.15
2014-10-21,35.29,26.04,30.58,17.19,47.85,1.95,2.37,18.93,0.0,0.06,0.15,0.15
2014-10-22,34.82,27.41,30.57,18.07,49.7,3.15,3.7,17.11,0.0,0.06,0.15,0.15
2014-10-23,32.1,26.62,29.31,17.8,50.65,4.04,4.89,18.75,0.0,0.06,0.15,0.15
2014-10-24,34.29,24.3,28.94,15.76,47.62,1.94,2.29,18.87,0.0,0.06,0.15,0.15
2014-10-25,34.38,27.24,30.03,17.45,48.55,1.78,2.06,18.47,0.0,0.06,0.15,0.15
2014-10-26,34.11,27.64,30.23,17.65,49.3,1.39,1.62,18.05,0.0,0.06,0.15,0.15
2014-10-27,33.89,26.65,30.06,18.53,52.79,1.71,2.06,16.95,0.0,0.06,0.15,0.15
2014-10-28,34.78,25.72,30.07,15.11,43.32,2.76,3.39,17.0,0.0,0.06,0.15,0.15
2014-10-29,35.13,25.94,30.07,14.78,42.31,3.6,4.41,16.76,0.01,0.06,0.15,0.15
2014-10-30,34.03,26.17,29.57,14.94,44.85,4.08,4.92,16.72,0.02,0.06,0.15,0.15
2014-10-31,34.06,25.35,29.15,18.05,54.43,4.95,5.88,16.44,0.04,0.06,0.15,0.15
2014-11-01,33.95,26.09,29.46,19.08,56.44,3.8,4.46,15.29,0.5,0.07,0.15,0.15
2014-11-02,33.89,25.98,29.37,18.7,55.43,4.5,5.37,14.17,0.05,0.09,0.15,0.15
2014-11-03,29.91,25.97,27.84,17.77,55.29,5.79,6.93,18.11,0.0,0.09,0.15,0.15
2014-11-04,31.83,25.46,28.06,18.99,59.59,3.69,4.48,17.14,0.0,0.09,0.15,0.15
2014-11-05,33.55,24.54,28.38,17.25,55.23,4.5,5.47,16.24,0.03,0.09,0.15,0.15
2014-11-06,29.75,25.76,27.5,16.03,50.55,5.5,6.61,16.46,0.0,0.09,0.15,0.15
2014-11-07,28.2,24.75,26.35,15.38,51.28,3.43,4.07,14.5,0.24,0.09,0.15,0.15
2014-11-08,28.84,22.59,25.36,11.91,45.52,4.11,4.86,14.39,0.2,0.1,0.15,0.15
2014-11-09,28.22,20.82,24.34,7.69,37.3,3.57,4.39,17.96,0.0,0.1,0.15,0.15
2014-11-10,27.82,20.53,23.83,5.94,33.8,2.78,3.33,18.05,0.0,0.1,0.15,0.15
2014-11-11,28.04,22.46,24.63,9.92,40.72,1.9,2.29,17.64,0.06,0.09,0.15,0.15
2014-11-12,28.68,22.68,24.96,9.42,39.13,1.62,1.98,16.96,0.0,0.09,0.15,0.15
2014-11-13,29.7,21.21,25.13,10.78,42.74,2.72,3.34,16.3,0.0,0.09,0.15,0.15
2014-11-14,29.55,21.36,25.34,10.2,40.97,2.61,3.26,16.26,0.0,0.09,0.15,0.15
2014-11-15,28.87,22.18,25.39,10.98,41.25,1.89,2.28,15.96,0.0,0.08,0.15,0.15
2014-11-16,29.64,24.2,26.09,12.55,43.85,1.88,2.25,15.87,0.0,0.08,0.15,0.15
2014-11-17,28.45,23.36,25.27,14.33,51.58,2.24,2.67,13.45,0.0,0.08,0.15,0.15
2014-11-18,28.65,22.79,25.04,12.91,48.14,1.26,1.51,15.96,0.0,0.08,0.15,0.15
2014-11-19,29.58,23.09,25.7,16.87,59.67,2.35,2.79,14.17,0.0,0.08,0.15,0.15
2014-11-20,28.46,22.76,25.38,18.64,67.3,3.45,4.22,15.47,0.0,0.08,0.15,0.15
2014-11-21,27.94,22.65,25.05,15.24,55.03,1.89,2.28,15.36,0.0,0.08,0.15,0.15
2014-11-22,28.37,22.65,24.95,15.11,55.54,1.96,2.35,15.12,0.0,0.08,0.15,0.15
2014-11-23,29.86,22.01,25.27,17.31,64.18,2.38,2.88,14.71,0.0,0.08,0.15,0.15
2014-11-24,29.57,22.68,25.6,17.4,63.24,1.94,2.32,14.39,0.02,0.08,0.15,0.15
2014-11-25,30.15,22.4,26.13,18.38,65.0,3.2,3.88,13.51,0.01,0.08,0.15,0.15
2014-11-26,29.24,22.61,25.53,18.19,66.05,3.72,4.49,14.93,0.02,0.08,0.15,0.15
2014-11-27,28.26,22.91,25.22,14.87,54.65,4.1,5.04,15.33,0.01,0.08,0.15,0.15
2014-11-28,28.6,23.06,25.53,15.48,54.79,4.1,5.01,14.22,0.0,0.08,0.15,0.15
2014-11-29,27.53,22.95,24.99,14.85,54.12,5.65,6.82,15.03,0.0,0.08,0.15,0.15
2014-11-30,24.88,21.03,22.77,14.05,58.46,5.07,6.06,13.98,0.0,0.08,0.15,0.15
2014-12-01,25.1,20.64,22.59,14.98,62.66,3.94,4.71,10.43,0.0,0.08,0.15,0.15
2014-12-02,24.75,20.81,22.58,14.33,60.2,5.15,6.18,14.5,0.02,0.09,0.15,0.15
2014-12-03,25.63,20.1,22.52,13.12,56.14,3.47,4.3,15.31,0.0,0.09,0.15,0.15
2014-12-04,26.87,19.91,23.01,13.03,55.51,1.64,2.06,14.99,0.0,0.09,0.15,0.15
2014-12-05,28.48,19.82,23.87,10.24,44.62,2.2,2.73,15.17,0.0,0.08,0.15,0.15
2014-12-06,28.64,19.91,23.83,12.09,49.5,2.12,2.73,14.02,0.0,0.08,0.15,0.15
2014-12-07,29.0,20.34,23.8,10.11,44.86,2.09,2.68,15.17,0.0,0.08,0.15,0.15
2014-12-08,28.46,19.95,23.56,9.98,45.04,3.51,4.44,14.56,0.0,0.08,0.15,0.15
2014-12-09,28.1,20.22,23.27,9.89,45.45,2.69,3.41,14.73,0.0,0.08,0.15,0.15
2014-12-10,27.76,19.53,23.05,8.71,41.76,1.98,2.44,15.36,0.0,0.08,0.15,0.15
2014-12-11,26.27,20.78,22.95,15.2,63.03,2.78,3.38,14.67,0.0,0.08,0.15,0.15
2014-12-12,27.29,21.06,23.77,15.25,60.16,2.06,2.67,14.67,0.0,0.08,0.15,0.15
2014-12-13,27.19,19.54,22.7,9.17,45.76,3.45,4.32,14.69,0.0,0.08,0.15,0.15
2014-12-14,27.75,18.45,22.57,7.8,41.21,1.76,2.24,15.16,0.0,0.08,0.15,0.15
2014-12-15,27.42,18.5,22.54,8.86,43.51,1.59,2.06,13.55,0.0,0.08,0.15,0.15
2014-12-16,26.33,19.28,22.35,10.67,48.58,1.46,1.82,13.45,0.0,0.08,0.15,0.15
2014-12-17,25.53,20.43,22.44,14.06,59.88,2.29,2.74,14.36,0.0,0.08,0.15,0.15
2014-12-18,25.34,20.2,22.24,13.68,59.87,3.49,4.34,14.1,0.0,0.08,0.15,0.15
2014-12-19,25.48,20.01,22.16,10.79,49.24,1.01,1.23,14.72,0.0,0.08,0.15,0.15
2014-12-20,25.06,19.92,21.85,13.39,59.45,1.75,2.06,14.35,0.0,0.08,0.15,0.15
2014-12-21,23.66,18.3,20.53,14.33,69.07,3.1,3.77,12.74,0.0,0.08,0.15,0.15
2014-12-22,24.57,17.62,20.71,14.95,70.98,3.69,4.54,12.95,0.0,0.08,0.15,0.15
2014-12-23,24.22,19.57,21.54,15.01,67.63,4.04,4.98,14.15,0.0,0.08,0.15,0.15
2014-12-24,24.31,19.7,21.61,12.44,56.87,5.37,6.57,14.16,0.0,0.08,0.15,0.15
2014-12-25,23.57,18.62,20.8,11.7,56.81,3.82,4.66,14.67,0.0,0.08,0.15,0.15
2014-12-26,25.96,18.6,21.73,10.36,49.55,1.51,1.82,14.73,0.0,0.08,0.15,0.15
2014-12-27,24.81,17.88,21.02,11.65,56.51,1.8,2.23,14.88,0.0,0.08,0.15,0.15
2014-12-28,23.97,18.3,20.63,15.13,71.61,2.65,3.28,14.99,0.0,0.08,0.15,0.15
2014-12-29,25.09,18.76,21.29,17.71,81.02,2.66,3.23,13.93,0.0,0.08,0.15,0.15
2014-12-30,25.64,17.71,21.3,15.61,73.54,2.32,2.87,13.95,0.0,0.08,0.15,0.15
2014-12-31,25.61,19.81,22.2,14.99,65.0,1.14,1.45,14.06,0.01,0.08,0.15,0.15
2015-01-01,26.75,18.42,22.41,13.24,58.77,1.93,2.44,14.56,0.0,0.08,0.15,0.15
2015-01-02,25.67,18.88,21.86,12.38,57.22,2.08,2.52,14.91,0.0,0.08,0.15,0.15
2015-01-03,24.92,19.3,21.38,15.46,70.4,3.66,4.5,14.49,0.0,0.08,0.15,0.15
2015-01-04,24.25,18.36,20.94,15.08,70.51,2.91,3.54,15.0,0.0,0.08,0.15,0.15
2015-01-05,25.6,17.44,21.34,12.29,59.36,1.51,1.81,15.15,0.0,0.08,0.15,0.15
2015-01-06,25.36,19.2,21.57,13.16,60.1,1.99,2.42,15.09,2.74,0.15,0.15,0.15
2015-01-07,24.41,18.7,21.0,15.37,71.55,3.39,4.21,15.38,0.01,0.12,0.15,0.15
2015-01-08,25.48,18.36,21.35,13.87,65.22,3.56,4.44,15.16,0.04,0.12,0.15,0.15
2015-01-09,23.45,18.71,20.7,14.13,67.38,3.59,4.44,13.47,0.0,0.11,0.15,0.15
2015-01-10,24.78,18.2,20.97,13.73,64.82,2.23,2.71,13.35,0.0,0.11,0.15,0.15
2015-01-11,25.13,18.98,21.66,14.89,66.58,3.07,3.69,12.08,0.0,0.11,0.15,0.15
2015-01-12,21.69,17.86,20.03,13.04,64.55,6.12,7.31,12.26,0.0,0.1,0.15,0.15
2015-01-13,24.03,17.19,20.23,8.59,49.23,2.98,3.7,14.88,0.0,0.1,0.15,0.15
2015-01-14,24.66,16.29,20.02,5.54,41.88,2.88,3.64,16.13,0.0,0.1,0.15,0.15
2015-01-15,26.13,16.87,20.6,7.81,47.06,2.32,2.9,16.13,0.0,0.1,0.15,0.15
2015-01-16,25.46,15.48,19.93,9.41,54.69,1.9,2.37,15.68,0.0,0.09,0.15,0.15
2015-01-17,24.32,18.05,20.78,12.96,62.46,2.21,2.64,14.21,0.0,0.09,0.15,0.15
2015-01-18,25.09,18.93,21.6,12.19,57.32,2.1,2.53,13.37,0.4,0.09,0.15,0.15
2015-01-19,19.44,16.98,18.27,12.39,69.0,6.2,7.43,6.58,9.69,0.25,0.16,0.16
2015-01-20,19.92,16.82,18.21,7.96,51.98,6.0,7.21,16.62,0.91,0.23,0.17,0.17
2015-01-21,20.89,16.75,18.38,5.96,45.04,2.48,3.01,14.45,0.0,0.19,0.17,0.17
2015-01-22,21.97,16.89,18.83,4.86,40.75,1.09,1.3,17.07,0.0,0.17,0.17,0.17
2015-01-23,22.21,16.85,18.75,8.78,53.64,1.57,1.88,16.99,0.0,0.16,0.17,0.17
2015-01-24,21.92,16.35,18.78,10.39,59.82,1.73,2.08,16.33,0.0,0.16,0.17,0.17
2015-01-25,23.82,17.87,20.31,10.11,53.1,2.1,2.54,16.94,0.0,0.15,0.17,0.17
2015-01-26,23.67,16.39,19.72,9.08,51.65,1.62,1.93,17.01,0.0,0.15,0.16,0.17
2015-01-27,24.57,18.34,20.54,10.35,54.25,1.67,2.05,16.89,0.0,0.14,0.16,0.17
2015-01-28,24.15,17.76,20.39,13.21,65.38,2.49,2.94,17.2,0.0,0.13,0.16,0.17
2015-01-29,26.22,16.4,20.98,10.12,53.17,1.49,1.9,17.55,0.0,0.13,0.16,0.17
2015-01-30,27.87,17.56,22.24,11.04,53.9,2.16,2.79,17.78,0.0,0.13,0.16,0.17
2015-01-31,27.52,18.25,22.64,10.73,50.45,2.93,3.63,17.44,0.0,0.12,0.16,0.17
2015-02-01,26.91,19.18,22.34,13.02,59.16,3.95,4.76,16.77,0.03,0.12,0.16,0.17
2015-02-02,24.54,18.4,21.1,13.99,65.63,3.87,4.73,18.11,0.0,0.12,0.16,0.17
2015-02-03,27.04,16.22,21.18,13.68,66.53,1.97,2.4,17.56,0.0,0.12,0.16,0.17
2015-02-04,28.38,18.87,22.83,15.75,69.1,2.83,3.52,17.62,0.01,0.12,0.16,0.16
2015-02-05,27.23,18.31,22.4,13.14,61.35,3.33,4.06,17.17,0.15,0.12,0.16,0.16
2015-02-06,23.84,17.96,20.57,14.62,70.48,4.06,4.94,17.26,0.01,0.12,0.16,0.16
2015-02-07,24.8,18.24,20.92,13.72,64.8,1.99,2.44,17.85,0.0,0.12,0.16,0.16
2015-02-08,27.57,17.01,22.14,11.8,56.66,2.77,3.37,18.12,0.0,0.12,0.16,0.16
2015-02-09,28.83,19.27,23.4,14.22,61.64,4.26,5.22,16.9,0.09,0.11,0.16,0.16
2015-02-10,27.61,19.57,23.16,16.48,68.49,4.2,5.07,17.37,0.01,0.12,0.16,0.16
2015-02-11,28.6,19.54,23.84,15.83,64.22,2.89,3.51,17.41,0.0,0.11,0.16,0.16
2015-02-12,30.3,20.62,24.82,12.59,50.9,2.98,3.7,17.83,0.0,0.11,0.16,0.16
2015-02-13,28.95,20.69,24.37,12.17,49.41,2.63,3.27,18.34,0.0,0.11,0.16,0.16
2015-02-14,29.73,22.13,25.1,9.36,39.47,1.72,2.12,18.71,0.0,0.1,0.16,0.16
2015-02-15,29.6,20.95,24.29,13.74,56.99,3.25,3.91,18.58,0.07,0.1,0.16,0.16
2015-02-16,28.38,19.79,23.48,15.13,65.21,2.86,3.54,19.39,0.03,0.11,0.16,0.16
2015-02-17,29.63,19.77,24.24,11.39,50.38,1.32,1.59,18.29,0.13,0.11,0.16,0.16
2015-02-18,30.52,22.55,25.47,9.71,40.21,1.82,2.2,18.66,0.02,0.11,0.16,0.16
2015-02-19,31.27,21.34,25.56,8.97,39.89,2.75,3.44,18.89,0.03,0.11,0.16,0.16
2015-02-20,31.87,22.2,27.01,4.99,26.91,6.28,7.85,13.43,0.0,0.1,0.16,0.16
2015-02-21,27.29,20.78,23.93,11.01,46.52,8.82,10.69,12.97,0.0,0.1,0.16,0.16
2015-02-22,22.36,16.66,20.24,8.78,48.78,7.04,8.36,11.48,0.13,0.1,0.16,0.16
2015-02-23,19.72,15.46,17.43,9.05,58.56,8.54,10.17,17.09,0.0,0.1,0.16,0.16
2015-02-24,21.85,16.48,19.13,6.87,45.87,2.29,2.75,19.04,0.0,0.1,0.16,0.16
2015-02-25,23.93,17.58,20.24,7.55,44.78,1.53,1.79,20.18,0.0,0.1,0.16,0.16
2015-02-26,23.4,17.67,20.21,10.82,56.24,3.83,4.58,20.13,0.0,0.1,0.16,0.16
2015-02-27,22.81,17.55,20.02,10.36,54.63,7.11,8.6,17.54,0.0,0.1,0.16,0.16
2015-02-28,22.54,16.05,19.06,5.04,41.58,4.29,5.21,21.04,0.0,0.1,0.16,0.16
2015-03-01,23.93,16.77,19.8,7.68,47.42,2.84,3.45,21.55,0.0,0.1,0.16,0.16
2015-03-02,25.31,16.03,20.73,9.55,52.15,3.5,4.21,20.49,0.0,0.1,0.16,0.16
2015-03-03,25.6,18.44,21.55,8.87,48.71,3.52,4.2,20.78,0.0,0.09,0.16,0.16
2015-03-04,26.58,18.82,22.31,13.46,61.27,5.14,6.28,18.66,0.0,0.09,0.16,0.16
2015-03-05,25.35,18.76,21.7,12.64,59.92,5.45,6.64,20.73,0.0,0.09,0.16,0.16
2015-03-06,24.02,20.11,21.59,12.67,57.87,6.86,8.23,20.79,0.0,0.09,0.16,0.16
2015-03-07,25.92,18.43,21.74,10.18,50.33,3.76,4.61,17.48,0.0,0.1,0.16,0.16
2015-03-08,28.53,17.92,22.55,7.91,44.42,2.5,3.26,20.71,0.0,0.09,0.16,0.16
2015-03-09,27.68,17.27,22.17,10.9,52.3,2.69,3.34,19.78,0.0,0.09,0.16,0.16
2015-03-10,29.52,19.26,24.15,13.56,56.99,3.59,4.44,18.39,0.02,0.09,0.16,0.16
2015-03-11,26.03,19.42,22.68,13.71,59.75,5.96,7.23,18.63,1.49,0.13,0.16,0.16
2015-03-12,23.62,17.11,20.14,11.04,58.42,5.31,6.34,21.83,0.29,0.16,0.16,0.16
2015-03-13,24.84,16.92,20.66,8.49,47.81,3.24,4.01,21.93,0.0,0.14,0.16,0.16
2015-03-14,26.95,17.29,22.11,11.13,51.82,2.21,2.74,22.39,0.0,0.13,0.16,0.16
2015-03-15,29.34,19.3,23.54,11.64,50.01,2.05,2.48,18.14,0.0,0.12,0.16,0.16
2015-03-16,26.62,21.41,23.87,11.9,49.57,1.68,2.06,10.23,6.65,0.13,0.16,0.16
2015-03-17,30.14,20.68,24.8,15.21,57.12,4.23,5.15,18.35,3.57,0.27,0.18,0.18
2015-03-18,31.16,21.58,25.58,16.19,59.69,3.56,4.41,19.34,0.0,0.19,0.18,0.17
2015-03-19,29.16,22.02,25.33,16.26,59.49,2.82,3.56,16.8,0.0,0.18,0.17,0.17
2015-03-20,31.37,22.72,26.13,15.51,54.09,3.3,4.24,18.49,0.0,0.17,0.17,0.17
2015-03-21,31.17,23.22,26.65,14.39,49.56,2.43,3.2,12.82,0.0,0.16,0.17,0.17
2015-03-22,32.43,23.61,26.45,13.89,48.69,3.57,4.51,13.27,0.02,0.15,0.17,0.17
2015-03-23,27.01,21.81,23.67,16.93,67.1,2.69,3.22,12.57,5.0,0.24,0.18,0.18
2015-03-24,27.55,19.22,23.19,14.5,63.02,2.19,2.67,23.0,0.01,0.2,0.18,0.18
2015-03-25,27.38,18.66,22.84,14.28,62.48,2.67,3.21,21.22,0.14,0.17,0.18,0.18
2015-03-26,29.82,21.34,25.06,16.1,59.99,2.81,3.33,22.1,0.0,0.15,0.17,0.18
2015-03-27,27.98,21.86,24.32,17.0,65.62,3.23,3.88,14.84,0.01,0.15,0.17,0.18
2015-03-28,28.58,21.13,24.52,17.63,68.51,2.99,3.56,22.36,0.0,0.14,0.17,0.18
2015-03-29,31.07,19.8,25.35,14.3,57.49,1.6,1.96,24.47,0.0,0.13,0.17,0.18
2015-03-30,30.79,21.62,26.09,13.6,49.94,1.19,1.37,23.42,0.0,0.12,0.17,0.18
2015-03-31,34.91,23.44,28.52,11.84,39.08,2.66,3.43,20.96,0.0,0.11,0.17,0.17
2015-04-01,33.62,23.59,28.38,16.63,51.81,2.58,3.25,21.89,0.04,0.11,0.17,0.17
2015-04-02,28.72,22.03,25.47,17.05,61.94,6.17,7.41,15.48,0.01,0.11,0.17,0.17
2015-04-03,26.87,21.17,23.55,15.69,62.59,6.33,7.55,24.54,0.61,0.13,0.17,0.17
2015-04-04,26.76,19.84,23.1,15.2,63.47,4.94,5.9,24.95,0.0,0.13,0.17,0.17
2015-04-05,31.01,20.71,25.28,14.75,57.58,4.1,5.02,20.19,0.24,0.12,0.17,0.17
2015-04-06,34.07,20.88,26.13,16.86,65.02,2.3,2.9,23.54,0.23,0.13,0.17,0.17
2015-04-07,34.12,21.07,26.97,15.61,58.2,1.42,1.86,23.34,0.29,0.12,0.17,0.17
2015-04-08,35.49,23.11,27.8,14.45,47.99,1.61,2.1,22.36,0.08,0.12,0.17,0.17
2015-04-09,32.21,23.14,27.57,15.79,52.95,1.72,2.1,23.48,0.17,0.11,0.17,0.17
2015-04-10,33.61,24.0,28.66,14.23,44.43,1.51,1.9,24.34,0.07,0.11,0.17,0.17
2015-04-11,35.87,25.88,30.42,10.29,32.61,1.49,1.91,24.79,0.0,0.1,0.17,0.17
2015-04-12,37.25,28.24,31.83,8.9,27.58,2.35,3.1,24.63,0.0,0.09,0.17,0.17
2015-04-13,35.23,24.58,29.87,13.88,43.11,3.16,3.91,24.81,0.0,0.09,0.17,0.17
2015-04-14,32.8,22.85,26.88,18.62,64.63,4.05,4.77,23.84,0.0,0.09,0.17,0.17
2015-04-15,31.02,23.23,27.04,16.2,54.3,3.24,3.94,23.94,0.0,0.09,0.16,0.17
2015-04-16,34.42,22.98,28.46,15.2,51.67,2.23,2.7,25.18,0.0,0.09,0.16,0.17
2015-04-17,34.44,25.31,29.29,15.29,47.64,2.9,3.5,25.14,0.0,0.09,0.16,0.17
2015-04-18,34.53,24.22,28.07,18.44,61.1,4.83,5.79,25.86,0.0,0.09,0.16,0.17
2015-04-19,30.1,23.29,26.53,16.48,57.93,6.35,7.6,24.83,0.0,0.09,0.16,0.17
2015-04-20,30.23,21.86,25.63,17.14,62.52,4.52,5.36,26.82,0.0,0.09,0.16,0.17
2015-04-21,30.87,21.21,25.83,17.69,65.7,3.54,4.22,26.72,0.0,0.09,0.16,0.17
2015-04-22,32.1,20.97,26.56,15.84,58.07,2.75,3.29,26.92,0.0,0.09,0.16,0.17
2015-04-23,33.35,24.21,28.58,10.37,36.62,2.35,2.91,23.37,0.0,0.09,0.16,0.17
2015-04-24,35.47,25.85,29.79,15.55,47.14,2.39,2.88,25.07,0.0,0.08,0.16,0.17
2015-04-25,31.98,24.28,27.94,19.76,63.91,4.59,5.48,25.35,0.0,0.08,0.16,0.16
2015-04-26,32.88,23.31,27.69,19.65,65.26,4.29,5.06,25.52,0.0,0.08,0.16,0.16
2015-04-27,35.8,23.37,28.8,18.74,61.19,2.59,3.03,25.22,0.0,0.08,0.16,0.16
2015-04-28,34.1,23.21,28.04,19.21,65.22,3.08,3.66,25.88,0.0,0.08,0.16,0.16
2015-04-29,34.47,23.2,28.17,18.92,63.68,3.75,4.51,26.07,0.0,0.08,0.16,0.16
2015-04-30,33.55,22.97,28.17,17.69,61.8,3.68,4.43,26.95,0.0,0.08,0.16,0.16
2015-05-01,34.12,22.12,28.03,15.68,55.35,2.59,3.13,27.92,0.0,0.08,0.16,0.16
2015-05-02,35.7,24.46,29.95,8.2,31.37,1.82,2.2,28.31,0.0,0.08,0.16,0.16
2015-05-03,37.01,27.05,31.83,7.63,25.29,1.95,2.36,26.62,0.01,0.07,0.16,0.16
2015-05-04,38.24,28.91,32.89,8.09,24.39,1.72,2.24,24.97,0.0,0.07,0.16,0.16
2015-05-05,34.06,27.23,30.63,17.82,49.2,2.6,3.28,15.87,0.0,0.07,0.16,0.16
2015-05-06,36.78,27.91,32.77,13.93,35.13,1.53,1.91,25.5,0.0,0.07,0.16,0.16
2015-05-07,37.99,29.62,33.65,11.81,28.77,1.79,2.37,25.3,0.0,0.07,0.16,0.16
2015-05-08,39.49,30.09,34.51,13.1,29.94,1.99,2.67,23.83,0.0,0.07,0.16,0.16
2015-05-09,36.68,30.25,33.07,17.03,41.46,3.16,3.71,13.88,0.36,0.07,0.16,0.16
2015-05-10,35.52,27.82,31.51,18.27,47.48,3.34,4.05,15.8,0.18,0.09,0.16,0.16
2015-05-11,36.14,27.05,31.36,15.31,42.89,2.75,3.35,27.18,0.0,0.09,0.16,0.16
2015-05-12,37.58,26.63,31.67,17.76,49.87,2.22,2.72,26.93,0.0,0.09,0.16,0.16
2015-05-13,38.85,26.93,32.56,17.36,48.96,1.57,1.86,26.73,0.01,0.08,0.16,0.16
2015-05-14,38.55,27.49,32.68,17.47,47.91,2.64,3.11,26.71,0.02,0.08,0.16,0.16
2015-05-15,39.15,27.46,32.93,17.36,45.9,2.9,3.47,26.93,0.02,0.08,0.16,0.16
2015-05-16,38.21,27.66,32.34,23.32,64.9,3.31,3.9,26.19,0.01,0.08,0.16,0.16
2015-05-17,38.42,29.0,32.83,23.1,62.68,4.33,5.15,26.18,0.0,0.08,0.16,0.16
2015-05-18,36.45,26.98,31.24,19.37,55.01,5.75,6.84,27.29,0.0,0.08,0.16,0.16
2015-05-19,35.5,25.5,30.24,19.48,57.18,3.34,3.93,28.38,0.0,0.08,0.15,0.16
2015-05-20,36.02,25.22,30.48,19.5,57.99,2.89,3.38,27.92,0.0,0.07,0.15,0.16
2015-05-21,37.6,25.9,31.26,16.2,47.91,3.18,3.79,28.5,0.0,0.07,0.15,0.16
2015-05-22,36.63,26.07,31.49,15.77,45.4,3.24,3.92,28.38,0.0,0.07,0.15,0.16
2015-05-23,37.96,28.52,33.29,10.74,28.01,2.74,3.37,27.82,0.0,0.07,0.15,0.16
2015-05-24,38.87,29.43,33.92,14.56,35.0,3.27,3.97,26.08,0.0,0.07,0.15,0.16
2015-05-25,38.17,28.1,33.07,19.7,50.67,4.2,5.05,26.07,0.0,0.07,0.15,0.16
2015-05-26,37.8,28.46,32.73,20.87,56.74,5.22,6.21,26.11,0.01,0.07,0.15,0.16
2015-05-27,36.05,29.24,32.36,20.34,53.56,7.52,9.01,27.21,0.05,0.07,0.15,0.16
2015-05-28,35.74,27.93,31.57,21.51,59.0,6.38,7.61,27.71,0.02,0.07,0.15,0.16
2015-05-29,39.49,26.23,32.45,17.33,49.53,2.0,2.48,27.6,0.02,0.07,0.15,0.16
2015-05-30,41.1,30.53,35.14,9.43,25.7,2.1,2.61,27.31,0.0,0.07,0.15,0.15
2015-05-31,40.14,30.59,34.71,14.98,35.52,3.06,3.63,27.13,0.0,0.06,0.15,0.15
2015-06-01,41.83,29.53,34.55,19.19,46.75,2.97,3.6,27.22,0.0,0.06,0.15,0.15
2015-06-02,44.6,29.82,37.82,13.01,31.55,2.94,3.68,27.7,0.0,0.06,0.15,0.15
2015-06-03,43.95,32.36,38.15,10.78,23.54,2.81,3.57,27.53,0.0,0.06,0.15,0.15
2015-06-04,42.4,31.06,36.37,15.66,34.45,4.27,5.31,26.4,0.0,0.05,0.15,0.15
2015-06-05,39.14,30.08,34.36,23.66,56.94,4.56,5.49,25.16,0.56,0.07,0.15,0.15
2015-06-06,38.46,30.6,34.15,21.5,50.16,4.29,5.05,24.82,0.05,0.08,0.15,0.15
2015-06-07,38.14,30.37,34.52,18.8,42.13,2.57,3.09,25.91,0.03,0.08,0.15,0.15
2015-06-08,39.33,29.58,34.03,21.0,53.12,2.46,2.83,27.57,0.07,0.08,0.15,0.15
2015-06-09,40.02,29.62,35.09,21.9,51.21,3.85,4.74,26.52,0.11,0.08,0.15,0.15
2015-06-10,40.13,30.11,34.75,22.44,52.31,4.59,5.5,25.7,0.0,0.08,0.15,0.15
2015-06-11,38.88,30.18,33.91,24.08,59.01,5.51,6.57,26.11,0.0,0.08,0.15,0.15
2015-06-12,38.25,29.9,33.73,23.51,57.67,3.71,4.4,25.44,0.0,0.08,0.15,0.15
2015-06-13,39.38,30.08,34.64,23.02,53.31,2.81,3.27,26.1,0.0,0.08,0.15,0.15
2015-06-14,39.77,30.37,34.62,23.5,55.5,3.35,3.88,26.85,0.0,0.07,0.15,0.15
2015-06-15,38.97,30.69,34.53,23.75,56.53,2.16,2.52,26.84,0.0,0.07,0.15,0.15
2015-06-16,40.12,30.14,34.55,22.01,52.16,1.84,2.15,26.98,0.0,0.07,0.15,0.15
2015-06-17,40.45,30.62,35.12,21.29,48.35,2.09,2.54,27.01,0.0,0.07,0.15,0.15
2015-06-18,40.49,30.22,35.08,22.92,53.33,2.43,2.89,26.51,0.01,0.07,0.15,0.15
2015-06-19,38.67,30.12,33.95,23.3,58.85,2.85,3.28,28.43,0.04,0.07,0.15,0.15
2015-06-20,40.28,30.16,34.84,23.31,55.91,1.95,2.23,27.38,0.01,0.07,0.15,0.15
2015-06-21,40.28,31.53,35.2,24.01,55.76,2.66,3.05,26.18,0.04,0.07,0.15,0.15
2015-06-22,40.47,31.65,35.29,24.42,56.89,3.43,3.98,25.19,0.03,0.07,0.15,0.15
2015-06-23,37.03,31.16,33.42,25.4,64.54,5.52,6.45,20.43,0.02,0.07,0.15,0.15
2015-06-24,37.45,30.36,33.42,22.7,56.96,6.95,8.27,26.69,0.01,0.07,0.15,0.15
2015-06-25,37.14,29.77,32.98,22.85,59.2,6.96,8.27,26.95,0.1,0.08,0.15,0.15
2015-06-26,39.54,30.4,33.94,20.84,51.87,7.82,9.36,27.75,0.2,0.08,0.15,0.15
2015-06-27,36.84,29.68,32.98,21.24,54.34,7.31,8.74,26.82,0.01,0.08,0.15,0.15
2015-06-28,37.23,29.58,33.08,20.14,51.41,7.18,8.61,27.96,0.2,0.08,0.15,0.15
2015-06-29,37.02,27.9,32.4,20.33,54.58,3.92,4.62,25.77,0.12,0.08,0.15,0.15
2015-06-30,39.23,27.57,33.11,20.42,54.49,1.52,1.77,28.03,1.62,0.11,0.15,0.15
2015-07-01,40.32,29.53,34.33,20.75,50.39,2.12,2.48,26.7,0.0,0.09,0.15,0.15
2015-07-02,39.1,31.1,34.92,20.58,46.31,2.17,2.5,24.64,0.0,0.08,0.15,0.15
2015-07-03,40.16,30.53,35.6,20.52,46.14,2.28,2.77,23.5,0.0,0.07,0.15,0.15
2015-07-04,40.59,32.96,36.88,15.67,30.84,3.42,4.24,24.9,0.0,0.07,0.15,0.15
2015-07-05,40.2,31.21,35.97,16.87,34.92,3.57,4.38,25.56,0.0,0.07,0.15,0.15
2015-07-06,38.76,29.67,33.78,23.08,58.24,3.04,3.54,25.64,0.01,0.07,0.15,0.15
2015-07-07,39.72,29.51,34.06,24.99,63.53,3.17,3.7,23.48,0.03,0.07,0.15,0.15
2015-07-08,43.35,30.06,36.61,22.38,50.81,2.01,2.43,22.49,0.03,0.07,0.15,0.15
2015-07-09,42.0,32.58,36.99,20.26,42.53,2.89,3.54,24.81,0.03,0.07,0.15,0.15
2015-07-10,39.35,31.31,35.49,23.12,51.78,3.27,3.87,24.05,0.01,0.06,0.15,0.15
2015-07-11,38.37,29.89,34.03,21.75,54.06,4.17,4.9,26.38,0.01,0.06,0.15,0.15
2015-07-12,43.82,30.98,36.9,16.51,34.47,3.63,4.46,25.01,0.01,0.06,0.15,0.15
2015-07-13,43.01,30.32,36.32,22.04,49.28,5.63,6.79,24.17,0.06,0.06,0.15,0.15
2015-07-14,42.13,31.01,36.07,22.99,50.78,3.82,4.54,23.81,0.17,0.07,0.15,0.15
2015-07-15,40.57,32.34,36.39,21.8,47.14,3.3,3.95,25.66,0.0,0.07,0.15,0.15
2015-07-16,38.92,30.68,34.62,25.58,62.91,3.75,4.37,25.92,0.0,0.06,0.15,0.15
2015-07-17,43.97,30.8,36.34,23.27,55.54,2.12,2.52,25.53,0.0,0.06,0.15,0.15
2015-07-18,46.05,32.02,38.17,21.13,44.79,1.18,1.43,24.63,0.0,0.06,0.15,0.15
2015-07-19,41.37,31.95,35.62,24.33,56.85,3.16,3.65,24.36,0.0,0.06,0.15,0.15
2015-07-20,40.07,31.16,36.14,16.93,37.68,2.64,3.17,26.45,0.0,0.06,0.15,0.15
2015-07-21,42.2,33.43,37.5,13.42,25.98,1.44,1.8,25.25,0.0,0.05,0.15,0.15
2015-07-22,43.12,30.94,37.07,18.84,39.07,1.71,2.13,25.09,0.01,0.05,0.15,0.15
2015-07-23,41.97,32.52,36.93,20.54,41.24,1.48,1.74,23.37,0.0,0.05,0.15,0.15
2015-07-24,40.93,32.21,36.11,22.07,47.02,5.34,6.34,22.92,0.02,0.05,0.15,0.15
2015-07-25,40.39,31.39,35.98,23.14,50.5,2.98,3.57,21.47,0.22,0.06,0.15,0.15
2015-07-26,42.52,34.1,37.66,21.64,42.57,2.75,3.24,23.81,0.03,0.06,0.15,0.15
2015-07-27,42.34,34.68,38.34,20.59,37.76,1.95,2.4,23.14,0.04,0.06,0.15,0.15
2015-07-28,42.31,33.86,37.78,21.39,41.7,3.92,4.69,25.77,0.03,0.06,0.15,0.15
2015-07-29,41.38,33.1,36.92,21.29,43.93,3.62,4.3,24.83,0.11,0.07,0.15,0.15
2015-07-30,39.17,33.46,36.69,20.58,40.63,3.9,4.64,23.73,0.04,0.07,0.15,0.15
2015-07-31,40.39,32.82,36.71,18.88,36.38,2.59,3.12,25.07,0.0,0.07,0.15,0.15
2015-08-01,40.48,31.97,36.37,20.57,42.05,2.77,3.3,23.35,0.0,0.07,0.15,0.15
2015-08-02,40.98,32.98,36.98,20.68,41.07,3.13,3.76,23.21,0.01,0.07,0.15,0.15
2015-08-03,41.2,33.01,37.19,20.91,40.92,3.14,3.72,24.15,0.04,0.07,0.15,0.15
2015-08-04,40.73,32.19,36.62,20.32,40.92,3.04,3.58,24.57,0.01,0.07,0.15,0.15
2015-08-05,41.42,32.47,36.7,19.02,37.94,2.5,2.95,23.55,0.0,0.06,0.15,0.15
2015-08-06,40.31,32.37,36.16,19.61,41.41,2.28,2.63,25.31,0.0,0.06,0.15,0.15
2015-08-07,43.25,33.14,37.64,18.5,36.54,1.66,1.97,24.07,0.0,0.06,0.15,0.15
2015-08-08,44.34,33.64,38.34,17.09,34.08,2.26,2.74,24.8,0.0,0.06,0.15,0.15
2015-08-09,42.3,32.27,36.53,22.88,51.63,2.56,2.97,25.89,0.0,0.05,0.15,0.15
2015-08-10,44.52,31.05,37.98,19.32,44.06,2.44,3.07,25.69,0.0,0.05,0.15,0.15
2015-08-11,41.95,33.78,37.88,18.63,34.36,4.12,5.07,24.1,0.0,0.05,0.15,0.15
2015-08-12,41.39,31.02,36.07,21.71,47.72,4.28,5.07,23.91,0.0,0.05,0.15,0.15
2015-08-13,41.63,30.5,36.03,20.35,44.1,3.31,3.9,24.69,0.0,0.05,0.15,0.15
2015-08-14,41.4,30.75,35.98,19.02,40.67,2.41,2.85,24.55,0.0,0.05,0.15,0.15
2015-08-15,42.05,31.64,36.56,20.01,42.09,2.8,3.33,25.18,0.0,0.05,0.15,0.15
2015-08-16,41.84,30.5,36.03,22.08,48.8,3.98,4.71,24.35,0.01,0.05,0.15,0.15
2015-08-17,41.39,30.6,35.52,21.69,48.61,2.97,3.45,23.16,0.0,0.05,0.15,0.15
2015-08-18,41.2,30.93,35.64,21.93,48.59,3.03,3.59,23.9,0.0,0.05,0.15,0.15
2015-08-19,40.13,30.54,35.18,23.27,53.1,3.77,4.39,24.27,0.01,0.05,0.15,0.15
2015-08-20,39.61,31.56,35.48,22.36,48.9,3.79,4.39,23.73,0.03,0.05,0.15,0.15
2015-08-21,39.54,32.25,35.67,22.29,47.31,3.03,3.56,23.89,0.0,0.05,0.15,0.15
2015-08-22,40.34,32.83,36.29,19.59,39.33,3.14,3.72,23.06,0.0,0.05,0.15,0.15
2015-08-23,41.04,32.55,36.42,18.65,37.08,3.42,4.09,24.23,0.0,0.05,0.15,0.15
2015-08-24,41.33,32.72,36.46,19.47,40.13,4.09,4.92,23.32,0.0,0.05,0.15,0.15
2015-08-25,41.35,32.19,36.42,18.25,37.08,4.44,5.32,24.59,0.0,0.05,0.15,0.15
2015-08-26,41.35,32.17,36.44,16.73,33.43,3.36,4.06,23.9,0.0,0.05,0.15,0.15
2015-08-27,40.08,32.16,35.72,19.39,41.76,2.19,2.54,23.03,0.0,0.05,0.15,0.15
2015-08-28,40.98,31.18,35.93,22.44,49.62,1.4,1.7,21.96,0.02,0.05,0.15,0.15
2015-08-29,42.18,31.8,36.72,22.46,46.83,3.16,3.82,23.42,0.0,0.05,0.15,0.15
2015-08-30,43.86,31.74,37.39,20.97,42.54,3.02,3.64,21.88,0.0,0.05,0.15,0.15
2015-08-31,41.65,32.97,36.91,20.76,41.13,2.7,3.25,22.95,0.0,0.05,0.15,0.15
2015-09-01,43.28,32.68,36.95,21.64,44.85,1.87,2.27,23.75,0.0,0.05,0.15,0.15
2015-09-02,39.24,31.91,35.18,24.24,56.01,1.57,1.77,22.46,0.0,0.05,0.15,0.15
2015-09-03,39.65,31.43,34.84,23.17,54.85,3.18,3.75,22.17,0.05,0.05,0.15,0.15
2015-09-04,36.56,29.75,32.29,24.29,63.98,7.79,9.21,20.34,0.44,0.06,0.15,0.15
2015-09-05,37.53,29.33,32.97,22.08,55.14,4.57,5.32,22.15,0.19,0.08,0.15,0.15
2015-09-06,37.89,29.22,33.43,21.34,51.49,3.56,4.09,21.67,0.17,0.08,0.15,0.15
2015-09-07,36.11,31.24,33.41,24.24,60.06,3.43,4.02,21.56,0.78,0.11,0.15,0.15
2015-09-08,36.66,29.81,33.21,21.35,52.58,2.42,2.84,21.15,0.2,0.13,0.15,0.15
2015-09-09,37.03,30.63,33.74,19.82,45.33,2.29,2.69,22.4,0.13,0.12,0.15,0.15
2015-09-10,38.46,30.46,34.25,19.32,43.26,2.47,2.91,22.46,0.08,0.11,0.15,0.15
2015-09-11,39.36,31.17,34.61,19.58,43.76,1.8,2.1,21.49,0.02,0.1,0.15,0.15
2015-09-12,39.49,30.38,34.26,20.33,47.98,1.7,1.98,21.65,0.01,0.09,0.15,0.15
2015-09-13,40.17,30.47,35.08,18.38,40.24,1.95,2.34,21.94,0.16,0.09,0.15,0.15
2015-09-14,38.61,30.29,34.25,19.63,46.59,2.32,2.72,21.21,0.01,0.08,0.15,0.15
2015-09-15,37.95,29.97,33.48,23.3,59.58,2.6,3.04,21.07,0.05,0.08,0.15,0.15
2015-09-16,37.8,28.9,33.21,21.78,54.99,1.93,2.19,22.2,0.04,0.08,0.15,0.15
2015-09-17,38.9,30.81,34.32,20.53,47.3,1.28,1.47,21.7,0.01,0.08,0.15,0.15
2015-09-18,39.56,30.39,34.51,20.83,48.26,1.8,2.12,21.18,0.01,0.08,0.15,0.15
2015-09-19,40.11,30.67,34.92,20.96,48.05,2.02,2.38,21.51,0.01,0.07,0.15,0.15
2015-09-20,40.34,31.18,35.76,16.69,36.9,2.41,2.94,22.06,0.01,0.07,0.15,0.15
2015-09-21,38.61,30.4,34.25,15.72,36.37,3.75,4.55,21.83,0.0,0.07,0.15,0.15
2015-09-22,37.84,29.0,33.09,15.0,37.9,3.73,4.49,23.49,0.0,0.06,0.15,0.15
2015-09-23,37.4,27.67,32.36,14.43,37.07,1.84,2.22,23.0,0.0,0.06,0.15,0.15
2015-09-24,35.89,28.42,31.89,19.7,51.3,2.12,2.43,21.62,0.0,0.06,0.15,0.15
2015-09-25,36.26,28.49,31.83,21.31,57.18,1.9,2.21,21.43,0.0,0.06,0.15,0.15
2015-09-26,36.02,28.75,31.86,22.14,59.43,1.87,2.17,22.67,0.0,0.06,0.15,0.15
2015-09-27,38.11,28.21,32.02,21.87,59.63,1.97,2.31,21.5,0.0,0.06,0.15,0.15
2015-09-28,36.94,27.71,31.61,21.09,58.5,1.65,1.91,21.46,0.0,0.06,0.15,0.15
2015-09-29,38.63,28.22,32.76,19.9,50.66,3.35,4.04,19.49,0.0,0.06,0.15,0.15
2015-09-30,37.94,28.0,32.4,19.49,50.34,3.96,4.68,21.0,0.0,0.06,0.15,0.15
2015-10-01,36.48,26.54,31.3,16.36,45.17,2.73,3.25,20.02,0.0,0.06,0.15,0.15
2015-10-02,36.2,28.92,31.9,21.69,57.2,3.21,3.77,21.44,0.0,0.06,0.15,0.15
2015-10-03,39.15,29.53,33.1,23.01,61.06,1.65,1.96,20.7,0.01,0.06,0.15,0.15
2015-10-04,38.61,29.62,32.96,23.22,61.04,1.82,2.12,20.73,0.01,0.06,0.15,0.15
2015-10-05,37.72,29.45,32.89,21.02,53.03,1.51,1.73,20.51,0.0,0.06,0.15,0.15
2015-10-06,38.09,29.79,33.17,19.92,49.17,1.48,1.74,20.32,0.0,0.06,0.15,0.15
2015-10-07,38.59,28.49,33.05,18.51,46.06,2.64,3.21,19.24,0.0,0.06,0.15,0.15
2015-10-08,37.22,28.95,32.41,18.84,47.6,2.47,2.94,19.51,0.0,0.06,0.15,0.15
2015-10-09,36.02,26.46,31.02,19.71,55.64,2.23,2.61,19.7,0.0,0.06,0.15,0.15
2015-10-10,35.01,26.69,30.73,24.32,70.95,2.64,3.09,19.36,0.0,0.06,0.15,0.15
2015-10-11,36.75,27.61,31.52,23.88,68.21,3.61,4.29,19.99,0.0,0.06,0.15,0.15
2015-10-12,36.66,27.49,31.58,21.95,59.42,2.84,3.38,19.64,0.0,0.06,0.15,0.15
2015-10-13,36.05,27.68,31.34,21.45,58.54,2.16,2.55,19.74,0.0,0.06,0.15,0.15
2015-10-14,36.55,27.82,31.56,21.68,58.42,3.67,4.37,18.95,0.02,0.06,0.15,0.15
2015-10-15,35.8,27.21,31.07,20.86,57.69,4.07,4.76,18.57,0.04,0.06,0.15,0.15
2015-10-16,34.51,26.98,30.63,21.21,59.86,3.19,3.71,18.9,0.04,0.06,0.15,0.15
2015-10-17,34.8,27.08,30.57,21.07,59.48,3.08,3.58,18.26,0.01,0.06,0.15,0.15
2015-10-18,33.55,27.41,30.08,22.17,64.56,2.6,3.05,18.14,0.34,0.07,0.15,0.15
2015-10-19,34.62,27.88,30.8,20.14,55.11,2.53,3.0,18.3,0.08,0.08,0.15,0.15
2015-10-20,33.5,27.44,30.11,20.38,58.29,1.92,2.26,18.48,0.1,0.08,0.15,0.15
2015-10-21,36.03,28.39,31.6,17.56,46.41,1.53,1.82,17.19,0.11,0.09,0.15,0.15
2015-10-22,35.97,27.36,31.41,17.61,46.8,2.92,3.47,17.67,0.01,0.09,0.15,0.15
2015-10-23,33.69,28.73,30.87,18.93,50.36,3.32,3.98,17.77,0.01,0.08,0.15,0.15
2015-10-24,32.66,27.99,29.94,20.61,58.36,2.99,3.58,17.98,0.0,0.08,0.15,0.15
2015-10-25,34.43,26.57,30.32,17.82,48.89,2.56,3.0,17.82,0.0,0.08,0.15,0.15
2015-10-26,35.2,26.79,30.74,18.56,50.55,2.9,3.45,17.48,0.0,0.08,0.15,0.15
2015-10-27,34.88,27.1,30.74,20.04,55.55,3.22,3.8,16.62,0.0,0.08,0.15,0.15
2015-10-28,34.79,27.85,30.79,20.23,55.57,3.64,4.27,17.08,0.01,0.08,0.15,0.15
2015-10-29,33.99,25.57,29.33,16.43,49.54,3.85,4.56,17.78,0.0,0.08,0.15,0.15
2015-10-30,33.4,24.26,28.63,16.49,52.37,2.7,3.26,17.2,0.0,0.08,0.15,0.15
2015-10-31,33.06,24.49,28.47,16.87,52.04,2.29,2.75,16.84,0.0,0.07,0.15,0.15
2015-11-01,32.95,24.03,28.29,16.75,52.99,2.4,2.87,17.14,0.0,0.07,0.15,0.15
2015-11-02,32.86,23.89,28.18,16.9,53.57,2.61,3.12,16.54,0.0,0.07,0.15,0.15
2015-11-03,32.21,24.67,28.31,17.31,53.53,2.35,2.8,16.92,0.0,0.07,0.15,0.15
2015-11-04,31.84,26.08,28.69,19.88,60.05,2.8,3.35,16.9,0.0,0.07,0.15,0.15
2015-11-05,33.18,26.62,29.43,18.1,52.97,1.78,2.19,17.17,0.04,0.07,0.15,0.15
2015-11-06,33.3,24.37,28.54,16.84,51.66,2.14,2.65,17.29,0.0,0.07,0.15,0.15
2015-11-07,32.14,24.46,28.23,16.85,53.37,1.6,1.97,16.56,0.04,0.07,0.15,0.15
2015-11-08,33.58,25.21,28.8,17.92,54.85,2.58,3.11,16.27,0.42,0.09,0.15,0.15
2015-11-09,31.82,25.01,27.98,18.24,57.74,3.26,3.9,15.76,0.18,0.1,0.15,0.15
2015-11-10,33.93,24.53,29.08,15.52,48.15,3.6,4.44,16.36,0.12,0.1,0.15,0.15
2015-11-11,34.04,26.2,29.54,14.59,42.04,5.27,6.43,14.14,0.82,0.11,0.15,0.15
2015-11-12,26.64,24.46,25.86,16.85,58.75,4.19,5.04,6.15,9.81,0.26,0.17,0.16
2015-11-13,27.74,23.24,25.25,15.55,55.58,3.57,4.34,17.23,0.0,0.2,0.17,0.17
2015-11-14,27.11,22.81,24.78,15.69,57.3,4.73,5.77,16.09,0.0,0.17,0.17,0.16
2015-11-15,29.64,22.84,25.7,13.58,48.11,3.08,3.76,16.42,0.0,0.16,0.16,0.16
2015-11-16,30.47,22.63,25.99,12.63,45.33,2.08,2.58,16.5,0.0,0.15,0.16,0.16
2015-11-17,30.62,21.52,25.91,12.76,47.22,2.03,2.59,15.78,0.0,0.14,0.16,0.16
2015-11-18,29.7,22.39,25.89,13.92,49.38,1.72,2.16,16.33,0.0,0.13,0.16,0.16
2015-11-19,29.8,22.76,26.11,14.76,51.42,1.87,2.34,16.03,0.0,0.13,0.16,0.16
2015-11-20,29.28,24.28,26.27,17.92,61.03,2.37,2.83,15.51,0.07,0.12,0.16,0.16
2015-11-21,28.58,23.87,26.01,16.72,57.28,4.36,5.25,14.97,0.02,0.12,0.16,0.16
2015-11-22,27.04,22.3,24.66,13.41,50.1,2.75,3.37,15.95,0.0,0.12,0.16,0.16
2015-11-23,29.03,21.68,25.01,10.75,44.08,3.18,3.95,15.54,0.0,0.12,0.16,0.16
2015-11-24,27.53,22.11,24.8,11.62,44.73,5.22,6.35,7.97,2.79,0.15,0.16,0.16
2015-11-25,26.96,22.65,24.69,11.71,44.97,4.34,5.29,7.03,3.18,0.26,0.17,0.17
2015-11-26,28.41,21.43,24.77,11.33,44.1,2.54,3.15,15.4,0.0,0.2,0.17,0.17
2015-11-27,27.26,22.61,24.56,14.92,55.62,2.99,3.6,15.1,0.0,0.18,0.17,0.17
2015-11-28,27.38,22.9,24.74,16.93,62.64,3.65,4.52,14.76,0.0,0.17,0.17,0.17
2015-11-29,28.3,22.15,24.91,15.66,57.53,1.92,2.4,14.89,0.0,0.16,0.17,0.17
2015-11-30,28.37,20.88,24.43,17.27,66.29,2.04,2.52,14.36,0.0,0.15,0.17,0.17
2015-12-01,28.31,21.28,24.69,17.61,66.31,2.11,2.56,14.62,0.0,0.15,0.17,0.17
2015-12-02,28.84,21.78,24.98,16.13,59.73,1.75,2.17,14.56,0.0,0.14,0.17,0.17
2015-12-03,27.75,22.22,24.66,16.2,60.01,1.86,2.18,14.37,0.0,0.14,0.16,0.17
2015-12-04,26.39,22.21,23.9,16.44,63.8,2.28,2.74,15.07,0.0,0.13,0.16,0.17
2015-12-05,29.13,22.16,25.21,18.69,69.16,3.04,3.78,14.19,0.0,0.13,0.16,0.17
2015-12-06,29.78,23.26,25.44,16.9,62.23,2.22,2.79,12.48,0.0,0.13,0.16,0.17
2015-12-07,23.82,20.03,22.29,15.41,65.43,7.73,9.29,8.08,0.0,0.13,0.16,0.17
2015-12-08,21.75,18.95,20.26,11.58,57.75,7.42,8.91,9.98,0.01,0.12,0.16,0.17
2015-12-09,24.26,18.95,21.6,8.71,44.37,1.58,1.93,14.96,0.0,0.12,0.16,0.17
2015-12-10,25.19,18.56,21.36,7.88,43.51,3.2,3.81,14.94,0.0,0.12,0.16,0.17
2015-12-11,24.36,16.26,20.17,5.37,40.02,2.99,3.65,14.41,0.0,0.12,0.16,0.17
2015-12-12,23.67,18.03,20.35,6.1,40.93,2.64,3.15,14.74,0.0,0.12,0.16,0.17
2015-12-13,25.24,18.04,21.15,7.62,43.45,2.5,2.99,15.21,0.0,0.12,0.16,0.17
2015-12-14,26.46,17.31,21.49,11.03,53.48,2.98,3.73,14.91,0.0,0.11,0.16,0.16
2015-12-15,25.13,17.82,21.36,13.67,63.44,4.61,5.6,13.36,0.0,0.11,0.16,0.16
2015-12-16,23.1,19.15,20.9,11.0,53.94,4.33,5.22,14.03,0.0,0.11,0.16,0.16
2015-12-17,24.8,19.3,21.68,8.64,43.98,1.33,1.59,14.67,0.0,0.11,0.16,0.16
2015-12-18,24.15,17.2,20.55,9.54,51.01,1.51,1.89,14.77,0.0,0.11,0.16,0.16
2015-12-19,24.77,19.23,21.51,12.47,57.47,2.18,2.6,13.37,0.0,0.11,0.16,0.16
2015-12-20,26.35,19.77,22.54,15.1,64.66,1.58,1.99,13.85,0.0,0.11,0.16,0.16
2015-12-21,25.54,19.87,22.2,15.53,66.8,3.55,4.32,13.15,0.0,0.11,0.16,0.16
2015-12-22,24.41,20.55,22.02,12.67,56.55,4.03,4.89,13.74,0.0,0.11,0.16,0.16
2015-12-23,25.89,18.66,22.0,12.1,55.74,3.95,4.74,13.18,0.0,0.11,0.16,0.16
2015-12-24,26.71,19.49,22.74,16.5,69.97,3.97,4.79,10.99,0.01,0.11,0.16,0.16
2015-12-25,27.35,20.16,23.3,14.07,58.23,3.39,4.09,9.61,1.84,0.12,0.16,0.16
2015-12-26,23.68,19.16,21.2,15.26,69.36,3.13,3.73,2.22,7.92,0.24,0.17,0.17
2015-12-27,23.24,18.83,20.49,14.07,67.35,2.88,3.5,14.15,0.41,0.23,0.18,0.18
2015-12-28,23.68,18.65,20.51,12.48,61.05,2.88,3.56,14.91,0.08,0.19,0.18,0.18
2015-12-29,23.79,18.14,20.47,11.99,59.53,2.66,3.33,14.72,0.0,0.18,0.18,0.18
2015-12-30,25.15,18.94,21.65,13.01,59.17,1.79,2.17,14.81,0.01,0.17,0.18,0.18
2015-12-31,26.99,19.19,22.74,12.71,55.22,1.71,2.18,12.98,0.0,0.16,0.18,0.18
2016-01-01,28.66,19.6,23.63,16.73,69.22,3.32,4.08,14.6,0.33,0.15,0.18,0.18
2016-01-02,27.98,20.15,23.79,17.48,70.26,3.77,4.6,13.8,3.22,0.21,0.18,0.18
2016-01-03,23.45,18.2,21.07,15.56,71.25,6.53,7.85,5.98,7.66,0.3,0.19,0.2
2016-01-04,21.82,17.25,19.16,11.49,61.89,4.56,5.55,14.99,0.07,0.25,0.2,0.2
2016-01-05,21.84,16.99,19.28,12.05,63.25,3.39,4.14,14.05,0.13,0.22,0.19,0.2
2016-01-06,23.48,18.46,20.55,12.27,59.6,5.02,6.22,15.3,0.0,0.21,0.19,0.2
2016-01-07,23.27,18.18,20.31,13.03,63.5,3.43,4.25,14.71,0.0,0.2,0.19,0.2
2016-01-08,23.94,17.23,20.05,12.65,64.28,1.92,2.34,15.46,0.01,0.19,0.19,0.2
2016-01-09,25.22,17.23,20.72,11.89,59.44,1.46,1.72,15.49,0.0,0.19,0.19,0.19
2016-01-10,26.04,17.96,21.55,11.52,55.39,2.84,3.43,10.74,0.0,0.18,0.19,0.19
2016-01-11,22.51,17.94,20.02,13.08,65.07,3.04,3.71,15.52,0.0,0.18,0.19,0.19
2016-01-12,23.24,17.63,19.96,12.36,62.32,1.42,1.71,15.73,0.0,0.17,0.19,0.19
2016-01-13,20.93,17.88,19.14,14.59,75.05,3.94,4.81,10.97,15.4,0.31,0.21,0.21
2016-01-14,22.69,17.25,19.51,14.28,72.55,2.87,3.59,15.25,0.83,0.28,0.22,0.22
2016-01-15,22.82,17.34,19.39,13.99,71.93,2.1,2.56,16.04,0.01,0.25,0.22,0.22
2016-01-16,22.1,16.65,18.96,14.78,77.64,3.03,3.71,16.42,0.02,0.24,0.21,0.22
2016-01-17,23.64,17.02,20.06,14.2,70.18,1.64,2.06,15.49,0.0,0.23,0.21,0.22
2016-01-18,26.04,17.84,21.53,9.1,47.83,2.07,2.52,16.86,0.0,0.22,0.21,0.22
2016-01-19,26.2,17.42,21.2,7.7,43.96,1.49,1.84,16.64,0.0,0.22,0.21,0.22
2016-01-20,24.67,16.75,20.12,9.93,54.57,2.0,2.47,16.83,0.0,0.21,0.21,0.21
2016-01-21,24.12,17.65,20.18,11.99,61.9,1.54,1.88,16.28,0.0,0.21,0.21,0.21
2016-01-22,24.3,18.11,20.63,14.9,71.51,1.55,1.94,16.05,0.0,0.21,0.21,0.21
2016-01-23,24.56,17.68,20.74,13.1,63.88,1.61,1.89,16.01,0.0,0.21,0.2,0.21
2016-01-24,25.81,17.99,21.35,11.11,55.28,1.55,1.85,16.35,0.0,0.21,0.2,0.21
2016-01-25,25.9,17.85,21.55,9.79,49.72,2.23,2.73,16.2,0.0,0.2,0.2,0.21
2016-01-26,24.24,18.36,21.13,14.86,67.93,3.39,4.11,14.29,0.0,0.2,0.2,0.21
2016-01-27,25.87,19.86,22.12,12.94,56.96,2.37,2.94,12.69,0.0,0.2,0.2,0.21
2016-01-28,24.14,18.8,21.16,11.05,53.47,4.66,5.67,11.25,0.03,0.2,0.2,0.21
2016-01-29,18.93,16.13,17.72,9.42,58.89,7.01,8.38,12.34,0.0,0.19,0.2,0.21
2016-01-30,19.41,16.02,17.31,10.77,65.97,5.38,6.42,9.38,0.02,0.19,0.2,0.21
2016-01-31,21.65,15.8,18.28,9.89,59.31,2.32,2.91,16.33,0.0,0.19,0.2,0.21
2016-02-01,22.2,16.59,18.74,10.13,58.55,2.46,2.95,17.87,0.0,0.19,0.2,0.2
2016-02-02,21.75,16.07,18.43,11.33,64.59,2.38,2.9,17.89,0.0,0.18,0.2,0.2
2016-02-03,21.48,16.2,18.4,12.41,69.15,2.7,3.26,15.97,0.0,0.18,0.2,0.2
2016-02-04,23.49,17.55,20.13,10.45,56.7,4.11,5.12,17.56,0.0,0.17,0.2,0.2
2016-02-05,24.61,16.72,20.27,7.75,47.76,2.73,3.32,18.72,0.0,0.17,0.19,0.2
2016-02-06,23.84,16.98,19.71,10.57,57.85,2.88,3.48,18.92,0.0,0.16,0.19,0.2
2016-02-07,24.48,16.31,19.69,10.02,57.0,2.24,2.73,19.71,0.0,0.16,0.19,0.2
2016-02-08,25.16,16.11,20.46,6.83,44.43,1.84,2.2,18.56,0.0,0.16,0.19,0.2
2016-02-09,23.15,17.0,19.66,9.35,53.44,4.52,5.41,18.03,0.0,0.16,0.19,0.2
2016-02-10,24.52,16.51,20.24,9.82,52.74,1.84,2.29,18.43,0.0,0.16,0.19,0.2
2016-02-11,24.19,15.65,19.57,10.7,58.81,3.07,3.63,17.73,0.0,0.15,0.19,0.2
2016-02-12,22.25,16.91,19.19,11.79,63.25,4.71,5.71,18.01,0.0,0.15,0.19,0.2
2016-02-13,23.33,16.45,19.45,11.81,63.07,1.9,2.36,18.58,0.0,0.15,0.19,0.2
2016-02-14,24.1,17.38,20.19,12.26,62.09,1.85,2.24,18.79,0.0,0.15,0.19,0.2
2016-02-15,23.96,17.59,20.09,12.63,63.73,2.2,2.64,19.29,0.0,0.15,0.19,0.2
2016-02-16,23.91,17.01,20.12,12.03,61.69,1.84,2.17,18.65,0.06,0.15,0.19,0.19
2016-02-17,24.08,17.24,20.8,12.93,61.89,1.8,2.15,15.21,3.82,0.21,0.19,0.2
2016-02-18,23.51,18.37,20.91,12.41,59.24,1.91,2.38,18.97,3.78,0.28,0.2,0.21
2016-02-19,24.77,18.29,20.9,13.36,64.34,2.93,3.56,19.99,0.0,0.22,0.2,0.21
2016-02-20,25.31,16.73,20.51,11.19,59.7,2.28,2.72,20.81,0.0,0.19,0.2,0.2
2016-02-21,25.79,17.18,21.03,10.64,54.68,1.55,1.8,20.89,0.0,0.18,0.2,0.2
2016-02-22,29.8,17.55,23.13,11.28,52.53,2.36,3.08,20.86,0.0,0.17,0.2,0.2
2016-02-23,30.03,18.2,24.02,11.86,53.26,2.27,2.99,20.58,0.0,0.16,0.19,0.2
2016-02-24,27.55,22.43,24.51,13.21,51.39,2.3,2.94,15.13,0.0,0.16,0.19,0.2
2016-02-25,28.45,20.13,23.73,17.94,72.0,3.67,4.42,18.99,0.0,0.16,0.19,0.2
2016-02-26,26.54,19.43,22.06,15.31,67.71,3.8,4.56,15.63,0.01,0.16,0.19,0.2
2016-02-27,29.8,19.96,23.98,14.27,57.51,1.4,1.69,20.01,0.0,0.15,0.19,0.2
2016-02-28,28.61,21.21,24.33,14.82,58.43,1.8,2.21,16.32,0.0,0.15,0.19,0.2
2016-02-29,28.36,21.6,24.18,17.26,67.85,4.09,4.87,16.8,0.0,0.15,0.19,0.2
2016-03-01,24.91,19.03,21.85,15.84,69.92,4.98,5.92,20.68,0.0,0.15,0.19,0.2
2016-03-02,25.26,18.13,21.06,11.76,58.26,1.98,2.42,21.08,0.0,0.15,0.19,0.2
2016-03-03,27.53,19.03,23.13,13.27,55.2,2.76,3.41,21.54,0.0,0.14,0.19,0.19
2016-03-04,27.89,19.22,23.38,15.48,63.28,2.36,2.98,20.59,0.01,0.14,0.19,0.19
2016-03-05,29.25,19.67,24.13,15.82,63.62,2.39,2.95,15.74,0.01,0.14,0.19,0.19
2016-03-06,29.46,20.75,23.4,17.65,71.98,2.73,3.39,15.45,0.1,0.14,0.19,0.19
2016-03-07,27.01,20.84,22.99,15.96,65.89,4.03,4.84,13.86,0.95,0.17,0.19,0.19
2016-03-08,27.15,20.02,22.32,15.62,66.58,2.8,3.48,11.01,6.14,0.25,0.2,0.2
2016-03-09,26.87,20.74,23.02,18.82,77.76,2.77,3.38,2.87,14.56,0.35,0.21,0.21
2016-03-10,25.89,19.58,22.44,16.91,73.04,2.59,3.14,21.26,1.11,0.31,0.23,0.23
2016-03-11,26.03,19.0,22.28,16.2,70.83,3.16,3.84,21.24,0.01,0.25,0.22,0.23
2016-03-12,27.77,18.92,22.73,13.58,61.45,2.46,3.0,20.76,0.02,0.23,0.22,0.23
2016-03-13,28.01,19.24,23.0,16.48,71.87,3.32,4.1,23.35,0.04,0.22,0.22,0.22
2016-03-14,26.92,18.78,22.51,17.42,75.65,3.27,3.94,16.09,1.57,0.24,0.22,0.22
2016-03-15,28.75,21.32,24.38,17.2,66.82,2.78,3.38,20.6,0.0,0.25,0.22,0.22
2016-03-16,27.01,22.02,24.25,16.85,65.54,4.09,4.87,8.69,0.39,0.24,0.22,0.22
2016-03-17,26.3,21.34,23.09,14.75,61.51,5.24,6.21,14.47,0.32,0.24,0.21,0.22
2016-03-18,26.46,20.57,23.25,13.79,58.56,5.49,6.61,21.8,0.02,0.23,0.21,0.22
2016-03-19,25.53,19.62,22.23,13.07,58.45,5.7,6.9,24.04,0.0,0.21,0.21,0.22
2016-03-20,25.79,18.81,21.94,13.65,62.68,4.3,5.24,24.1,0.0,0.21,0.21,0.22
2016-03-21,28.71,18.42,23.88,12.42,55.0,1.66,2.08,22.86,0.0,0.21,0.21,0.22
2016-03-22,26.68,21.36,23.67,16.43,64.95,2.9,3.59,10.67,3.47,0.27,0.21,0.22
2016-03-23,26.58,20.69,23.31,17.09,68.98,3.19,3.85,15.69,2.06,0.29,0.22,0.22
2016-03-24,26.16,19.54,22.37,12.54,55.38,3.83,4.63,24.51,0.0,0.25,0.21,0.22
2016-03-25,28.18,18.61,22.84,13.43,57.5,1.96,2.34,24.35,0.0,0.22,0.21,0.22
2016-03-26,29.98,20.42,24.44,12.67,51.55,1.95,2.36,24.6,0.0,0.2,0.21,0.22
2016-03-27,32.02,20.23,25.55,11.71,46.22,2.78,3.52,19.75,0.0,0.19,0.21,0.22
2016-03-28,30.4,22.78,26.69,12.87,45.4,2.39,3.2,17.54,0.0,0.19,0.21,0.21
2016-03-29,33.8,22.98,28.06,15.12,47.6,2.94,3.77,19.63,0.01,0.18,0.2,0.21
2016-03-30,30.62,24.27,26.78,17.92,59.85,4.36,5.31,18.03,0.15,0.18,0.2,0.21
2016-03-31,29.46,22.14,25.84,20.06,71.76,3.72,4.5,17.45,1.64,0.21,0.2,0.21
2016-04-01,24.54,21.14,22.49,15.12,64.45,6.1,7.27,5.25,2.46,0.26,0.21,0.22
2016-04-02,24.07,20.17,21.83,10.43,49.5,6.64,7.95,18.93,0.02,0.23,0.21,0.22
2016-04-03,25.26,18.7,21.76,11.33,53.14,4.53,5.45,25.67,0.0,0.2,0.21,0.21
2016-04-04,23.99,19.16,21.43,13.66,61.93,5.07,6.13,14.99,0.04,0.19,0.21,0.21
2016-04-05,26.44,19.0,22.61,14.96,64.54,5.01,6.1,25.29,0.0,0.19,0.2,0.21
2016-04-06,28.53,20.26,24.32,15.22,59.78,3.1,3.74,25.43,0.0,0.18,0.2,0.21
2016-04-07,30.95,21.9,26.37,13.6,48.07,2.03,2.46,22.77,0.0,0.17,0.2,0.21
2016-04-08,30.55,23.96,26.6,13.62,46.88,2.44,2.91,17.43,0.01,0.16,0.2,0.21
2016-04-09,30.16,21.85,25.63,14.93,55.0,4.04,4.89,24.83,0.0,0.15,0.2,0.21
2016-04-10,29.9,20.81,25.08,13.99,55.73,2.89,3.5,25.2,0.0,0.15,0.2,0.21
2016-04-11,30.86,21.05,25.6,9.75,40.55,2.16,2.58,26.01,0.02,0.15,0.2,0.2
2016-04-12,32.18,22.11,27.2,8.06,32.84,2.24,2.86,23.26,0.0,0.14,0.2,0.2
2016-04-13,30.61,24.61,27.14,18.22,59.47,4.59,5.54,14.95,0.54,0.15,0.19,0.2
2016-04-14,32.55,24.34,26.48,17.71,60.31,4.05,4.88,14.25,1.84,0.19,0.2,0.2
2016-04-15,28.29,23.63,26.01,17.67,60.71,3.52,4.33,14.42,2.72,0.24,0.2,0.21
2016-04-16,28.56,21.96,24.96,16.23,63.07,6.46,7.78,26.94,0.01,0.21,0.2,0.21
2016-04-17,27.44,21.72,24.23,17.0,65.46,5.93,7.06,26.62,0.0,0.18,0.2,0.21
2016-04-18,29.08,21.49,25.13,17.03,64.15,5.96,7.18,27.37,0.0,0.17,0.2,0.21
2016-04-19,29.42,21.67,25.23,16.43,62.94,5.36,6.5,27.38,0.0,0.16,0.2,0.2
2016-04-20,29.8,21.32,25.43,16.68,64.51,3.83,4.62,27.06,0.0,0.15,0.2,0.2
2016-04-21,29.95,21.64,25.34,16.45,64.43,4.04,4.88,27.06,0.0,0.15,0.19,0.2
2016-04-22,30.24,21.02,25.27,16.5,65.56,4.13,4.97,27.14,0.0,0.14,0.19,0.2
2016-04-23,30.82,20.52,25.34,17.43,68.47,3.41,4.11,26.07,0.0,0.14,0.19,0.2
2016-04-24,30.73,21.56,26.06,14.84,55.1,3.54,4.3,14.39,0.0,0.14,0.19,0.2
2016-04-25,31.17,22.9,26.98,13.19,45.76,2.7,3.22,25.66,0.0,0.14,0.19,0.2
2016-04-26,34.28,23.03,28.28,13.06,44.99,1.71,2.03,25.91,0.0,0.13,0.19,0.2
2016-04-27,36.59,24.98,30.12,13.33,42.1,1.61,1.97,26.77,0.0,0.12,0.19,0.2
2016-04-28,38.65,26.4,32.02,11.57,32.61,1.43,1.87,24.26,0.0,0.11,0.19,0.19
2016-04-29,35.32,27.17,31.54,12.95,35.58,2.2,2.71,25.74,0.0,0.11,0.19,0.19
2016-04-30,35.07,27.46,30.64,12.48,36.89,2.54,2.98,15.24,0.0,0.11,0.18,0.19
2016-05-01,30.97,24.86,27.73,20.53,67.21,6.29,7.43,25.18,0.04,0.11,0.18,0.19
2016-05-02,31.26,23.36,27.02,17.52,60.01,5.02,5.97,27.33,0.0,0.11,0.18,0.19
2016-05-03,32.09,22.7,27.6,14.18,47.88,3.85,4.7,26.69,0.04,0.11,0.18,0.19
2016-05-04,33.89,24.76,29.48,12.62,38.3,2.35,2.94,25.75,0.06,0.11,0.18,0.19
2016-05-05,37.39,27.04,31.52,11.74,32.62,1.32,1.66,26.21,0.03,0.11,0.18,0.19
2016-05-06,40.58,27.05,32.88,16.0,40.44,2.53,3.3,25.79,0.01,0.1,0.18,0.19
2016-05-07,37.61,28.54,32.6,16.17,40.15,2.41,3.01,25.48,0.01,0.1,0.18,0.19
2016-05-08,37.64,28.37,32.3,15.28,39.12,2.43,2.87,25.97,0.0,0.1,0.18,0.19
2016-05-09,36.71,27.23,30.76,17.9,51.39,3.6,4.33,19.63,0.01,0.1,0.18,0.18
2016-05-10,34.97,26.15,30.29,21.65,64.12,4.34,5.21,24.05,0.0,0.1,0.18,0.18
2016-05-11,35.51,26.59,30.88,19.01,53.36,3.21,3.83,24.81,0.01,0.1,0.18,0.18
2016-05-12,36.45,26.88,31.21,18.29,51.04,3.18,3.83,27.05,0.0,0.1,0.18,0.18
2016-05-13,37.21,27.8,31.95,17.66,46.23,3.52,4.3,26.59,0.0,0.1,0.18,0.18
2016-05-14,35.69,26.08,30.41,20.75,62.04,3.91,4.68,27.01,0.03,0.1,0.17,0.18
2016-05-15,36.76,25.17,30.51,19.69,58.65,3.04,3.66,28.54,0.01,0.1,0.17,0.18
2016-05-16,39.7,26.77,32.7,16.87,46.19,1.34,1.57,27.8,0.0,0.09,0.17,0.18
2016-05-17,38.13,28.44,32.9,16.41,41.71,2.14,2.55,27.59,0.0,0.09,0.17,0.18
2016-05-18,38.42,28.57,33.0,17.66,45.09,2.78,3.32,27.06,0.0,0.08,0.17,0.18
2016-05-19,38.04,28.68,32.93,19.43,49.87,3.23,3.84,26.74,0.0,0.08,0.17,0.18
2016-05-20,38.47,29.24,33.32,19.91,50.07,2.93,3.49,27.06,0.0,0.09,0.17,0.18
2016-05-21,37.28,27.28,31.47,22.82,64.75,4.26,5.01,27.32,0.0,0.09,0.17,0.18
2016-05-22,35.01,26.91,30.46,20.67,59.36,5.62,6.65,29.35,0.0,0.09,0.17,0.17
2016-05-23,35.89,26.07,30.59,21.74,63.62,3.33,3.92,28.09,0.0,0.09,0.17,0.17
2016-05-24,38.04,25.61,31.47,21.36,61.85,3.01,3.59,28.21,0.0,0.09,0.17,0.17
2016-05-25,37.71,27.27,31.74,21.99,60.96,4.07,4.86,27.77,0.0,0.09,0.17,0.17
2016-05-26,34.33,27.29,30.27,19.72,56.45,6.16,7.28,28.29,0.0,0.09,0.17,0.17
2016-05-27,34.82,26.34,30.22,20.16,58.18,3.71,4.37,28.22,0.0,0.08,0.17,0.17
2016-05-28,38.08,24.9,31.57,18.94,54.09,1.85,2.19,28.34,0.0,0.08,0.17,0.17
2016-05-29,38.15,29.16,32.94,18.17,46.08,2.54,2.97,27.63,0.0,0.08,0.17,0.17
2016-05-30,38.55,27.69,32.8,21.7,61.21,3.43,4.09,28.31,0.0,0.08,0.17,0.17
2016-05-31,38.62,27.89,32.49,22.51,62.72,5.26,6.27,28.25,0.0,0.08,0.17,0.17
2016-06-01,33.63,28.39,30.75,19.71,54.78,8.69,10.43,29.15,0.64,0.1,0.17,0.17
2016-06-02,33.78,28.0,30.71,20.05,55.62,7.42,8.88,27.85,0.3,0.1,0.17,0.17
2016-06-03,35.47,26.59,30.84,21.34,61.74,3.34,3.92,27.72,0.18,0.1,0.17,0.17
2016-06-04,37.22,26.27,32.13,19.98,52.67,1.63,1.99,27.84,0.73,0.11,0.17,0.17
2016-06-05,38.39,27.33,32.86,20.17,51.51,2.83,3.32,27.59,0.01,0.1,0.17,0.17
2016-06-06,38.23,29.02,33.41,20.35,50.04,2.36,2.74,26.98,0.0,0.09,0.16,0.17
2016-06-07,38.21,29.15,33.81,17.73,42.88,2.74,3.23,28.37,0.0,0.08,0.16,0.17
2016-06-08,37.26,28.4,32.85,17.78,45.15,2.92,3.41,27.92,0.0,0.08,0.16,0.17
2016-06-09,37.05,28.12,32.01,23.26,65.08,3.56,4.14,28.87,0.0,0.08,0.16,0.17
2016-06-10,39.8,26.18,32.53,20.36,57.36,3.0,3.47,27.83,0.01,0.08,0.16,0.17
2016-06-11,39.85,28.71,33.72,19.82,51.68,2.82,3.3,28.01,0.1,0.08,0.16,0.17
2016-06-12,38.64,28.51,32.88,23.42,63.78,5.02,5.94,27.59,0.21,0.09,0.16,0.17
2016-06-13,35.97,28.31,31.83,21.19,57.46,8.26,9.9,29.59,0.03,0.09,0.16,0.17
2016-06-14,36.55,28.29,31.77,20.24,53.61,5.01,5.9,28.39,0.06,0.09,0.16,0.17
2016-06-15,39.77,26.53,32.74,19.84,52.29,1.9,2.22,27.77,0.0,0.08,0.16,0.16
2016-06-16,41.24,29.15,34.89,19.55,45.19,4.17,5.11,27.95,0.0,0.08,0.16,0.16
2016-06-17,40.55,28.71,34.56,19.51,46.77,3.15,3.86,26.63,0.0,0.07,0.16,0.16
2016-06-18,38.76,29.03,33.58,20.63,51.01,2.94,3.44,25.56,0.0,0.07,0.16,0.16
2016-06-19,38.83,29.47,34.04,21.34,50.95,2.15,2.59,26.39,0.0,0.07,0.16,0.16
2016-06-20,38.44,30.35,34.2,21.57,50.57,2.07,2.38,26.26,0.0,0.07,0.16,0.16
2016-06-21,40.78,29.9,34.9,19.9,46.19,1.83,2.14,26.7,0.01,0.07,0.16,0.16
2016-06-22,43.1,31.42,36.91,17.59,36.34,3.12,3.94,27.31,0.04,0.07,0.16,0.16
2016-06-23,42.29,31.88,37.09,16.07,31.81,2.53,3.18,26.4,0.0,0.07,0.16,0.16
2016-06-24,42.5,32.16,37.03,16.54,32.89,2.64,3.33,26.56,0.0,0.07,0.16,0.16
2016-06-25,42.17,30.24,36.22,19.61,42.34,2.57,3.1,27.1,0.0,0.06,0.16,0.16
2016-06-26,42.16,31.34,36.18,17.71,37.77,2.18,2.6,28.16,0.0,0.06,0.16,0.16
2016-06-27,41.91,31.93,36.51,18.23,38.32,2.36,2.82,25.99,0.0,0.06,0.16,0.16
2016-06-28,41.15,30.76,35.76,23.16,51.53,3.97,4.81,25.7,0.0,0.06,0.16,0.16
2016-06-29,40.96,30.53,36.05,23.28,52.42,3.2,3.8,26.18,0.02,0.06,0.16,0.16
2016-06-30,41.35,32.36,36.81,22.35,45.68,2.95,3.48,26.24,0.19,0.07,0.16,0.16
2016-07-01,39.59,32.65,35.92,22.51,48.6,2.25,2.58,27.1,0.02,0.08,0.16,0.16
2016-07-02,40.57,30.69,35.23,23.87,56.72,3.1,3.58,26.78,0.01,0.07,0.16,0.16
2016-07-03,44.71,30.47,36.88,23.26,51.52,1.98,2.24,25.96,0.03,0.07,0.16,0.16
2016-07-04,42.18,34.16,37.62,24.61,49.58,1.68,1.99,24.98,0.03,0.07,0.15,0.16
2016-07-05,41.7,33.2,36.7,25.95,56.31,3.01,3.49,25.03,0.0,0.07,0.15,0.16
2016-07-06,40.36,33.18,36.01,25.6,57.2,2.23,2.52,25.12,0.0,0.07,0.15,0.16
2016-07-07,39.96,32.16,35.45,22.7,50.82,2.56,2.92,25.96,0.0,0.07,0.15,0.16
2016-07-08,40.44,30.56,35.06,22.27,52.79,2.97,3.44,26.58,0.0,0.07,0.15,0.16
2016-07-09,39.97,30.55,34.89,25.35,62.84,3.88,4.49,26.98,0.0,0.07,0.15,0.16
2016-07-10,42.01,31.59,35.82,25.08,60.62,4.3,5.01,26.59,0.0,0.07,0.15,0.16
2016-07-11,41.08,30.02,34.64,25.16,63.74,3.88,4.46,26.48,0.0,0.07,0.15,0.16
2016-07-12,39.75,31.18,34.95,25.4,61.63,3.5,4.01,26.6,0.0,0.07,0.15,0.16
2016-07-13,40.15,30.94,35.3,24.11,56.33,2.04,2.32,25.03,0.0,0.07,0.15,0.16
2016-07-14,40.15,32.9,36.07,24.72,54.2,2.79,3.31,20.24,0.0,0.07,0.15,0.15
2016-07-15,43.85,32.73,38.06,22.32,43.92,3.31,4.02,23.65,0.02,0.07,0.15,0.15
2016-07-16,43.23,32.67,38.05,20.6,40.33,3.05,3.72,24.76,0.01,0.07,0.15,0.15
2016-07-17,43.37,31.99,37.91,21.58,43.0,2.9,3.5,25.27,0.02,0.07,0.15,0.15
2016-07-18,41.96,31.5,36.94,22.7,47.21,3.87,4.61,23.58,0.2,0.07,0.15,0.15
2016-07-19,40.97,33.09,36.68,21.78,44.05,3.42,4.0,23.68,0.03,0.07,0.15,0.15
2016-07-20,40.62,33.45,36.82,21.86,43.72,3.17,3.7,24.36,0.0,0.07,0.15,0.15
2016-07-21,40.57,33.9,37.22,21.83,42.88,2.74,3.22,25.74,0.0,0.07,0.15,0.15
2016-07-22,41.74,33.16,37.03,20.25,41.35,2.6,3.06,25.64,0.0,0.07,0.15,0.15
2016-07-23,42.85,32.53,37.61,18.67,37.0,1.77,2.16,25.49,0.0,0.07,0.15,0.15
2016-07-24,41.83,31.94,36.18,24.14,52.95,6.7,7.98,23.99,0.0,0.06,0.15,0.15
2016-07-25,41.01,30.95,35.49,24.29,55.45,5.47,6.47,24.55,0.04,0.06,0.15,0.15
2016-07-26,39.64,30.76,34.96,23.98,55.2,4.85,5.68,24.45,0.0,0.07,0.15,0.15
2016-07-27,38.88,30.64,34.08,24.49,58.94,4.94,5.79,23.64,0.01,0.07,0.15,0.15
2016-07-28,37.79,30.51,33.84,23.48,55.91,4.72,5.52,23.64,0.0,0.07,0.15,0.15
2016-07-29,38.42,30.23,34.08,23.27,55.08,3.6,4.15,23.06,0.0,0.07,0.15,0.15
2016-07-30,39.92,32.9,35.62,23.58,51.47,2.37,2.72,24.75,0.0,0.07,0.15,0.15
2016-07-31,40.91,32.58,36.16,23.38,50.07,2.53,2.95,23.6,0.0,0.07,0.15,0.15
2016-08-01,39.44,33.08,35.99,23.01,49.62,3.1,3.59,23.35,0.0,0.07,0.15,0.15
2016-08-02,39.75,32.39,36.28,19.87,42.33,1.69,1.97,24.66,0.01,0.07,0.15,0.15
2016-08-03,43.06,32.53,37.68,21.0,43.05,4.74,5.68,23.32,0.0,0.07,0.15,0.15
2016-08-04,43.0,32.78,37.53,21.1,41.73,5.56,6.71,20.76,0.01,0.06,0.15,0.15
2016-08-05,42.37,35.04,38.39,18.68,33.7,2.44,3.06,21.22,0.08,0.06,0.15,0.15
2016-08-06,42.71,34.7,38.7,19.83,35.99,1.61,2.19,19.34,0.0,0.06,0.15,0.15
2016-08-07,42.82,32.95,37.96,18.33,34.63,2.48,3.07,24.85,0.0,0.06,0.15,0.15
2016-08-08,42.13,31.69,37.26,20.86,41.01,3.08,3.68,23.27,0.0,0.06,0.15,0.15
2016-08-09,42.27,33.66,37.3,20.06,39.62,2.33,2.73,24.56,0.0,0.06,0.15,0.15
2016-08-10,40.55,31.97,36.35,22.72,50.59,1.81,2.06,25.03,0.0,0.06,0.15,0.15
2016-08-11,42.41,32.91,37.71,21.7,42.38,1.75,2.22,25.85,0.03,0.06,0.15,0.15
2016-08-12,40.53,33.65,37.42,20.89,40.13,2.49,3.08,23.19,0.0,0.06,0.15,0.15
2016-08-13,41.47,33.16,37.32,19.62,37.52,2.45,2.97,24.08,0.0,0.06,0.15,0.15
2016-08-14,42.04,32.96,36.9,19.59,40.2,2.55,3.01,24.47,0.0,0.06,0.15,0.15
2016-08-15,41.06,31.38,35.66,22.53,52.52,2.75,3.17,23.43,0.0,0.06,0.15,0.15
2016-08-16,39.92,32.73,36.55,17.81,35.82,1.93,2.39,22.51,0.01,0.06,0.15,0.15
2016-08-17,42.47,31.5,37.03,18.26,38.2,3.77,4.59,24.73,0.0,0.06,0.15,0.15
2016-08-18,42.21,31.08,36.44,19.08,41.2,4.45,5.39,25.8,0.0,0.05,0.15,0.15
2016-08-19,40.99,29.73,35.05,21.19,49.44,4.88,5.8,25.26,0.0,0.05,0.15,0.15
2016-08-20,39.65,28.95,34.15,19.75,47.5,2.7,3.13,25.08,0.0,0.05,0.15,0.15
2016-08-21,41.22,31.11,35.8,18.4,39.18,2.13,2.54,25.05,0.0,0.05,0.15,0.15
2016-08-22,41.54,31.28,35.92,20.93,47.11,1.96,2.3,24.25,0.0,0.05,0.15,0.15
2016-08-23,41.65,31.3,36.51,18.96,40.82,1.51,1.9,24.15,0.0,0.05,0.15,0.15
2016-08-24,42.25,30.94,36.42,18.11,38.03,1.89,2.37,24.33,0.05,0.05,0.15,0.15
2016-08-25,42.52,31.71,36.87,16.56,33.53,2.39,2.95,23.8,0.03,0.05,0.15,0.15
2016-08-26,41.73,30.6,35.68,19.19,43.18,2.27,2.71,25.48,0.0,0.05,0.15,0.15
2016-08-27,40.21,30.9,35.33,21.04,48.61,2.07,2.44,26.52,0.01,0.05,0.15,0.15
2016-08-28,43.21,30.81,36.46,18.69,42.79,2.34,2.88,26.16,0.01,0.05,0.15,0.15
2016-08-29,41.44,30.04,35.84,19.74,43.47,2.74,3.33,24.73,0.0,0.05,0.15,0.15
2016-08-30,41.29,31.32,35.92,18.28,39.51,1.98,2.38,23.98,0.0,0.05,0.15,0.15
2016-08-31,41.64,30.56,35.38,21.97,51.54,2.06,2.41,24.81,0.0,0.05,0.15,0.15
2016-09-01,38.54,31.05,34.54,22.53,52.4,1.75,1.99,23.4,0.0,0.05,0.15,0.15
2016-09-02,41.42,31.02,35.87,21.03,46.66,2.36,2.87,23.89,0.0,0.05,0.15,0.15
2016-09-03,41.75,30.8,35.95,22.32,49.52,3.34,3.98,22.44,0.51,0.06,0.15,0.15
2016-09-04,41.83,31.01,36.28,21.6,45.88,2.69,3.2,22.34,0.63,0.08,0.15,0.15
2016-09-05,42.32,32.45,36.83,21.58,45.28,2.36,2.76,22.16,0.55,0.09,0.15,0.15
2016-09-06,41.0,31.85,35.98,22.23,48.57,2.29,2.7,22.57,0.35,0.1,0.15,0.15
2016-09-07,40.17,29.42,34.13,22.81,55.49,4.86,5.71,23.3,0.46,0.1,0.15,0.15
2016-09-08,39.63,29.15,33.7,22.9,56.61,4.37,5.11,21.76,0.07,0.1,0.15,0.15
2016-09-09,38.24,29.56,33.36,22.96,57.31,3.99,4.61,21.56,0.0,0.1,0.15,0.15
2016-09-10,37.53,28.8,32.77,22.28,57.01,3.04,3.45,22.13,0.0,0.09,0.15,0.15
2016-09-11,37.66,30.22,33.6,20.9,50.86,2.03,2.34,22.5,0.0,0.09,0.15,0.15
2016-09-12,38.72,30.55,34.09,22.81,55.24,1.86,2.15,22.13,0.0,0.08,0.15,0.15
2016-09-13,39.12,31.15,34.6,22.26,51.33,3.02,3.56,18.47,0.0,0.08,0.15,0.15
2016-09-14,39.08,29.48,33.96,21.72,51.85,3.55,4.11,21.37,0.0,0.08,0.15,0.15
2016-09-15,37.69,29.77,33.38,22.01,53.43,2.88,3.28,21.36,0.0,0.08,0.15,0.15
2016-09-16,37.26,30.26,33.35,22.99,56.07,1.91,2.2,21.01,0.0,0.08,0.15,0.15
2016-09-17,36.45,30.7,33.21,23.57,58.67,2.33,2.67,22.29,0.0,0.08,0.15,0.15
2016-09-18,37.83,29.7,33.09,24.39,63.53,2.72,3.11,22.18,0.03,0.08,0.15,0.15
2016-09-19,39.1,29.23,33.59,21.05,51.87,2.18,2.56,21.79,0.01,0.08,0.15,0.15
2016-09-20,37.34,29.14,32.7,22.64,58.54,2.57,2.94,20.96,0.01,0.07,0.15,0.15
2016-09-21,36.83,29.9,32.67,21.12,52.74,1.82,2.07,22.11,0.0,0.07,0.15,0.15
2016-09-22,37.41,29.84,33.14,21.37,51.63,1.57,1.79,21.02,0.0,0.07,0.15,0.15
2016-09-23,37.01,29.97,33.17,21.26,51.3,1.76,2.02,20.23,0.0,0.07,0.15,0.15
2016-09-24,36.41,29.5,32.7,22.76,57.51,2.31,2.63,21.39,0.0,0.07,0.15,0.15
2016-09-25,36.63,29.86,32.83,24.41,63.06,1.66,1.92,20.83,0.0,0.07,0.15,0.15
2016-09-26,37.63,29.62,33.18,22.35,55.79,1.91,2.18,21.11,0.0,0.07,0.15,0.15
2016-09-27,38.05,29.48,33.29,21.45,53.26,2.24,2.59,20.77,0.0,0.07,0.15,0.15
2016-09-28,36.5,29.57,32.59,24.36,64.31,3.6,4.2,21.38,0.0,0.07,0.15,0.15
2016-09-29,37.26,30.03,32.83,25.03,66.89,4.27,5.06,21.59,0.0,0.07,0.15,0.15
2016-09-30,35.13,29.7,32.04,21.01,53.18,5.18,6.16,21.61,0.0,0.07,0.15,0.15
2016-10-01,36.0,28.23,31.73,20.38,53.0,2.19,2.6,20.67,0.0,0.07,0.15,0.15
2016-10-02,37.08,28.66,32.27,21.74,56.41,3.63,4.21,20.35,0.0,0.07,0.15,0.15
2016-10-03,34.44,28.65,31.23,21.38,56.86,2.88,3.33,18.8,0.06,0.07,0.15,0.15
2016-10-04,34.52,29.25,31.53,20.94,54.21,3.1,3.63,17.68,0.12,0.08,0.15,0.15
2016-10-05,35.14,29.09,31.68,20.81,53.49,3.12,3.62,19.03,0.01,0.08,0.15,0.15
2016-10-06,35.4,29.22,31.69,21.03,54.67,2.8,3.25,19.48,0.02,0.08,0.15,0.15
2016-10-07,36.44,28.88,31.93,20.25,51.59,1.92,2.23,19.51,0.06,0.08,0.15,0.15
2016-10-08,37.32,29.87,32.77,22.0,54.82,2.8,3.28,19.7,0.01,0.08,0.15,0.15
2016-10-09,36.71,29.18,32.43,21.57,56.6,3.29,3.91,19.75,0.0,0.08,0.15,0.15
2016-10-10,36.76,29.42,32.47,18.93,49.64,3.77,4.57,20.29,0.0,0.08,0.15,0.15
2016-10-11,34.82,27.51,30.74,18.97,53.86,3.78,4.59,20.08,0.02,0.07,0.15,0.15
2016-10-12,33.97,26.9,30.17,20.48,58.13,1.99,2.34,20.35,0.0,0.07,0.15,0.15
2016-10-13,34.76,27.78,30.98,20.69,56.91,2.12,2.52,19.86,0.0,0.07,0.15,0.15
2016-10-14,34.94,28.33,31.09,21.03,57.71,1.58,1.81,20.18,0.0,0.07,0.15,0.15
2016-10-15,35.25,27.91,30.84,19.76,55.07,2.18,2.51,19.89,0.0,0.07,0.15,0.15
2016-10-16,35.12,27.49,30.7,18.99,51.77,1.9,2.22,19.81,0.0,0.07,0.15,0.15
2016-10-17,35.1,27.07,31.0,19.47,52.95,2.04,2.42,18.69,0.0,0.07,0.15,0.15
2016-10-18,35.66,29.3,31.9,17.25,43.51,1.6,1.92,19.03,0.0,0.07,0.15,0.15
2016-10-19,34.53,27.63,30.72,18.2,49.1,2.29,2.68,19.01,0.0,0.07,0.15,0.15
2016-10-20,33.73,27.62,30.13,18.89,53.54,3.11,3.73,19.08,0.0,0.07,0.15,0.15
2016-10-21,33.93,26.72,29.69,17.8,51.55,2.0,2.31,19.24,0.0,0.07,0.15,0.15
2016-10-22,34.11,26.89,29.78,18.32,53.05,2.14,2.47,18.54,0.0,0.07,0.15,0.15
2016-10-23,34.15,27.54,30.03,18.19,51.47,2.09,2.45,18.5,0.01,0.07,0.15,0.15
2016-10-24,33.35,26.97,29.69,17.85,50.88,1.7,1.98,18.25,0.02,0.07,0.15,0.15
2016-10-25,34.79,27.75,30.62,16.28,44.68,1.75,2.16,18.25,0.0,0.07,0.15,0.15
2016-10-26,35.68,25.67,30.29,15.94,45.59,2.63,3.25,17.63,0.0,0.07,0.15,0.15
2016-10-27,34.57,25.38,29.79,16.14,46.77,2.39,2.95,18.5,0.0,0.07,0.15,0.15
2016-10-28,35.18,24.95,29.39,15.9,48.13,2.34,2.84,19.24,0.0,0.06,0.15,0.15
2016-10-29,33.64,26.76,29.49,19.54,58.09,3.05,3.72,18.47,0.0,0.06,0.15,0.15
2016-10-30,32.98,26.0,28.78,19.55,60.15,2.12,2.52,18.01,0.0,0.06,0.15,0.15
2016-10-31,33.46,26.22,29.53,19.96,58.35,2.41,2.82,17.2,0.0,0.06,0.15,0.15
2016-11-01,32.6,26.04,29.02,20.02,60.38,3.13,3.66,16.58,0.0,0.06,0.15,0.15
2016-11-02,33.1,24.87,28.86,17.27,53.11,2.39,2.83,16.78,0.0,0.06,0.15,0.15
2016-11-03,32.74,24.8,28.53,17.43,53.79,2.44,2.9,16.09,0.0,0.06,0.15,0.15
2016-11-04,31.86,26.62,28.54,20.9,64.72,1.78,2.07,16.32,0.0,0.06,0.15,0.15
2016-11-05,31.51,25.97,28.21,20.07,63.19,2.21,2.65,16.77,0.0,0.06,0.15,0.15
2016-11-06,33.21,24.8,28.7,17.93,55.72,1.66,1.98,16.68,0.0,0.06,0.15,0.15
2016-11-07,32.16,25.69,28.58,18.58,57.15,2.49,2.92,16.87,0.0,0.06,0.15,0.15
2016-11-08,31.26,24.84,27.82,17.06,53.78,4.41,5.4,16.56,0.0,0.06,0.15,0.15
2016-11-09,30.33,24.45,27.06,15.14,49.11,1.78,2.2,16.73,0.0,0.06,0.15,0.15
2016-11-10,31.16,25.05,27.52,15.1,47.83,1.65,1.95,16.97,0.0,0.06,0.15,0.15
2016-11-11,32.28,23.98,27.78,11.7,39.75,2.49,3.08,17.17,0.0,0.06,0.15,0.15
2016-11-12,32.46,23.08,27.32,10.58,37.8,2.03,2.54,17.62,0.0,0.06,0.15,0.15
2016-11-13,32.28,23.82,27.29,10.63,38.02,1.47,1.82,16.98,0.0,0.06,0.15,0.15
2016-11-14,31.38,21.98,26.18,13.8,51.48,1.92,2.37,17.11,0.0,0.06,0.15,0.15
2016-11-15,29.3,23.91,26.06,18.86,65.86,2.41,2.88,16.83,0.0,0.06,0.15,0.15
2016-11-16,30.09,23.71,26.29,17.21,59.94,1.32,1.57,16.3,0.0,0.06,0.15,0.15
2016-11-17,30.57,22.61,26.36,17.29,60.22,1.99,2.48,16.5,0.0,0.06,0.15,0.15
2016-11-18,30.24,22.36,25.84,16.1,58.07,2.02,2.5,16.5,0.0,0.06,0.15,0.15
2016-11-19,28.52,23.46,25.74,20.21,72.05,3.34,4.03,14.57,0.0,0.06,0.15,0.15
2016-11-20,29.68,24.26,26.37,20.19,69.75,2.81,3.45,15.16,0.0,0.06,0.15,0.15
2016-11-21,30.18,24.01,26.55,15.96,54.18,2.52,3.0,14.14,0.0,0.06,0.15,0.15
2016-11-22,28.62,22.16,24.94,13.05,49.7,4.46,5.29,13.87,0.05,0.06,0.15,0.15
2016-11-23,28.65,22.6,25.2,17.31,63.36,2.24,2.71,13.36,0.13,0.07,0.15,0.15
2016-11-24,29.81,22.65,25.52,14.89,53.44,5.2,6.17,12.15,0.02,0.07,0.15,0.15
2016-11-25,27.92,22.75,24.61,15.87,59.67,5.11,6.0,12.11,0.15,0.08,0.15,0.15
2016-11-26,28.44,21.03,24.12,14.03,54.94,3.84,4.56,13.39,0.0,0.08,0.15,0.15
2016-11-27,29.19,21.17,24.71,14.09,54.35,2.43,3.02,14.45,0.0,0.08,0.15,0.15
2016-11-28,27.3,22.55,24.35,14.31,54.79,1.64,1.99,13.68,0.0,0.08,0.15,0.15
2016-11-29,27.88,22.98,25.03,17.9,65.36,3.72,4.58,14.01,0.0,0.08,0.15,0.15
2016-11-30,28.06,22.77,24.99,16.66,60.97,3.26,4.04,15.42,0.0,0.08,0.15,0.15
2016-12-01,28.29,22.91,25.24,17.34,62.55,2.62,3.21,14.53,0.0,0.08,0.15,0.15
2016-12-02,30.77,22.31,25.83,17.72,63.91,1.58,1.93,14.68,0.0,0.08,0.15,0.15
2016-12-03,30.36,22.51,25.68,17.78,64.9,1.94,2.38,14.78,0.0,0.08,0.15,0.15
2016-12-04,31.05,23.34,26.47,20.21,71.77,1.91,2.42,14.64,0.0,0.08,0.15,0.15
2016-12-05,31.99,21.7,26.16,17.51,63.47,2.14,2.74,14.82,0.0,0.08,0.15,0.15
2016-12-06,30.73,20.25,24.98,15.47,60.2,2.06,2.56,14.99,0.0,0.08,0.15,0.15
2016-12-07,28.23,21.83,24.26,17.65,68.61,1.96,2.36,14.57,0.0,0.08,0.15,0.15
2016-12-08,27.09,21.97,24.22,19.55,76.09,3.78,4.65,13.51,0.0,0.08,0.15,0.15
2016-12-09,26.89,22.07,24.17,16.78,64.08,5.88,7.17,14.18,0.0,0.08,0.15,0.15
2016-12-10,23.9,19.94,22.3,11.8,51.99,6.72,8.06,14.1,0.0,0.08,0.15,0.15
2016-12-11,23.59,19.51,21.31,12.6,58.17,6.66,8.03,13.58,0.0,0.08,0.15,0.15
2016-12-12,23.7,19.43,21.3,11.19,53.07,6.07,7.35,15.2,0.0,0.08,0.15,0.15
2016-12-13,25.29,19.78,22.13,10.36,48.48,1.34,1.7,14.65,0.0,0.08,0.15,0.15
2016-12-14,24.58,18.47,21.29,12.44,58.61,1.95,2.35,14.9,0.0,0.08,0.15,0.15
2016-12-15,26.21,19.13,22.35,13.33,59.25,1.9,2.35,13.38,0.0,0.08,0.15,0.15
2016-12-16,25.75,20.52,22.77,14.9,61.7,3.03,3.59,12.88,0.0,0.08,0.15,0.15
2016-12-17,23.9,18.98,21.27,13.72,62.97,4.3,5.31,14.75,0.0,0.08,0.15,0.15
2016-12-18,25.68,19.91,22.27,14.69,63.26,4.66,5.78,13.87,0.0,0.08,0.15,0.15
2016-12-19,25.01,19.48,21.82,13.29,59.66,3.65,4.57,14.48,0.0,0.08,0.15,0.15
2016-12-20,26.13,19.84,22.57,11.68,51.76,1.49,1.83,14.39,0.0,0.08,0.15,0.15
2016-12-21,26.16,20.38,22.77,12.44,53.34,1.54,1.81,13.77,0.0,0.08,0.15,0.15
2016-12-22,26.59,20.52,22.78,16.62,70.13,2.23,2.76,13.8,0.0,0.08,0.15,0.15
2016-12-23,27.44,19.92,23.2,17.88,75.04,3.05,3.77,14.01,0.01,0.08,0.15,0.15
2016-12-24,28.69,20.87,23.81,14.77,61.67,2.42,2.99,13.82,0.0,0.08,0.15,0.15
2016-12-25,28.73,19.5,23.56,11.93,51.42,2.57,3.33,14.39,0.0,0.08,0.15,0.15
2016-12-26,29.38,19.52,23.68,13.77,57.48,2.0,2.6,14.38,0.0,0.08,0.15,0.15
2016-12-27,28.33,19.07,23.16,14.58,62.03,1.74,2.24,15.19,0.0,0.08,0.15,0.15
2016-12-28,27.55,20.29,22.93,17.8,75.4,2.14,2.6,14.02,0.0,0.08,0.15,0.15
2016-12-29,27.09,20.32,22.85,18.43,78.8,2.08,2.53,14.71,0.01,0.08,0.15,0.15
2016-12-30,27.29,20.37,22.97,18.92,80.59,1.86,2.31,14.39,0.03,0.08,0.15,0.15
2016-12-31,26.7,20.13,22.48,19.16,83.48,2.37,2.9,12.84,0.01,0.08,0.15,0.15
2017-01-01,26.39,19.0,22.09,18.62,82.62,2.32,2.85,15.19,0.01,0.08,0.15,0.15
2017-01-02,26.08,18.34,21.86,18.51,83.75,2.4,2.91,13.16,0.01,0.08,0.15,0.15
2017-01-03,25.17,19.77,21.84,17.98,80.41,2.98,3.65,14.22,0.01,0.08,0.15,0.15
2017-01-04,25.09,19.57,21.95,17.43,76.73,4.32,5.32,14.59,0.01,0.08,0.15,0.15
2017-01-05,24.58,19.74,21.89,15.0,65.97,5.99,7.29,14.33,0.01,0.08,0.15,0.15
2017-01-06,25.21,18.67,21.78,9.02,45.37,2.87,3.57,15.02,0.0,0.08,0.15,0.15
2017-01-07,24.45,17.63,20.74,7.48,44.35,1.75,2.2,15.03,0.0,0.08,0.15,0.15
2017-01-08,24.2,18.95,20.99,12.45,59.41,1.96,2.31,14.64,0.0,0.08,0.15,0.15
2017-01-09,25.53,17.94,21.27,14.09,65.57,1.4,1.69,15.08,0.0,0.08,0.15,0.15
2017-01-10,25.76,18.11,21.56,12.73,59.51,1.91,2.37,15.18,0.0,0.08,0.15,0.15
2017-01-11,25.57,19.19,21.76,16.46,73.88,2.99,3.64,14.99,0.0,0.08,0.15,0.15
2017-01-12,25.54,19.77,22.12,16.82,73.88,5.67,6.98,14.85,0.02,0.08,0.15,0.15
2017-01-13,23.85,19.75,21.4,13.68,62.33,6.88,8.35,13.88,0.0,0.08,0.15,0.15
2017-01-14,21.73,18.45,19.96,10.68,55.73,8.44,10.22,15.7,0.01,0.08,0.15,0.15
2017-01-15,22.82,17.61,20.12,10.98,56.24,2.41,2.98,13.5,0.04,0.08,0.15,0.15
2017-01-16,22.71,16.31,19.6,13.5,69.05,2.4,2.87,14.68,0.0,0.08,0.15,0.15
2017-01-17,23.64,18.91,20.75,14.08,66.61,2.73,3.35,14.82,0.0,0.08,0.15,0.15
2017-01-18,24.08,18.43,20.93,11.99,57.83,1.37,1.68,13.91,0.01,0.08,0.15,0.15
2017-01-19,24.59,19.18,21.84,13.35,59.49,1.71,2.06,11.84,0.55,0.09,0.15,0.15
2017-01-20,25.93,19.9,22.33,14.67,64.63,2.49,3.06,14.07,1.43,0.16,0.15,0.15
2017-01-21,26.92,19.24,22.58,13.65,59.87,3.8,4.68,14.55,0.34,0.16,0.15,0.15
2017-01-22,26.67,20.62,23.47,14.71,59.37,2.45,3.01,10.83,1.88,0.17,0.15,0.15
2017-01-23,25.36,20.42,22.43,15.75,66.57,5.14,6.14,12.29,2.56,0.22,0.16,0.16
2017-01-24,22.36,18.59,20.24,11.91,59.16,4.17,4.99,14.33,0.24,0.22,0.16,0.16
2017-01-25,22.18,17.79,19.52,10.27,55.8,2.97,3.59,15.69,0.45,0.2,0.16,0.16
2017-01-26,23.24,15.83,19.45,8.66,51.21,2.29,2.82,17.05,0.0,0.18,0.16,0.16
2017-01-27,24.85,16.38,20.2,10.18,54.8,2.41,2.93,16.2,0.0,0.16,0.16,0.16
2017-01-28,26.21,17.15,21.53,12.03,56.95,2.94,3.66,15.87,0.0,0.15,0.16,0.16
2017-01-29,26.58,18.65,22.22,14.41,64.51,3.22,3.93,15.92,0.0,0.15,0.16,0.16
2017-01-30,24.89,18.32,21.22,13.9,63.65,2.41,2.89,16.09,0.0,0.14,0.16,0.16
2017-01-31,24.24,17.85,20.23,10.72,55.61,1.78,2.11,17.34,0.0,0.14,0.16,0.16
2017-02-01,25.73,17.55,21.24,8.69,46.76,1.49,1.78,16.83,0.0,0.13,0.16,0.16
2017-02-02,23.07,17.58,19.57,12.6,65.22,6.29,7.58,10.33,3.22,0.16,0.16,0.16
2017-02-03,17.39,12.37,15.09,4.85,51.45,10.83,13.09,9.4,0.84,0.23,0.16,0.16
2017-02-04,18.75,12.8,15.74,4.13,47.55,4.54,5.54,18.42,0.24,0.2,0.16,0.16
2017-02-05,20.73,14.68,17.34,9.02,59.01,2.63,3.21,17.4,0.0,0.17,0.16,0.16
2017-02-06,20.31,15.3,17.88,10.77,63.57,2.58,3.09,15.97,0.0,0.16,0.16,0.16
2017-02-07,21.47,16.53,18.82,9.96,56.93,4.55,5.58,17.26,0.0,0.16,0.16,0.16
2017-02-08,23.88,16.59,19.94,9.66,52.56,2.18,2.69,17.81,0.0,0.15,0.16,0.16
2017-02-09,26.28,16.74,21.18,10.03,50.92,2.25,2.87,17.38,0.0,0.15,0.16,0.16
2017-02-10,25.52,18.2,21.54,10.56,51.69,2.28,2.79,17.29,0.0,0.14,0.16,0.16
2017-02-11,26.86,18.99,22.26,10.37,48.92,2.9,3.51,13.46,0.05,0.13,0.16,0.16
2017-02-12,25.34,20.08,22.27,15.04,64.41,4.31,5.19,3.91,0.68,0.14,0.16,0.16
2017-02-13,28.18,20.54,23.28,16.83,69.49,3.75,4.6,9.22,0.5,0.16,0.16,0.16
2017-02-14,27.04,21.14,23.69,14.8,59.72,3.56,4.37,8.73,3.41,0.22,0.17,0.17
2017-02-15,25.19,20.62,22.63,17.69,74.49,3.29,3.96,5.53,7.84,0.25,0.17,0.17
2017-02-16,23.11,20.5,21.83,17.85,78.26,2.64,3.14,5.55,26.92,0.41,0.22,0.21
2017-02-17,27.93,20.28,23.58,16.48,67.22,4.84,5.99,6.72,11.31,0.36,0.24,0.23
2017-02-18,21.27,16.82,19.69,12.36,64.09,7.23,8.66,9.7,8.69,0.41,0.27,0.26
2017-02-19,19.95,16.05,17.77,8.55,55.47,3.97,4.76,17.88,0.02,0.31,0.26,0.26
2017-02-20,20.88,16.06,18.09,11.0,63.82,2.67,3.26,14.45,0.0,0.29,0.25,0.26
2017-02-21,20.2,16.2,17.88,12.53,71.14,3.4,4.13,10.42,0.63,0.3,0.25,0.26
2017-02-22,22.06,16.27,18.93,12.85,68.86,2.65,3.2,17.45,0.0,0.29,0.25,0.25
2017-02-23,25.57,17.34,21.32,12.7,59.27,3.07,3.71,14.34,0.0,0.28,0.24,0.25
2017-02-24,26.61,19.33,23.01,13.73,57.24,1.93,2.52,13.08,0.03,0.28,0.24,0.25
2017-02-25,24.61,19.68,22.24,15.48,67.24,2.77,3.44,8.75,1.0,0.29,0.24,0.25
2017-02-26,22.26,18.45,20.44,15.46,73.45,3.28,3.91,6.23,2.57,0.32,0.24,0.25
2017-02-27,22.28,16.88,19.17,11.93,64.03,3.29,4.0,21.03,0.05,0.3,0.24,0.25
2017-02-28,24.19,16.83,19.85,12.86,66.4,1.84,2.23,20.83,0.0,0.28,0.24,0.25
2017-03-01,26.6,18.05,21.82,14.52,66.57,1.66,2.05,21.21,0.01,0.27,0.24,0.25
2017-03-02,27.7,17.6,22.72,11.95,54.01,2.69,3.42,15.58,0.01,0.26,0.24,0.25
2017-03-03,26.66,19.51,22.56,12.46,54.96,1.86,2.29,20.31,0.0,0.26,0.24,0.25
2017-03-04,27.48,19.56,22.58,13.78,60.52,2.4,2.91,15.28,0.38,0.26,0.23,0.24
2017-03-05,27.82,19.73,23.23,15.57,64.86,2.03,2.53,10.76,0.15,0.27,0.23,0.24
2017-03-06,27.49,20.47,23.72,13.47,56.03,2.66,3.22,18.41,0.05,0.26,0.23,0.24
2017-03-07,23.65,18.03,20.62,13.5,65.13,4.76,5.74,22.95,0.01,0.25,0.23,0.24
2017-03-08,26.31,17.9,21.44,14.46,67.31,2.01,2.5,21.15,0.0,0.24,0.23,0.24
2017-03-09,26.35,18.91,21.89,15.78,71.49,3.27,3.95,20.99,0.0,0.24,0.23,0.24
2017-03-10,29.01,19.23,23.53,14.47,61.69,1.75,2.33,20.44,0.0,0.24,0.22,0.24
2017-03-11,29.9,19.07,24.05,12.57,53.29,3.79,4.7,18.63,0.0,0.23,0.22,0.23
2017-03-12,29.68,21.15,24.54,12.92,52.05,2.57,3.16,19.19,0.0,0.22,0.22,0.23
2017-03-13,30.43,21.9,25.12,12.8,50.64,2.97,3.61,19.39,0.01,0.22,0.22,0.23
2017-03-14,29.63,21.49,24.91,16.15,60.64,3.17,3.9,18.93,0.0,0.21,0.22,0.23
2017-03-15,28.48,21.29,24.41,13.55,52.99,2.76,3.27,16.59,0.08,0.21,0.22,0.23
2017-03-16,28.47,22.17,24.84,13.56,50.8,3.82,4.66,13.14,0.59,0.22,0.22,0.23
2017-03-17,27.86,21.4,24.44,15.66,59.1,4.45,5.35,8.82,0.41,0.22,0.21,0.22
2017-03-18,28.53,21.8,24.57,14.96,57.17,2.47,2.96,22.18,0.01,0.21,0.21,0.22
2017-03-19,32.87,22.66,27.52,14.08,45.1,2.51,3.33,19.45,0.65,0.21,0.21,0.22
2017-03-20,31.12,23.3,26.94,16.98,55.89,4.2,5.3,10.44,2.86,0.26,0.22,0.23
2017-03-21,24.03,18.93,21.29,16.29,73.86,5.13,6.06,7.11,14.14,0.37,0.24,0.24
2017-03-22,25.17,18.34,21.38,13.4,62.98,2.67,3.27,18.61,0.21,0.29,0.24,0.25
2017-03-23,29.36,17.32,23.61,12.87,54.97,1.9,2.32,19.27,0.22,0.26,0.23,0.24
2017-03-24,25.1,20.21,21.72,16.51,72.47,5.26,6.26,9.24,29.73,0.41,0.26,0.27
2017-03-25,28.09,20.19,24.11,17.89,69.64,4.93,5.98,4.42,3.22,0.4,0.29,0.29
2017-03-26,28.54,21.0,24.59,18.5,70.14,3.76,4.65,18.47,2.05,0.4,0.28,0.29
2017-03-27,25.86,22.39,23.83,18.3,71.73,2.37,2.97,13.53,1.52,0.38,0.28,0.29
2017-03-28,28.99,21.16,24.46,18.05,69.28,1.62,1.92,18.51,3.83,0.39,0.28,0.29
2017-03-29,28.73,21.17,24.46,18.53,71.65,2.09,2.54,21.49,0.0,0.35,0.28,0.29
2017-03-30,29.74,22.04,25.26,16.2,59.61,1.92,2.31,21.63,0.06,0.33,0.27,0.29
2017-03-31,30.61,22.76,26.09,16.66,58.56,1.9,2.28,22.74,0.0,0.32,0.27,0.29
2017-04-01,31.68,23.73,27.04,16.72,55.29,2.07,2.55,22.91,0.0,0.32,0.27,0.28
2017-04-02,32.49,24.63,28.08,15.75,49.55,1.56,1.94,21.14,0.0,0.31,0.26,0.28
2017-04-03,33.11,23.79,28.06,15.38,49.73,2.22,2.78,21.66,0.0,0.3,0.26,0.27
2017-04-04,28.16,21.74,24.6,17.24,67.36,6.5,7.8,24.72,0.0,0.29,0.26,0.27
2017-04-05,26.82,21.08,23.57,13.77,56.49,5.45,6.58,26.18,0.0,0.28,0.25,0.27
2017-04-06,29.21,19.9,24.65,12.03,48.72,2.41,2.95,23.84,0.0,0.27,0.25,0.26
2017-04-07,30.41,21.29,25.68,10.22,40.25,1.62,2.06,21.43,0.0,0.26,0.25,0.26
2017-04-08,33.63,23.62,27.7,11.49,39.53,2.07,2.69,20.63,0.0,0.25,0.24,0.26
2017-04-09,32.34,25.44,28.44,13.1,41.21,1.95,2.6,23.24,0.0,0.24,0.24,0.26
2017-04-10,33.84,25.09,28.55,14.0,44.44,1.85,2.18,23.59,0.0,0.24,0.24,0.25
2017-04-11,34.84,25.36,30.0,12.09,36.02,1.73,2.34,22.15,0.09,0.23,0.24,0.25
2017-04-12,35.91,24.8,29.97,12.78,38.29,2.16,2.87,24.9,0.0,0.22,0.23,0.25
2017-04-13,36.11,27.31,30.87,11.37,33.03,1.52,1.99,24.04,0.0,0.21,0.23,0.24
2017-04-14,35.57,25.4,30.61,10.94,33.59,1.89,2.37,24.65,0.0,0.2,0.23,0.24
2017-04-15,34.91,25.16,29.18,12.04,39.5,2.11,2.54,25.36,0.13,0.2,0.23,0.24
2017-04-16,36.45,24.99,29.87,12.51,41.09,2.27,2.7,24.69,0.11,0.19,0.22,0.24
2017-04-17,32.94,23.9,27.82,20.83,70.02,2.54,3.01,25.07,0.79,0.22,0.22,0.24
2017-04-18,32.85,24.1,28.03,19.2,62.2,2.57,3.05,24.51,0.0,0.2,0.22,0.23
2017-04-19,34.0,23.69,28.47,20.71,66.7,3.94,4.76,24.44,0.79,0.21,0.22,0.23
2017-04-20,32.79,24.0,28.07,19.29,63.36,7.1,8.54,23.82,0.23,0.2,0.22,0.23
2017-04-21,29.5,22.52,25.76,19.39,69.68,5.3,6.28,26.36,0.46,0.2,0.22,0.23
2017-04-22,36.31,22.42,28.05,17.89,61.5,2.84,3.47,24.68,0.01,0.19,0.22,0.23
2017-04-23,37.8,24.62,30.4,16.33,51.49,1.79,2.25,25.82,0.7,0.18,0.22,0.23
2017-04-24,35.16,24.77,29.15,16.8,54.08,2.54,3.06,26.32,0.55,0.18,0.22,0.23
2017-04-25,34.54,24.86,29.33,14.57,46.59,2.61,3.12,24.68,0.41,0.18,0.21,0.23
2017-04-26,33.36,24.28,28.42,14.41,47.72,3.43,4.07,24.37,0.05,0.17,0.21,0.22
2017-04-27,35.13,24.89,29.41,21.05,65.63,2.58,3.14,23.58,0.26,0.17,0.21,0.22
2017-04-28,37.58,25.69,31.29,17.55,48.58,1.48,1.89,23.0,0.09,0.16,0.21,0.22
2017-04-29,37.53,27.31,31.9,16.21,42.41,2.51,3.21,22.99,0.01,0.15,0.21,0.22
2017-04-30,35.79,28.23,31.32,16.25,42.61,3.05,3.84,23.59,0.0,0.15,0.21,0.22
2017-05-01,34.23,27.62,30.24,16.14,44.15,3.16,3.88,18.06,0.05,0.15,0.21,0.22
2017-05-02,35.99,27.62,31.03,16.1,43.0,2.22,2.72,24.55,0.12,0.15,0.21,0.22
2017-05-03,36.25,27.75,31.74,15.49,39.13,2.31,2.82,25.97,0.1,0.15,0.2,0.21
2017-05-04,36.7,27.47,31.99,18.44,46.31,3.04,3.73,25.32,0.17,0.15,0.2,0.21
2017-05-05,36.78,28.34,32.37,19.23,47.72,3.25,4.0,25.29,0.38,0.15,0.2,0.21
2017-05-06,37.47,28.94,33.04,17.29,41.42,2.66,3.33,26.44,0.0,0.14,0.2,0.21
2017-05-07,37.3,27.26,32.33,16.17,40.45,3.44,4.19,25.67,0.0,0.13,0.2,0.21
2017-05-08,37.0,29.22,32.78,17.5,42.32,2.95,3.64,23.35,0.0,0.13,0.2,0.21
2017-05-09,35.85,28.08,31.83,18.78,49.26,3.16,3.75,25.84,0.0,0.13,0.2,0.21
2017-05-10,35.52,26.57,30.6,22.86,67.24,2.81,3.37,25.25,4.27,0.18,0.2,0.21
2017-05-11,36.32,26.36,30.79,22.32,66.73,2.1,2.54,25.93,5.55,0.24,0.21,0.22
2017-05-12,35.57,27.14,31.06,19.73,54.41,2.4,2.9,25.36,1.99,0.22,0.21,0.22
2017-05-13,34.78,27.47,31.04,16.65,43.36,2.73,3.29,23.7,1.04,0.21,0.21,0.22
2017-05-14,36.16,26.44,30.98,16.88,45.88,2.93,3.49,24.72,0.91,0.2,0.21,0.22
2017-05-15,35.4,26.09,30.33,20.29,60.71,4.44,5.39,26.31,0.52,0.19,0.21,0.22
2017-05-16,34.4,24.66,29.72,18.89,58.24,3.43,4.13,28.1,0.15,0.18,0.21,0.21
2017-05-17,36.76,24.94,30.82,17.37,50.81,2.47,2.94,26.42,0.0,0.16,0.2,0.21
2017-05-18,37.67,26.92,31.78,16.24,44.74,2.93,3.52,26.8,0.0,0.15,0.2,0.21
2017-05-19,36.57,26.34,31.08,21.44,61.44,3.71,4.46,25.07,0.0,0.15,0.2,0.21
2017-05-20,36.01,27.05,31.36,21.46,60.74,3.96,4.78,26.57,0.0,0.15,0.2,0.21
2017-05-21,36.65,26.99,31.74,20.57,55.94,3.84,4.62,25.96,0.0,0.14,0.2,0.21
2017-05-22,37.69,28.31,32.37,22.84,63.88,5.72,6.84,26.89,0.0,0.14,0.2,0.21
2017-05-23,36.16,25.53,30.31,21.38,63.8,3.66,4.3,27.99,0.0,0.13,0.2,0.2
2017-05-24,37.07,24.28,30.53,19.24,58.26,2.3,2.72,28.69,0.0,0.13,0.19,0.2
2017-05-25,38.38,26.5,32.21,19.02,51.54,3.52,4.17,26.41,0.0,0.12,0.19,0.2
2017-05-26,36.33,27.19,31.04,23.15,67.97,4.42,5.2,27.81,0.0,0.12,0.19,0.2
2017-05-27,37.71,25.9,31.21,21.29,63.0,3.37,3.99,27.54,0.01,0.12,0.19,0.2
2017-05-28,39.7,25.76,32.46,19.33,53.72,3.16,3.79,28.11,0.05,0.12,0.19,0.2
2017-05-29,39.32,27.42,32.86,21.44,56.31,3.7,4.48,27.46,0.05,0.12,0.19,0.2
2017-05-30,40.8,27.17,33.46,20.95,56.23,2.37,2.87,27.11,0.12,0.12,0.19,0.2
2017-05-31,40.95,28.33,33.75,22.89,60.83,2.83,3.35,27.32,0.07,0.12,0.19,0.2
2017-06-01,44.25,27.37,34.31,22.1,59.87,2.37,2.79,27.78,0.0,0.11,0.19,0.19
2017-06-02,41.52,28.21,34.33,22.64,56.88,2.4,2.87,27.6,0.0,0.11,0.19,0.19
2017-06-03,40.24,29.04,34.26,23.05,56.69,2.44,2.9,24.73,0.0,0.1,0.18,0.19
2017-06-04,37.4,28.72,32.37,23.01,62.15,3.05,3.54,25.27,0.0,0.1,0.18,0.19
2017-06-05,39.2,26.52,32.68,21.55,57.17,2.09,2.44,25.49,0.0,0.1,0.18,0.19
2017-06-06,41.53,30.8,35.83,21.48,47.28,3.03,3.79,23.77,0.0,0.1,0.18,0.19
2017-06-07,43.06,31.89,37.19,18.35,37.54,1.33,1.71,26.1,0.0,0.1,0.18,0.19
2017-06-08,41.54,30.72,36.01,18.84,39.77,2.59,3.15,25.32,0.0,0.09,0.18,0.19
2017-06-09,40.5,29.22,34.44,21.45,51.33,2.89,3.4,26.61,0.0,0.09,0.18,0.19
2017-06-10,38.26,28.56,33.3,19.03,48.89,3.51,4.13,27.18,0.0,0.09,0.18,0.18
2017-06-11,39.3,29.12,34.03,15.96,38.96,3.21,3.87,27.31,0.0,0.09,0.18,0.18
2017-06-12,39.5,28.71,33.71,21.16,53.39,3.5,4.2,26.7,0.0,0.09,0.18,0.18
2017-06-13,39.52,28.74,33.81,23.61,61.37,3.53,4.13,28.02,0.0,0.09,0.18,0.18
2017-06-14,44.7,28.56,36.56,20.69,46.46,2.2,2.72,26.09,0.0,0.09,0.17,0.18
2017-06-15,43.46,30.2,36.69,22.6,49.6,3.92,4.82,24.21,0.0,0.09,0.17,0.18
2017-06-16,41.17,31.97,36.14,22.24,48.77,3.58,4.23,26.92,0.0,0.08,0.17,0.18
2017-06-17,40.82,30.31,34.73,24.65,62.23,4.49,5.28,27.19,0.0,0.08,0.17,0.18
2017-06-18,41.94,29.74,35.03,24.31,62.34,3.36,4.0,26.86,0.0,0.08,0.17,0.18
2017-06-19,39.39,29.27,33.82,25.2,66.11,3.57,4.16,25.65,0.0,0.08,0.17,0.18
2017-06-20,39.63,29.24,34.05,24.76,63.07,2.89,3.36,26.04,0.01,0.09,0.17,0.18
2017-06-21,42.31,30.41,35.97,23.04,52.7,1.72,2.05,25.44,0.01,0.09,0.17,0.18
2017-06-22,41.72,30.55,35.87,23.34,52.4,2.15,2.52,25.8,0.0,0.08,0.17,0.17
2017-06-23,41.22,31.61,35.99,24.43,56.13,2.41,2.76,26.35,0.0,0.08,0.17,0.17
2017-06-24,40.58,31.04,35.47,24.07,56.95,3.15,3.63,25.56,0.0,0.08,0.17,0.17
2017-06-25,40.29,30.54,34.77,23.26,58.33,3.92,4.58,25.85,0.0,0.08,0.17,0.17
2017-06-26,39.23,30.04,34.27,23.38,57.15,3.41,3.98,25.58,0.0,0.08,0.17,0.17
2017-06-27,38.76,29.77,34.05,25.11,63.55,2.5,2.9,26.18,0.0,0.08,0.17,0.17
2017-06-28,43.42,29.93,37.06,19.75,45.7,2.61,3.31,24.18,0.0,0.08,0.17,0.17
2017-06-29,42.59,32.47,37.51,18.05,34.25,3.69,4.64,25.22,0.0,0.07,0.17,0.17
2017-06-30,42.98,31.34,37.05,20.12,41.18,2.37,2.92,24.63,0.0,0.07,0.16,0.17
2017-07-01,41.92,31.9,36.59,22.0,46.77,2.68,3.2,26.76,0.0,0.07,0.16,0.17
2017-07-02,43.9,30.9,36.43,22.6,54.28,1.86,2.2,25.88,0.0,0.07,0.16,0.17
2017-07-03,44.75,31.42,37.04,22.47,51.65,1.55,1.81,26.51,0.0,0.07,0.16,0.17
2017-07-04,42.99,30.97,36.27,21.07,47.87,1.61,1.87,25.8,0.0,0.07,0.16,0.17
2017-07-05,42.3,31.34,36.34,21.35,46.3,2.1,2.48,25.89,0.0,0.07,0.16,0.17
2017-07-06,42.43,32.31,36.98,21.68,46.32,1.84,2.2,25.51,0.01,0.07,0.16,0.17
2017-07-07,44.59,31.26,37.77,20.77,46.19,2.27,2.76,25.49,0.02,0.07,0.16,0.17
2017-07-08,40.17,30.82,35.27,25.13,58.24,6.23,7.42,22.24,0.05,0.07,0.16,0.17
2017-07-09,41.29,30.83,35.92,24.0,53.68,3.72,4.42,23.3,0.06,0.07,0.16,0.16
2017-07-10,42.08,32.76,37.23,23.04,47.23,2.46,2.99,23.21,0.02,0.07,0.16,0.16
2017-07-11,40.74,32.64,36.75,21.87,45.39,2.77,3.29,23.05,0.0,0.07,0.16,0.16
2017-07-12,42.21,33.79,37.76,20.56,38.78,2.82,3.52,22.18,0.0,0.07,0.16,0.16
2017-07-13,40.98,33.9,36.81,23.1,47.56,4.32,5.16,22.04,0.0,0.07,0.16,0.16
2017-07-14,41.06,32.71,36.38,23.17,49.94,2.79,3.35,22.25,0.01,0.07,0.16,0.16
2017-07-15,42.37,33.03,37.23,22.07,44.82,2.79,3.46,22.62,0.14,0.08,0.16,0.16
2017-07-16,40.62,33.27,36.88,22.33,45.68,3.17,3.83,21.95,0.02,0.08,0.16,0.16
2017-07-17,41.78,34.11,37.19,23.04,46.48,2.61,3.12,17.43,0.08,0.08,0.16,0.16
2017-07-18,42.51,32.62,37.54,21.83,45.37,2.06,2.52,23.06,0.14,0.09,0.16,0.16
2017-07-19,42.37,32.01,37.18,19.63,40.06,4.61,5.63,25.68,0.0,0.08,0.16,0.16
2017-07-20,42.3,30.69,36.81,20.16,42.55,3.01,3.7,24.08,0.0,0.08,0.16,0.16
2017-07-21,42.31,31.82,36.75,20.7,43.19,2.4,2.87,25.59,0.0,0.07,0.16,0.16
2017-07-22,42.49,33.4,37.69,18.39,35.2,2.11,2.53,25.91,0.0,0.07,0.16,0.16
2017-07-23,43.38,32.85,37.4,19.07,39.77,1.96,2.29,25.58,0.0,0.07,0.16,0.16
2017-07-24,42.08,32.83,37.13,20.68,41.17,3.08,3.69,23.79,0.0,0.07,0.16,0.16
2017-07-25,41.98,33.24,37.12,22.99,46.12,4.13,4.89,23.54,0.01,0.07,0.16,0.16
2017-07-26,43.02,33.51,37.72,21.72,42.34,2.61,3.09,24.42,0.04,0.07,0.16,0.16
2017-07-27,41.19,33.91,37.28,21.77,42.64,3.36,4.03,22.82,0.07,0.07,0.16,0.16
2017-07-28,42.99,33.72,37.7,22.56,45.58,1.89,2.31,22.95,0.14,0.08,0.16,0.16
2017-07-29,41.44,33.3,36.79,22.82,49.24,2.24,2.65,24.71,0.12,0.08,0.16,0.16
2017-07-30,41.99,31.97,36.71,22.86,48.75,2.68,3.24,23.84,0.06,0.08,0.16,0.16
2017-07-31,41.97,31.0,36.07,24.31,54.18,3.15,3.67,23.92,0.03,0.08,0.16,0.16
2017-08-01,42.44,32.87,37.86,23.9,48.68,1.88,2.28,23.68,0.01,0.08,0.15,0.16
2017-08-02,44.34,32.98,38.69,21.86,41.72,3.06,3.7,23.5,0.01,0.08,0.15,0.16
2017-08-03,44.12,33.09,38.79,19.81,37.18,3.21,3.99,24.02,0.0,0.07,0.15,0.16
2017-08-04,41.4,33.72,37.75,19.67,36.95,1.91,2.3,25.1,0.01,0.07,0.15,0.16
2017-08-05,42.76,32.78,37.44,20.91,42.49,1.48,1.76,24.37,0.01,0.07,0.15,0.16
2017-08-06,43.82,33.49,38.62,19.41,36.44,2.05,2.62,24.4,0.0,0.07,0.15,0.16
2017-08-07,43.43,32.18,37.85,19.02,37.47,3.23,3.97,23.98,0.0,0.06,0.15,0.16
2017-08-08,42.87,31.3,37.25,20.19,41.2,3.23,3.93,24.57,0.0,0.06,0.15,0.15
2017-08-09,42.81,31.02,36.91,20.28,41.95,3.15,3.76,25.59,0.0,0.06,0.15,0.15
2017-08-10,42.29,30.55,36.23,22.02,48.43,4.42,5.27,24.47,0.0,0.06,0.15,0.15
2017-08-11,42.42,31.02,36.6,21.54,46.23,3.57,4.29,23.74,0.0,0.06,0.15,0.15
2017-08-12,42.32,32.01,37.06,20.28,40.98,2.59,3.11,24.1,0.0,0.06,0.15,0.15
2017-08-13,41.19,32.17,36.43,20.52,42.3,2.68,3.18,24.35,0.0,0.06,0.15,0.15
2017-08-14,41.6,31.77,36.45,21.61,44.95,3.23,3.83,23.35,0.03,0.06,0.15,0.15
2017-08-15,40.49,31.55,35.6,22.56,49.41,4.52,5.32,22.23,0.19,0.07,0.15,0.15
2017-08-16,38.37,31.57,34.66,22.91,52.01,3.38,3.9,21.34,0.18,0.08,0.15,0.15
2017-08-17,38.61,32.48,35.3,22.46,48.77,2.45,2.85,22.91,0.42,0.09,0.15,0.15
2017-08-18,38.79,31.06,34.71,23.53,55.54,2.47,2.86,23.49,0.0,0.09,0.15,0.15
2017-08-19,42.43,31.1,36.33,21.13,46.28,1.96,2.35,21.54,0.0,0.08,0.15,0.15
2017-08-20,41.25,30.53,35.69,21.73,49.12,3.83,4.64,22.85,0.0,0.08,0.15,0.15
2017-08-21,40.43,31.45,35.75,19.6,42.06,2.8,3.35,23.0,0.0,0.08,0.15,0.15
2017-08-22,42.48,31.2,36.42,19.44,40.87,2.96,3.53,23.23,0.0,0.07,0.15,0.15
2017-08-23,39.04,30.11,34.21,22.55,53.59,4.82,5.73,22.17,0.0,0.07,0.15,0.15
2017-08-24,39.13,29.96,34.31,22.77,53.92,3.39,3.97,23.27,0.0,0.07,0.15,0.15
2017-08-25,37.94,29.93,33.84,22.97,54.96,3.18,3.67,23.87,0.0,0.07,0.15,0.15
2017-08-26,39.52,30.62,34.69,21.46,49.22,1.97,2.36,23.3,0.0,0.07,0.15,0.15
2017-08-27,41.76,31.3,36.28,16.47,35.13,2.1,2.68,24.45,0.0,0.07,0.15,0.15
2017-08-28,41.36,29.45,35.41,16.45,36.27,2.93,3.65,23.3,0.0,0.06,0.15,0.15
2017-08-29,41.5,29.83,35.42,16.53,37.22,2.03,2.54,24.73,0.0,0.06,0.15,0.15
2017-08-30,41.66,30.71,35.17,16.85,41.96,2.22,2.67,24.73,0.0,0.06,0.15,0.15
2017-08-31,39.37,29.73,33.97,23.98,61.64,2.17,2.52,22.58,0.0,0.06,0.15,0.15
2017-09-01,40.85,29.42,34.77,22.34,54.72,1.6,1.83,20.39,0.0,0.06,0.15,0.15
2017-09-02,40.2,31.53,35.18,21.36,49.69,2.11,2.44,23.59,0.0,0.06,0.15,0.15
2017-09-03,40.06,29.83,34.51,20.35,48.96,1.91,2.2,22.99,0.01,0.06,0.15,0.15
2017-09-04,41.88,30.59,35.5,19.26,42.12,2.35,2.9,22.88,0.01,0.06,0.15,0.15
2017-09-05,40.27,29.92,34.98,19.68,44.48,3.0,3.61,22.84,0.05,0.06,0.15,0.15
2017-09-06,39.52,31.63,35.32,20.96,45.49,2.48,2.96,21.67,0.01,0.06,0.15,0.15
2017-09-07,40.04,32.5,35.68,21.36,46.15,1.81,2.21,21.63,0.0,0.06,0.15,0.15
2017-09-08,39.81,32.0,35.12,21.75,48.7,2.32,2.77,21.85,0.0,0.06,0.15,0.15
2017-09-09,37.55,31.04,34.04,22.19,52.32,2.18,2.53,21.31,0.0,0.06,0.15,0.15
2017-09-10,38.17,30.77,34.07,21.01,48.56,1.59,1.83,21.17,0.0,0.06,0.15,0.15
2017-09-11,41.31,30.81,35.65,21.04,46.7,2.3,2.82,21.72,0.0,0.06,0.15,0.15
2017-09-12,40.45,29.66,34.75,19.62,45.61,2.57,3.07,22.18,0.0,0.06,0.15,0.15
2017-09-13,39.24,29.98,34.13,19.27,44.49,3.15,3.7,21.42,0.0,0.06,0.15,0.15
2017-09-14,39.18,30.99,34.55,19.02,42.47,2.39,2.84,21.65,0.0,0.06,0.15,0.15
2017-09-15,38.48,31.14,34.27,20.17,46.56,2.57,3.06,21.91,0.0,0.06,0.15,0.15
2017-09-16,39.08,30.98,34.32,19.88,45.79,1.52,1.74,21.44,0.0,0.06,0.15,0.15
2017-09-17,39.24,30.28,34.34,20.77,48.43,1.73,2.08,21.28,0.0,0.06,0.15,0.15
2017-09-18,40.66,30.36,34.58,20.16,46.3,1.88,2.25,20.15,0.0,0.06,0.15,0.15
2017-09-19,41.1,30.3,34.84,19.59,44.89,2.14,2.63,21.78,0.0,0.06,0.15,0.15
2017-09-20,39.9,29.72,34.53,14.28,35.65,2.53,3.18,20.59,0.0,0.05,0.15,0.15
2017-09-21,40.02,28.66,34.08,13.85,34.22,3.33,4.16,22.91,0.0,0.05,0.15,0.15
2017-09-22,39.4,28.54,34.03,14.32,34.42,3.14,3.88,22.63,0.0,0.05,0.15,0.15
2017-09-23,38.37,29.3,33.68,14.79,33.65,2.41,2.96,21.98,0.0,0.05,0.15,0.15
2017-09-24,39.19,29.32,33.63,16.87,41.66,1.67,1.98,22.8,0.0,0.05,0.15,0.15
2017-09-25,38.46,28.07,32.8,19.04,50.85,2.03,2.39,22.01,0.0,0.05,0.15,0.15
2017-09-26,37.87,28.49,32.52,20.48,54.95,1.7,2.01,20.83,0.01,0.05,0.15,0.15
2017-09-27,38.53,28.57,32.57,21.36,58.02,1.79,2.12,21.55,0.02,0.05,0.15,0.15
2017-09-28,37.64,29.2,32.6,22.86,61.15,2.29,2.71,21.18,0.0,0.05,0.15,0.15
2017-09-29,37.14,28.85,32.38,24.73,68.43,2.73,3.22,21.33,0.0,0.05,0.15,0.15
2017-09-30,37.85,28.87,32.6,23.33,63.87,2.07,2.44,21.46,0.0,0.05,0.15,0.15
2017-10-01,39.52,28.97,33.73,20.18,50.09,1.91,2.35,21.35,0.0,0.05,0.15,0.15
2017-10-02,38.34,28.55,33.02,20.13,50.21,2.06,2.43,20.18,0.0,0.05,0.15,0.15
2017-10-03,37.06,29.55,32.85,23.46,61.99,3.78,4.56,19.38,0.0,0.05,0.15,0.15
2017-10-04,37.85,27.62,32.31,21.92,59.76,2.28,2.72,19.95,0.0,0.05,0.15,0.15
2017-10-05,37.09,28.56,32.46,21.5,55.01,2.45,2.85,20.09,0.0,0.05,0.15,0.15
2017-10-06,36.73,28.97,32.52,21.78,56.02,1.95,2.32,18.94,0.0,0.05,0.15,0.15
2017-10-07,37.57,28.65,32.63,18.52,48.26,1.85,2.2,20.27,0.0,0.05,0.15,0.15
2017-10-08,37.68,28.84,32.65,21.75,57.37,2.69,3.21,18.33,0.0,0.05,0.15,0.15
2017-10-09,37.18,29.65,32.61,22.83,60.0,2.64,3.12,19.62,0.0,0.05,0.15,0.15
2017-10-10,36.93,28.29,31.98,23.37,65.4,2.51,2.98,18.78,0.0,0.05,0.15,0.15
2017-10-11,37.57,27.16,31.84,21.52,61.0,1.88,2.25,19.06,0.0,0.05,0.15,0.15
2017-10-12,36.83,28.94,32.11,22.01,58.51,2.16,2.52,18.55,0.0,0.05,0.15,0.15
2017-10-13,36.05,28.63,31.75,22.03,59.33,2.94,3.49,19.31,0.0,0.05,0.15,0.15
2017-10-14,36.98,27.85,31.93,19.92,52.95,2.36,2.78,19.35,0.0,0.05,0.15,0.15
2017-10-15,37.14,27.37,31.49,19.78,53.82,2.49,2.93,19.62,0.0,0.05,0.15,0.15
2017-10-16,36.37,27.35,31.14,19.69,54.17,2.64,3.11,20.15,0.0,0.05,0.15,0.15
2017-10-17,36.16,26.32,30.89,18.58,52.92,1.91,2.24,20.37,0.0,0.05,0.15,0.15
2017-10-18,36.79,27.04,31.38,18.45,50.66,1.21,1.38,19.6,0.0,0.05,0.15,0.15
2017-10-19,37.72,27.7,32.69,13.65,37.09,2.61,3.15,18.66,0.0,0.05,0.15,0.15
2017-10-20,36.79,27.13,31.56,12.16,34.05,2.2,2.72,18.44,0.0,0.05,0.15,0.15
2017-10-21,35.23,27.44,30.82,16.64,46.4,1.85,2.17,18.68,0.0,0.05,0.15,0.15
2017-10-22,34.75,26.06,30.18,21.09,61.51,3.37,4.03,18.22,0.0,0.05,0.15,0.15
2017-10-23,34.11,26.82,30.37,22.12,63.48,2.78,3.35,18.41,0.0,0.05,0.15,0.15
2017-10-24,35.87,26.69,31.03,18.26,50.94,1.41,1.68,18.4,0.0,0.05,0.15,0.15
2017-10-25,35.37,26.52,30.79,17.13,47.4,2.21,2.73,18.72,0.0,0.05,0.15,0.15
2017-10-26,36.56,25.51,30.61,14.88,43.34,1.56,1.98,17.89,0.0,0.05,0.15,0.15
2017-10-27,35.62,27.65,30.84,17.73,49.45,1.66,1.99,18.19,0.0,0.05,0.15,0.15
2017-10-28,35.85,27.5,30.88,19.23,54.09,1.55,1.86,17.29,0.0,0.05,0.15,0.15
2017-10-29,34.87,27.89,30.55,20.02,56.34,1.7,1.96,17.9,0.0,0.05,0.15,0.15
2017-10-30,35.15,26.86,30.5,18.17,50.89,1.39,1.65,17.4,0.0,0.05,0.15,0.15
2017-10-31,33.4,25.41,29.02,18.73,56.77,1.83,2.2,17.5,0.0,0.05,0.15,0.15
2017-11-01,33.54,25.58,29.32,18.12,53.33,1.67,2.03,17.51,0.0,0.05,0.15,0.15
2017-11-02,33.48,26.71,29.8,16.69,47.18,1.87,2.28,17.5,0.0,0.05,0.15,0.15
2017-11-03,32.81,26.16,29.33,16.3,47.21,1.81,2.14,17.76,0.0,0.05,0.15,0.15
2017-11-04,33.21,25.51,29.11,15.2,45.38,1.37,1.65,16.74,0.0,0.05,0.15,0.15
2017-11-05,33.43,24.54,28.83,16.53,50.24,1.84,2.28,16.79,0.0,0.05,0.15,0.15
2017-11-06,34.15,24.9,29.32,16.25,48.01,2.1,2.62,16.39,0.0,0.05,0.15,0.15
2017-11-07,33.92,25.14,29.09,15.6,47.35,1.72,2.08,17.01,0.0,0.05,0.15,0.15
2017-11-08,33.92,26.53,29.42,18.09,54.32,1.69,2.02,17.04,0.0,0.05,0.15,0.15
2017-11-09,31.97,26.2,28.66,19.79,60.86,2.75,3.33,16.59,0.0,0.05,0.15,0.15
2017-11-10,31.47,26.08,28.25,18.41,56.59,2.87,3.45,15.47,0.0,0.05,0.15,0.15
2017-11-11,30.85,25.82,27.95,16.47,50.83,2.01,2.4,15.16,0.0,0.05,0.15,0.15
2017-11-12,30.2,25.76,27.99,19.75,61.31,4.23,5.07,15.15,7.43,0.16,0.16,0.16
2017-11-13,30.43,25.41,27.67,13.65,43.75,4.24,5.16,16.45,0.0,0.14,0.16,0.16
2017-11-14,31.13,24.81,27.47,13.79,44.86,1.46,1.78,15.4,0.0,0.12,0.16,0.16
2017-11-15,30.88,22.97,26.62,12.43,42.97,1.57,1.93,15.76,0.0,0.1,0.16,0.16
2017-11-16,29.64,23.7,26.37,15.05,50.79,1.23,1.44,15.58,0.55,0.1,0.16,0.16
2017-11-17,29.55,23.98,26.75,14.63,48.23,1.7,2.02,12.86,1.28,0.14,0.16,0.16
2017-11-18,29.98,22.92,26.1,14.38,50.56,2.98,3.6,15.05,0.04,0.15,0.16,0.16
2017-11-19,29.94,22.13,25.69,11.52,43.59,2.55,3.17,15.8,0.0,0.13,0.16,0.16
2017-11-20,29.68,21.98,25.75,9.86,38.74,1.82,2.3,15.28,0.0,0.12,0.16,0.16
2017-11-21,29.62,21.71,25.56,11.0,43.0,2.2,2.72,15.02,0.0,0.11,0.16,0.16
2017-11-22,28.91,21.47,25.05,10.59,42.79,2.3,2.82,14.15,0.01,0.11,0.16,0.16
2017-11-23,29.08,21.97,25.27,13.84,51.94,3.07,3.75,14.03,0.68,0.11,0.16,0.16
2017-11-24,27.69,23.16,25.1,15.94,57.52,2.51,2.97,14.31,2.71,0.18,0.16,0.16
2017-11-25,26.28,22.35,24.23,11.92,47.16,4.86,5.9,15.86,0.0,0.17,0.16,0.16
2017-11-26,26.51,21.43,23.77,13.91,54.61,2.64,3.3,14.54,0.0,0.15,0.16,0.16
2017-11-27,27.71,22.12,24.17,13.71,53.45,1.93,2.29,15.79,0.0,0.14,0.16,0.16
2017-11-28,28.19,22.53,24.99,17.52,63.83,4.37,5.33,14.55,0.0,0.13,0.16,0.16
2017-11-29,27.83,22.55,24.78,14.99,56.19,2.74,3.45,15.84,0.0,0.13,0.16,0.16
2017-11-30,29.57,21.88,25.23,12.85,49.27,1.54,1.85,15.38,0.0,0.12,0.16,0.16
2017-12-01,28.74,20.57,24.54,13.99,54.06,1.93,2.33,13.67,0.0,0.12,0.16,0.16
2017-12-02,28.15,23.66,25.25,18.25,65.98,1.75,2.11,13.66,0.01,0.11,0.16,0.16
2017-12-03,28.38,22.12,24.85,12.44,50.37,2.53,3.1,13.77,0.03,0.11,0.16,0.16
2017-12-04,26.75,19.68,22.9,7.84,40.37,4.32,5.29,13.76,0.0,0.11,0.16,0.16
2017-12-05,24.93,17.66,21.18,3.02,32.43,2.95,3.56,15.72,0.0,0.11,0.16,0.16
2017-12-06,25.29,17.77,21.22,4.86,36.39,2.03,2.48,14.51,0.0,0.1,0.16,0.16
2017-12-07,25.53,16.89,20.87,7.62,45.77,1.97,2.48,15.16,0.0,0.1,0.16,0.16
2017-12-08,25.57,18.89,22.06,13.87,60.71,4.11,4.92,10.41,0.01,0.1,0.16,0.16
2017-12-09,24.98,19.23,22.05,10.8,50.14,1.76,2.26,11.89,0.0,0.1,0.16,0.16
2017-12-10,25.94,19.19,22.2,7.61,42.22,2.89,3.64,14.45,0.0,0.1,0.16,0.16
2017-12-11,25.48,19.37,22.02,14.07,61.62,3.42,4.2,14.48,0.0,0.1,0.16,0.16
2017-12-12,25.01,20.23,22.2,12.41,54.77,4.43,5.39,13.92,0.0,0.1,0.16,0.16
2017-12-13,25.52,18.0,21.3,8.19,46.14,2.71,3.38,14.38,0.0,0.1,0.16,0.16
2017-12-14,26.37,17.91,21.82,10.07,48.5,2.83,3.51,13.13,0.0,0.1,0.16,0.16
2017-12-15,25.98,19.1,22.46,13.33,57.96,3.44,4.17,12.13,0.39,0.1,0.16,0.16
2017-12-16,26.46,19.56,22.62,12.94,56.37,3.61,4.35,11.99,2.04,0.14,0.16,0.16
2017-12-17,23.11,19.16,20.91,15.98,74.16,3.29,3.92,7.34,13.77,0.33,0.18,0.18
2017-12-18,21.53,17.84,19.61,13.53,68.69,1.64,2.03,12.56,1.85,0.28,0.19,0.19
2017-12-19,24.65,18.8,21.16,13.03,60.6,1.77,2.07,14.43,0.01,0.23,0.19,0.19
2017-12-20,26.08,18.9,21.93,13.98,62.74,1.96,2.36,14.91,0.0,0.21,0.19,0.19
2017-12-21,27.2,19.62,22.56,12.93,57.61,2.05,2.49,14.92,0.0,0.2,0.19,0.19
2017-12-22,27.14,19.17,22.72,12.45,53.86,1.57,1.87,14.72,0.0,0.19,0.19,0.19
2017-12-23,27.35,20.29,22.71,15.98,68.64,1.97,2.4,13.84,0.0,0.18,0.18,0.19
2017-12-24,25.68,19.19,21.9,19.28,86.11,2.43,2.96,11.71,0.01,0.18,0.18,0.19
2017-12-25,26.16,19.58,22.15,18.82,83.01,1.92,2.34,13.33,0.01,0.18,0.18,0.19
2017-12-26,25.83,18.26,21.57,16.89,77.47,2.04,2.44,13.0,0.0,0.18,0.18,0.19
2017-12-27,26.24,18.82,22.14,16.46,71.85,1.57,1.91,12.56,0.0,0.18,0.18,0.19
2017-12-28,27.48,18.19,22.55,10.22,50.29,2.27,2.82,13.96,0.0,0.17,0.18,0.19
2017-12-29,27.45,18.14,21.97,9.36,49.3,2.94,3.79,14.69,0.0,0.17,0.18,0.19
2017-12-30,27.36,17.7,21.74,12.35,59.25,3.15,3.97,14.69,0.0,0.16,0.18,0.19
2017-12-31,25.8,17.21,21.02,11.06,56.36,1.44,1.82,15.0,0.0,0.16,0.18,0.18
2018-01-01,25.1,18.74,21.22,11.33,55.21,1.58,1.89,15.16,0.0,0.16,0.18,0.18
2018-01-02,23.63,17.83,20.36,12.73,62.56,2.5,2.97,15.02,0.0,0.16,0.18,0.18
2018-01-03,23.31,18.36,20.43,13.75,66.88,5.04,6.18,13.18,0.0,0.16,0.18,0.18
2018-01-04,22.64,17.76,19.92,12.06,61.22,3.4,4.22,11.5,0.0,0.15,0.18,0.18
2018-01-05,23.22,17.33,19.93,13.06,65.38,3.29,4.08,14.12,0.0,0.15,0.18,0.18
2018-01-06,24.08,17.71,20.46,13.22,64.95,2.42,2.93,14.68,0.0,0.15,0.18,0.18
2018-01-07,25.78,16.78,20.77,10.5,55.23,3.57,4.36,14.41,0.0,0.15,0.18,0.18
2018-01-08,22.4,18.23,19.98,12.74,63.72,4.73,5.78,9.14,0.43,0.15,0.18,0.18
2018-01-09,22.98,17.97,19.89,11.11,58.53,2.55,3.08,14.38,0.34,0.18,0.18,0.18
2018-01-10,23.68,17.28,19.87,8.33,48.57,2.81,3.47,15.06,0.0,0.17,0.18,0.18
2018-01-11,23.55,17.99,20.16,8.2,47.26,2.83,3.51,16.02,0.0,0.16,0.18,0.18
2018-01-12,24.0,17.98,20.27,8.08,47.05,2.62,3.28,16.12,0.0,0.15,0.18,0.18
2018-01-13,23.61,17.88,20.06,12.89,64.66,2.52,3.05,16.1,0.0,0.15,0.18,0.18
2018-01-14,24.86,17.8,20.47,14.37,70.0,1.35,1.68,15.55,0.0,0.15,0.18,0.18
2018-01-15,23.45,17.54,19.73,15.48,77.88,2.49,2.98,15.76,0.0,0.15,0.18,0.18
2018-01-16,24.06,17.44,20.26,13.22,65.74,5.62,6.94,15.53,0.0,0.14,0.17,0.18
2018-01-17,22.67,17.17,19.46,11.59,61.44,3.37,4.19,14.7,0.0,0.14,0.17,0.18
2018-01-18,21.75,15.94,18.73,12.03,65.88,3.07,3.75,15.33,0.0,0.14,0.17,0.18
2018-01-19,24.2,15.57,19.71,11.75,62.13,2.0,2.44,16.11,0.0,0.14,0.17,0.18
2018-01-20,24.46,16.29,19.81,12.07,65.14,2.36,2.91,15.72,0.0,0.14,0.17,0.18
2018-01-21,21.0,17.34,18.87,11.3,62.93,5.98,7.33,13.38,0.0,0.13,0.17,0.18
2018-01-22,23.99,17.09,20.12,9.01,50.53,2.48,3.09,16.06,0.0,0.13,0.17,0.18
2018-01-23,24.7,16.44,20.04,9.5,53.04,2.08,2.53,16.36,0.0,0.13,0.17,0.18
2018-01-24,22.47,16.2,19.04,12.63,67.49,2.99,3.63,15.62,0.0,0.13,0.17,0.18
2018-01-25,24.25,17.15,19.81,14.38,72.56,2.01,2.4,14.9,0.0,0.13,0.17,0.18
2018-01-26,26.02,16.39,20.84,13.77,67.83,1.3,1.56,15.09,0.0,0.13,0.17,0.18
2018-01-27,27.47,18.22,21.77,13.91,65.9,1.62,1.97,15.4,0.0,0.13,0.17,0.18
2018-01-28,24.64,19.06,21.15,12.61,60.74,4.17,4.96,13.52,0.0,0.12,0.17,0.18
2018-01-29,21.16,16.66,19.06,9.55,54.93,5.27,6.34,15.85,0.0,0.12,0.17,0.18
2018-01-30,21.3,16.28,18.76,10.71,60.03,4.56,5.53,14.87,0.0,0.12,0.17,0.17
2018-01-31,21.15,17.09,18.74,7.96,50.61,5.27,6.33,17.26,0.0,0.12,0.17,0.17
2018-02-01,22.16,16.97,19.09,10.3,57.3,2.94,3.58,17.49,0.0,0.12,0.17,0.17
2018-02-02,22.53,16.39,19.05,10.46,58.87,3.37,4.21,18.11,0.0,0.12,0.17,0.17
2018-02-03,24.34,17.13,20.33,8.05,47.73,1.48,1.77,17.92,0.0,0.12,0.17,0.17
2018-02-04,23.97,17.82,20.03,8.95,51.57,2.25,2.73,17.77,0.0,0.12,0.17,0.17
2018-02-05,23.59,17.34,19.68,12.05,63.56,2.62,3.2,17.62,0.0,0.12,0.17,0.17
2018-02-06,24.3,16.56,19.48,11.85,64.9,2.29,2.73,18.15,0.0,0.12,0.17,0.17
2018-02-07,22.36,16.92,19.3,13.77,71.8,2.09,2.48,15.31,0.0,0.12,0.17,0.17
2018-02-08,23.65,16.45,19.55,14.04,72.92,3.26,3.94,16.58,0.0,0.12,0.17,0.17
2018-02-09,23.72,15.94,19.46,14.72,76.41,3.1,3.79,17.37,0.0,0.12,0.17,0.17
2018-02-10,22.87,16.73,19.34,11.87,63.29,3.0,3.69,16.57,0.0,0.12,0.17,0.17
2018-02-11,24.12,15.69,19.84,13.08,66.94,2.24,2.67,17.24,0.0,0.12,0.17,0.17
2018-02-12,26.67,16.69,21.33,9.72,53.11,1.98,2.52,17.92,0.0,0.11,0.17,0.17
2018-02-13,30.51,17.9,23.39,13.31,62.09,3.59,4.49,15.97,0.0,0.11,0.17,0.17
2018-02-14,29.09,19.76,23.66,15.73,65.44,4.89,5.98,16.13,0.0,0.11,0.17,0.17
2018-02-15,28.02,19.83,23.29,15.94,66.3,3.15,3.88,16.69,0.0,0.11,0.17,0.17
2018-02-16,29.45,21.05,24.42,13.78,54.45,1.62,2.05,18.03,0.0,0.11,0.17,0.17
2018-02-17,30.27,21.87,24.92,11.52,46.82,1.65,2.05,18.79,0.0,0.11,0.17,0.17
2018-02-18,31.81,22.2,26.01,8.83,37.71,1.86,2.46,19.27,0.0,0.1,0.17,0.17
2018-02-19,28.43,20.99,24.11,12.28,51.77,4.0,5.0,18.04,0.0,0.1,0.17,0.17
2018-02-20,25.35,19.57,21.9,13.0,58.67,4.27,5.13,18.97,0.0,0.1,0.16,0.17
2018-02-21,25.82,18.78,21.59,12.92,60.05,2.01,2.44,18.08,0.0,0.1,0.16,0.17
2018-02-22,26.41,20.07,22.49,13.89,61.74,1.95,2.3,15.68,0.0,0.1,0.16,0.17
2018-02-23,29.08,20.25,24.04,12.16,51.3,1.77,2.24,17.81,0.0,0.1,0.16,0.17
2018-02-24,30.92,21.93,25.78,13.89,49.99,2.65,3.37,16.59,0.01,0.1,0.16,0.17
2018-02-25,24.63,20.25,22.79,16.43,67.98,3.16,3.83,6.53,5.1,0.2,0.17,0.17
2018-02-26,25.52,19.25,22.24,15.34,66.33,2.09,2.49,18.34,0.15,0.2,0.18,0.18
2018-02-27,28.85,21.13,24.17,16.33,63.18,2.31,2.82,16.5,2.51,0.17,0.17,0.18
2018-02-28,28.29,21.11,24.16,15.39,59.84,4.03,4.87,13.49,0.93,0.22,0.18,0.18
2018-03-01,28.41,20.02,24.11,15.61,61.87,2.49,3.05,12.48,0.07,0.18,0.18,0.18
2018-03-02,25.19,20.85,22.98,14.39,59.73,2.52,3.04,8.87,0.32,0.17,0.18,0.18
2018-03-03,25.99,18.9,21.83,14.78,66.43,3.77,4.54,21.17,0.13,0.17,0.18,0.18
2018-03-04,24.37,17.58,20.8,14.22,67.95,3.64,4.43,21.91,0.0,0.16,0.18,0.18
2018-03-05,25.06,17.46,20.89,14.58,70.06,3.04,3.63,22.61,0.02,0.15,0.18,0.18
2018-03-06,25.82,17.46,21.34,13.23,62.66,1.72,1.99,21.61,0.0,0.14,0.18,0.18
2018-03-07,26.93,18.36,22.48,12.67,56.62,2.51,3.0,21.52,0.0,0.14,0.17,0.18
2018-03-08,29.0,19.7,23.48,12.68,56.18,3.05,3.76,21.69,0.0,0.13,0.17,0.18
2018-03-09,28.9,18.71,23.49,13.18,59.14,2.71,3.31,21.85,0.01,0.12,0.17,0.18
2018-03-10,31.7,19.94,25.16,9.73,42.76,2.27,2.93,21.43,0.0,0.12,0.17,0.18
2018-03-11,31.96,21.42,26.12,12.81,48.96,3.41,4.36,18.64,0.0,0.11,0.17,0.18
2018-03-12,30.87,22.53,25.82,14.54,52.36,3.45,4.31,19.29,0.0,0.11,0.17,0.18
2018-03-13,29.19,21.73,25.21,15.4,57.33,3.06,3.66,19.54,0.0,0.11,0.17,0.18
2018-03-14,26.84,19.72,22.78,15.25,65.93,4.19,5.08,23.49,0.0,0.11,0.17,0.17
2018-03-15,28.7,17.99,22.83,15.44,68.99,2.54,3.08,21.98,0.01,0.11,0.17,0.17
2018-03-16,30.61,19.5,24.64,11.81,50.64,1.44,1.76,22.97,0.0,0.11,0.17,0.17
2018-03-17,28.81,19.88,24.78,13.47,53.25,1.86,2.37,17.41,0.01,0.1,0.17,0.17
2018-03-18,27.7,20.04,23.37,14.61,61.42,5.22,6.27,21.84,0.01,0.11,0.17,0.17
2018-03-19,25.7,19.53,22.31,12.71,56.12,4.36,5.21,22.77,0.0,0.1,0.17,0.17
2018-03-20,28.51,19.17,23.13,13.89,58.9,1.94,2.31,23.03,0.0,0.1,0.17,0.17
2018-03-21,29.32,20.86,24.46,12.55,51.22,1.91,2.31,23.68,0.0,0.1,0.17,0.17
2018-03-22,29.44,20.55,24.48,13.36,54.63,1.94,2.26,24.6,0.0,0.1,0.17,0.17
2018-03-23,31.64,18.5,24.58,12.05,52.6,1.45,1.81,24.19,0.0,0.1,0.17,0.17
2018-03-24,33.0,21.32,26.84,14.06,50.19,3.34,4.32,22.19,0.0,0.09,0.17,0.17
2018-03-25,33.59,21.95,27.14,12.17,43.35,2.18,2.79,23.09,0.0,0.09,0.17,0.17
2018-03-26,32.39,23.04,27.14,9.29,37.87,2.63,3.27,24.16,0.0,0.09,0.17,0.17
2018-03-27,30.84,21.16,25.51,16.94,64.67,3.16,3.85,21.48,0.0,0.09,0.16,0.17
2018-03-28,33.45,20.82,26.12,16.12,62.24,1.93,2.31,23.2,0.0,0.09,0.16,0.17
2018-03-29,35.69,22.89,27.71,14.7,54.36,1.28,1.5,22.59,0.0,0.09,0.16,0.17
2018-03-30,35.41,24.41,28.88,10.2,37.17,1.76,2.11,23.25,0.0,0.09,0.16,0.17
2018-03-31,32.86,24.13,28.33,11.3,42.42,3.41,4.06,23.19,0.0,0.08,0.16,0.17
2018-04-01,28.45,22.22,25.08,19.1,71.75,5.89,6.99,22.95,0.0,0.08,0.16,0.17
2018-04-02,28.22,21.63,24.74,16.66,64.06,5.53,6.61,20.25,0.0,0.08,0.16,0.17
2018-04-03,29.71,22.27,25.53,16.64,62.31,4.59,5.49,20.93,0.0,0.09,0.16,0.17
2018-04-04,31.66,21.89,26.28,16.92,62.35,4.25,5.11,21.24,0.0,0.09,0.16,0.17
2018-04-05,32.19,23.26,27.39,17.41,58.82,3.19,3.9,21.03,0.0,0.09,0.16,0.17
2018-04-06,34.06,24.79,28.8,14.18,44.85,2.08,2.6,21.64,0.0,0.09,0.16,0.17
2018-04-07,34.27,26.13,29.23,14.16,42.24,2.51,3.24,17.24,0.0,0.09,0.16,0.16
2018-04-08,32.53,24.6,27.84,18.26,59.39,2.57,3.06,19.39,0.0,0.09,0.16,0.16
2018-04-09,31.97,23.77,27.41,19.15,64.89,3.68,4.34,17.12,0.0,0.09,0.16,0.16
2018-04-10,32.34,24.32,27.95,18.06,59.01,2.62,3.09,22.71,0.0,0.09,0.16,0.16
2018-04-11,35.32,24.48,29.35,15.12,46.62,1.86,2.28,23.58,0.02,0.09,0.16,0.16
2018-04-12,34.47,24.94,28.05,18.1,59.34,2.72,3.27,18.67,0.12,0.08,0.16,0.16
2018-04-13,33.71,25.24,28.92,15.98,47.95,2.39,2.88,20.37,0.0,0.09,0.16,0.16
2018-04-14,34.23,25.67,29.09,16.51,49.1,2.26,2.72,20.43,0.24,0.09,0.16,0.16
2018-04-15,29.69,23.34,26.4,17.2,61.27,5.16,6.12,25.89,0.25,0.1,0.16,0.16
2018-04-16,32.24,23.17,27.81,13.85,47.73,2.72,3.32,18.97,0.28,0.1,0.16,0.16
2018-04-17,35.79,25.31,30.11,14.12,39.89,3.67,4.54,17.64,0.0,0.1,0.16,0.16
2018-04-18,32.0,23.71,27.47,17.5,58.06,4.67,5.57,22.9,0.25,0.1,0.16,0.16
2018-04-19,28.99,22.33,25.4,16.72,60.45,5.22,6.15,26.56,0.0,0.1,0.16,0.16
2018-04-20,31.85,21.12,26.11,15.94,57.27,2.42,2.86,26.05,0.01,0.1,0.16,0.16
2018-04-21,31.94,22.44,27.42,14.11,47.69,1.72,2.02,25.88,0.0,0.09,0.16,0.16
2018-04-22,36.65,24.97,30.64,11.96,35.17,2.55,3.32,22.62,0.0,0.09,0.16,0.16
2018-04-23,35.12,26.37,30.64,14.51,40.38,4.13,5.1,19.92,0.0,0.08,0.16,0.16
2018-04-24,36.08,26.21,30.26,15.78,46.36,3.75,4.56,22.64,0.0,0.08,0.16,0.16
2018-04-25,32.52,25.66,28.84,19.66,60.57,2.95,3.51,22.04,0.0,0.08,0.16,0.16
2018-04-26,34.73,26.27,29.86,18.77,55.52,3.18,3.79,23.47,0.0,0.08,0.16,0.16
2018-04-27,35.19,26.29,30.49,18.04,51.06,2.26,2.67,18.93,0.02,0.08,0.16,0.16
2018-04-28,38.22,28.4,32.82,14.65,37.16,2.07,2.69,21.97,0.0,0.08,0.16,0.16
2018-04-29,37.11,28.2,32.7,14.83,37.09,3.03,3.79,23.82,0.0,0.08,0.16,0.16
2018-04-30,34.46,25.77,29.75,18.35,57.04,4.22,5.04,25.17,0.0,0.07,0.16,0.16
2018-05-01,35.61,25.17,29.88,18.44,57.62,4.06,4.86,26.06,0.0,0.07,0.16,0.16
2018-05-02,34.63,24.92,29.64,19.96,63.31,3.49,4.14,26.66,0.0,0.07,0.16,0.16
2018-05-03,34.78,26.49,30.14,20.13,59.32,3.85,4.58,20.34,0.0,0.07,0.16,0.16
2018-05-04,34.25,26.26,29.85,18.4,55.06,5.14,6.17,24.69,0.0,0.08,0.15,0.16
2018-05-05,33.78,25.44,29.11,19.71,62.09,5.84,6.95,25.84,0.0,0.08,0.15,0.16
2018-05-06,34.24,25.4,29.63,21.09,65.18,5.27,6.26,26.49,0.0,0.08,0.15,0.16
2018-05-07,36.68,25.62,30.68,20.39,59.97,3.18,3.8,25.89,0.0,0.08,0.15,0.16
2018-05-08,40.16,26.49,32.43,17.58,48.72,1.36,1.66,25.45,0.0,0.07,0.15,0.16
2018-05-09,41.05,28.21,34.13,16.77,40.1,2.94,3.82,24.1,0.0,0.07,0.15,0.16
2018-05-10,38.63,28.93,33.08,16.75,40.66,5.24,6.37,21.63,0.0,0.07,0.15,0.16
2018-05-11,34.38,26.83,30.32,17.25,51.07,4.07,4.82,24.4,0.0,0.07,0.15,0.16
2018-05-12,38.72,26.4,32.66,11.72,32.7,2.62,3.31,20.8,0.0,0.07,0.15,0.16
2018-05-13,38.73,28.88,33.6,16.1,38.11,5.91,7.23,17.81,0.0,0.07,0.15,0.16
2018-05-14,35.88,27.13,30.94,17.15,51.47,3.68,4.33,22.37,0.0,0.07,0.15,0.15
2018-05-15,36.38,26.0,30.7,18.59,54.76,2.98,3.52,23.33,0.01,0.07,0.15,0.15
2018-05-16,34.52,27.14,30.37,17.17,51.03,4.5,5.36,18.06,0.26,0.08,0.15,0.15
2018-05-17,34.95,26.45,30.38,17.37,51.25,4.88,5.77,24.22,0.0,0.08,0.15,0.15
2018-05-18,33.22,26.22,29.5,18.46,56.24,4.53,5.34,25.43,0.0,0.08,0.15,0.15
2018-05-19,37.43,25.13,30.99,16.44,48.2,1.77,2.09,26.53,0.0,0.07,0.15,0.15
2018-05-20,38.36,26.01,31.72,15.85,47.24,1.6,1.93,26.83,0.0,0.07,0.15,0.15
2018-05-21,37.83,26.25,32.27,13.25,35.8,1.99,2.58,27.59,0.0,0.06,0.15,0.15
2018-05-22,38.19,27.74,32.62,15.24,38.25,2.17,2.68,26.45,0.0,0.06,0.15,0.15
2018-05-23,37.48,29.05,32.96,13.93,35.65,2.75,3.24,26.43,0.0,0.06,0.15,0.15
2018-05-24,38.1,28.18,32.62,16.35,42.67,2.25,2.71,25.96,0.0,0.06,0.15,0.15
2018-05-25,37.74,29.53,33.38,14.42,33.71,2.77,3.42,24.08,0.0,0.06,0.15,0.15
2018-05-26,36.67,30.81,33.15,18.65,43.7,2.5,3.01,19.85,0.0,0.06,0.15,0.15
2018-05-27,36.51,30.29,32.96,20.37,48.84,2.43,2.81,21.19,0.0,0.06,0.15,0.15
2018-05-28,38.56,30.01,33.68,19.71,46.26,2.72,3.19,26.14,0.0,0.06,0.15,0.15
2018-05-29,37.79,29.23,32.97,20.81,52.43,3.29,3.84,26.45,0.0,0.06,0.15,0.15
2018-05-30,37.71,27.9,32.43,19.97,53.39,3.27,3.82,26.19,0.0,0.06,0.15,0.15
2018-05-31,38.43,28.51,33.03,19.61,51.01,2.91,3.45,25.16,0.0,0.06,0.15,0.15
2018-06-01,39.2,28.72,33.51,19.81,50.27,2.86,3.43,25.68,0.0,0.06,0.15,0.15
2018-06-02,39.61,29.12,34.23,19.22,47.33,2.17,2.56,25.93,0.0,0.06,0.15,0.15
2018-06-03,41.15,30.23,35.14,18.18,40.74,1.99,2.43,25.67,0.0,0.06,0.15,0.15
2018-06-04,40.0,30.96,34.99,18.39,40.74,2.24,2.7,25.61,0.0,0.06,0.15,0.15
2018-06-05,40.85,31.43,35.6,20.22,43.38,1.98,2.44,23.55,0.0,0.06,0.15,0.15
2018-06-06,40.9,32.26,35.96,20.88,43.95,2.35,2.89,24.22,0.0,0.06,0.15,0.15
2018-06-07,40.4,31.94,35.97,21.14,44.71,3.56,4.24,24.45,0.0,0.06,0.15,0.15
2018-06-08,42.55,31.35,35.97,20.53,46.41,2.24,2.66,24.06,0.0,0.06,0.15,0.15
2018-06-09,39.67,30.22,34.09,25.37,65.07,3.51,4.07,24.45,0.0,0.06,0.15,0.15
2018-06-10,39.14,29.3,33.37,24.72,65.34,3.44,3.96,26.93,0.0,0.06,0.15,0.15
2018-06-11,38.02,30.12,33.61,23.91,61.02,5.23,6.16,27.1,0.0,0.06,0.15,0.15
2018-06-12,36.15,29.75,32.68,23.46,60.72,5.14,6.05,26.74,0.0,0.06,0.15,0.15
2018-06-13,38.55,28.89,33.05,22.54,59.5,3.4,3.96,26.9,0.0,0.06,0.15,0.15
2018-06-14,39.08,28.4,33.16,23.11,62.43,3.11,3.6,26.84,0.0,0.06,0.15,0.15
2018-06-15,38.81,28.75,33.54,23.35,61.26,4.05,4.75,27.76,0.0,0.06,0.15,0.15
2018-06-16,36.6,29.53,32.87,23.04,59.78,6.16,7.31,28.03,0.0,0.06,0.15,0.15
2018-06-17,36.19,29.14,32.29,22.18,58.31,5.96,7.04,27.68,0.0,0.06,0.15,0.15
2018-06-18,39.61,26.79,33.21,16.22,41.99,2.13,2.57,27.17,0.0,0.06,0.15,0.15
2018-06-19,40.38,30.77,34.9,17.07,38.52,1.98,2.34,25.82,0.0,0.05,0.15,0.15
2018-06-20,41.2,29.2,34.66,20.79,52.0,2.75,3.23,26.83,0.0,0.05,0.15,0.15
2018-06-21,40.52,29.37,34.38,22.42,57.38,3.84,4.51,25.17,0.0,0.05,0.15,0.15
2018-06-22,38.74,28.87,33.2,23.77,62.62,5.09,5.95,26.54,0.0,0.05,0.15,0.15
2018-06-23,37.96,28.59,32.77,23.37,61.87,5.06,5.9,25.58,0.0,0.05,0.15,0.15
2018-06-24,37.45,28.14,32.46,23.29,62.55,4.32,5.05,25.27,0.0,0.05,0.15,0.15
2018-06-25,37.11,29.08,32.86,22.26,58.23,4.73,5.57,25.95,0.0,0.05,0.15,0.15
2018-06-26,38.65,28.96,33.43,22.18,58.54,3.55,4.21,24.96,0.05,0.06,0.15,0.15
2018-06-27,39.09,30.06,34.75,15.4,35.51,2.44,2.92,25.75,0.0,0.06,0.15,0.15
2018-06-28,41.87,32.32,36.59,16.09,32.37,2.97,3.65,24.16,0.0,0.06,0.15,0.15
2018-06-29,41.83,29.83,35.71,21.27,48.15,4.42,5.34,23.1,0.01,0.05,0.15,0.15
2018-06-30,41.85,30.92,36.35,18.78,39.57,2.32,2.91,23.78,0.0,0.05,0.15,0.15
2018-07-01,40.82,31.79,35.75,19.55,41.83,2.93,3.47,24.05,0.0,0.05,0.15,0.15
2018-07-02,39.33,30.7,34.93,20.15,46.33,2.38,2.76,25.06,0.0,0.05,0.15,0.15
2018-07-03,42.58,30.47,36.13,19.75,44.01,1.23,1.47,23.8,0.0,0.05,0.15,0.15
2018-07-04,44.64,31.82,38.09,18.39,37.28,2.7,3.38,25.09,0.0,0.05,0.15,0.15
2018-07-05,42.22,31.27,36.59,22.06,46.42,4.95,5.98,24.8,0.0,0.05,0.15,0.15
2018-07-06,42.68,31.87,37.28,23.51,48.46,3.65,4.41,22.12,0.0,0.05,0.15,0.15
2018-07-07,41.38,33.41,37.13,21.39,42.58,3.1,3.75,22.04,0.0,0.05,0.15,0.15
2018-07-08,40.31,32.15,36.08,21.75,46.58,3.79,4.53,22.45,0.0,0.05,0.15,0.15
2018-07-09,43.79,31.08,36.86,19.58,42.61,1.97,2.36,23.69,0.0,0.05,0.15,0.15
2018-07-10,43.59,32.59,38.69,19.95,38.48,1.67,2.14,23.42,0.0,0.05,0.15,0.15
2018-07-11,44.95,33.19,38.37,20.91,40.77,2.35,2.84,24.35,0.0,0.05,0.15,0.15
2018-07-12,42.21,32.99,37.22,22.08,48.19,1.97,2.32,24.45,0.0,0.05,0.15,0.15
2018-07-13,44.6,32.38,37.79,20.95,43.62,1.16,1.4,24.05,0.0,0.05,0.15,0.15
2018-07-14,43.79,32.36,37.25,23.27,49.19,2.06,2.42,24.54,0.0,0.05,0.15,0.15
2018-07-15,39.93,31.81,35.4,23.64,54.29,2.05,2.4,24.01,0.0,0.05,0.15,0.15
2018-07-16,39.87,30.59,34.78,25.65,63.45,2.72,3.13,25.0,0.0,0.05,0.15,0.15
2018-07-17,39.05,31.0,35.07,25.67,63.34,4.71,5.52,25.58,0.0,0.05,0.15,0.15
2018-07-18,39.0,31.06,35.08,23.12,54.45,3.84,4.49,24.13,0.0,0.05,0.15,0.15
2018-07-19,37.68,31.12,34.29,22.91,54.43,3.74,4.3,22.34,0.0,0.05,0.15,0.15
2018-07-20,39.5,30.77,35.43,18.66,41.12,2.74,3.23,22.44,0.0,0.05,0.15,0.15
2018-07-21,42.83,32.87,37.03,17.31,34.36,2.34,2.79,23.63,0.0,0.05,0.15,0.15
2018-07-22,43.15,32.73,36.77,20.84,43.97,2.9,3.48,22.19,0.0,0.05,0.15,0.15
2018-07-23,40.43,31.7,35.5,24.39,56.78,2.7,3.11,21.89,0.0,0.05,0.15,0.15
2018-07-24,40.55,31.94,35.4,24.88,58.49,3.33,3.84,22.73,0.0,0.05,0.15,0.15
2018-07-25,38.5,31.05,34.6,24.03,59.46,4.23,4.89,25.09,0.0,0.05,0.15,0.15
2018-07-26,39.02,31.12,34.81,24.75,60.22,4.71,5.48,24.65,0.0,0.05,0.15,0.15
2018-07-27,40.38,31.54,36.28,21.17,47.63,3.11,3.64,23.09,0.0,0.05,0.15,0.15
2018-07-28,44.43,34.84,38.99,15.16,28.13,1.34,1.69,21.81,0.0,0.05,0.15,0.15
2018-07-29,41.83,34.74,37.78,18.94,36.67,1.87,2.42,16.69,0.0,0.05,0.14,0.15
2018-07-30,40.53,33.05,36.28,22.65,48.28,2.15,2.57,15.95,0.05,0.05,0.15,0.15
2018-07-31,40.66,31.27,35.65,23.15,52.81,1.73,1.98,19.43,0.0,0.05,0.15,0.15
2018-08-01,40.79,31.31,35.78,21.9,47.77,1.94,2.25,22.32,0.01,0.05,0.15,0.15
2018-08-02,41.31,30.58,35.33,23.06,53.33,2.03,2.32,22.43,0.01,0.05,0.15,0.15
2018-08-03,40.93,31.59,35.39,21.99,49.88,2.11,2.43,24.37,0.01,0.05,0.15,0.15
2018-08-04,39.12,30.44,34.9,21.09,48.15,3.09,3.6,24.98,0.0,0.05,0.15,0.15
2018-08-05,37.75,30.8,34.24,21.81,51.25,3.08,3.62,24.34,0.0,0.05,0.14,0.15
2018-08-06,38.64,30.58,34.47,22.46,51.54,2.96,3.47,23.26,0.0,0.05,0.14,0.15
2018-08-07,44.0,32.03,36.48,23.0,50.73,2.1,2.47,22.98,0.0,0.05,0.14,0.15
2018-08-08,43.83,31.92,37.72,22.88,48.57,3.84,4.63,21.65,0.0,0.05,0.14,0.15
2018-08-09,40.4,31.4,35.31,24.29,54.73,7.04,8.37,19.77,0.0,0.05,0.14,0.15
2018-08-10,40.53,30.58,35.15,23.98,55.46,4.89,5.84,20.53,0.0,0.05,0.14,0.15
2018-08-11,41.14,31.34,35.85,22.3,48.59,3.34,3.89,21.96,0.0,0.05,0.14,0.15
2018-08-12,39.58,31.37,34.97,24.62,57.91,2.23,2.54,22.24,0.0,0.05,0.14,0.15
2018-08-13,43.29,31.45,36.65,22.84,51.38,2.11,2.47,21.71,0.0,0.05,0.14,0.15
2018-08-14,42.42,32.15,37.03,23.29,49.8,2.83,3.41,21.42,0.01,0.05,0.14,0.15
2018-08-15,42.64,31.36,36.23,23.23,51.02,2.83,3.28,22.29,0.01,0.05,0.14,0.15
2018-08-16,41.72,31.78,36.39,22.8,48.96,1.89,2.21,22.4,0.0,0.05,0.14,0.15
2018-08-17,41.62,31.74,36.36,21.83,46.43,2.26,2.61,22.65,0.0,0.05,0.14,0.15
2018-08-18,42.06,31.72,36.68,22.25,46.56,2.45,2.9,22.7,0.0,0.05,0.14,0.15
2018-08-19,41.49,31.15,36.18,22.97,49.57,3.05,3.58,22.99,0.0,0.05,0.14,0.15
2018-08-20,41.3,31.16,35.61,23.47,52.23,2.64,3.03,22.58,0.0,0.05,0.14,0.15
2018-08-21,40.91,31.11,35.55,24.28,54.59,3.08,3.54,23.5,0.01,0.05,0.14,0.15
2018-08-22,40.68,32.15,36.13,23.87,51.28,3.01,3.5,21.35,0.0,0.05,0.14,0.15
2018-08-23,43.09,31.23,36.77,22.74,48.02,2.88,3.37,22.93,0.0,0.05,0.14,0.15
2018-08-24,42.17,31.22,36.42,21.49,45.83,4.03,4.77,22.67,0.0,0.05,0.14,0.15
2018-08-25,41.97,30.94,35.95,20.4,43.1,2.54,3.02,23.02,0.0,0.05,0.14,0.15
2018-08-26,41.87,31.54,36.22,21.04,44.93,2.57,3.09,22.1,0.0,0.05,0.14,0.15
2018-08-27,42.03,30.52,35.91,21.16,46.57,4.56,5.44,22.42,0.0,0.05,0.14,0.15
2018-08-28,41.23,29.8,35.09,20.33,46.35,4.84,5.75,21.67,0.0,0.05,0.14,0.15
2018-08-29,40.53,29.21,34.79,21.06,49.01,4.0,4.73,23.8,0.0,0.05,0.14,0.15
2018-08-30,39.01,30.0,34.3,19.9,45.85,3.21,3.72,21.94,0.0,0.05,0.14,0.15
2018-08-31,38.32,31.44,34.35,23.31,55.5,2.49,2.88,22.02,0.0,0.05,0.14,0.15
2018-09-01,41.41,30.77,35.73,19.28,41.65,1.93,2.4,22.54,0.0,0.05,0.14,0.15
2018-09-02,41.25,29.73,35.1,18.88,42.79,4.16,4.99,22.99,0.0,0.05,0.14,0.15
2018-09-03,41.91,29.49,35.24,19.89,44.83,4.12,4.95,21.81,0.0,0.04,0.14,0.15
2018-09-04,41.63,29.94,35.38,21.1,47.78,4.33,5.19,20.65,0.0,0.04,0.14,0.15
2018-09-05,41.52,31.41,36.19,19.5,41.44,4.06,4.89,21.23,0.0,0.04,0.14,0.15
2018-09-06,41.75,32.54,36.68,17.8,36.29,3.09,3.79,20.84,0.0,0.04,0.14,0.15
2018-09-07,42.81,31.2,36.0,19.41,42.56,2.54,3.06,21.8,0.0,0.04,0.14,0.15
2018-09-08,41.41,31.49,35.27,20.83,47.25,1.75,2.06,22.77,0.0,0.04,0.14,0.15
2018-09-09,40.44,30.21,34.76,21.71,50.41,2.94,3.51,21.37,0.0,0.04,0.14,0.15
2018-09-10,40.47,29.46,34.31,21.67,51.99,4.05,4.76,21.57,0.0,0.04,0.14,0.15
2018-09-11,38.16,28.62,32.9,20.83,52.21,3.45,4.01,21.59,0.0,0.04,0.14,0.15
2018-09-12,37.71,29.7,33.15,21.25,53.24,2.75,3.21,22.34,0.0,0.04,0.14,0.15
2018-09-13,37.33,29.37,32.79,25.16,66.75,2.53,2.94,21.66,0.0,0.04,0.14,0.15
2018-09-14,41.25,29.7,34.94,22.06,51.98,3.27,4.04,20.08,0.0,0.04,0.14,0.15
2018-09-15,40.81,29.98,34.63,20.6,47.19,4.35,5.26,20.45,0.0,0.04,0.14,0.15
2018-09-16,40.5,28.99,34.19,21.14,51.65,3.72,4.43,20.96,0.0,0.04,0.14,0.15
2018-09-17,39.72,29.31,34.13,20.68,50.08,4.22,5.06,20.73,0.0,0.04,0.14,0.15
2018-09-18,39.02,28.99,33.58,21.9,54.72,3.82,4.52,21.25,0.0,0.04,0.14,0.15
2018-09-19,38.66,30.42,33.84,20.02,47.82,3.45,4.07,20.07,0.0,0.04,0.14,0.15
2018-09-20,36.92,30.46,33.2,20.36,50.17,2.24,2.69,21.24,0.0,0.04,0.14,0.15
2018-09-21,39.6,29.89,34.11,20.04,47.81,2.18,2.66,19.08,0.0,0.04,0.14,0.15
2018-09-22,40.23,29.81,34.23,19.25,45.45,2.07,2.52,18.72,0.0,0.04,0.14,0.15
2018-09-23,41.08,29.7,34.73,18.19,41.64,2.33,2.85,21.17,0.0,0.04,0.14,0.15
2018-09-24,37.99,30.33,33.29,20.04,49.08,3.92,4.65,20.1,0.0,0.04,0.14,0.15
2018-09-25,36.33,29.26,32.13,21.9,58.27,4.66,5.56,20.17,0.0,0.04,0.14,0.15
2018-09-26,35.18,28.9,31.8,22.69,60.84,2.49,2.94,21.05,0.0,0.04,0.14,0.15
2018-09-27,39.03,28.32,33.26,19.18,47.36,2.5,3.16,19.7,0.0,0.04,0.14,0.15
2018-09-28,38.74,28.6,33.03,17.99,44.84,2.03,2.47,19.95,0.0,0.04,0.14,0.15
2018-09-29,37.92,29.15,33.0,18.63,45.9,3.47,4.19,19.95,0.0,0.04,0.14,0.15
2018-09-30,36.74,28.76,32.22,18.5,47.76,3.51,4.21,20.46,0.0,0.04,0.14,0.15
2018-10-01,36.06,27.63,31.21,22.02,62.28,2.77,3.23,20.09,0.0,0.04,0.14,0.15
2018-10-02,36.49,27.24,31.66,19.41,53.66,2.03,2.43,20.1,0.0,0.04,0.14,0.15
2018-10-03,37.06,28.25,32.03,20.48,54.96,2.27,2.66,20.73,0.0,0.04,0.14,0.15
2018-10-04,35.62,27.09,30.89,21.82,62.66,1.97,2.28,20.4,0.0,0.04,0.14,0.15
2018-10-05,35.74,27.77,31.36,20.58,56.42,1.48,1.69,19.78,0.0,0.04,0.14,0.15
2018-10-06,37.9,28.07,32.56,19.8,50.89,1.83,2.23,20.07,0.0,0.04,0.14,0.15
2018-10-07,37.95,29.2,32.82,19.25,48.48,2.12,2.56,19.48,0.0,0.04,0.14,0.15
2018-10-08,37.18,28.54,32.06,19.98,54.85,2.02,2.44,18.67,0.0,0.04,0.14,0.15
2018-10-09,37.42,27.29,32.15,16.4,43.44,2.18,2.75,18.85,0.0,0.04,0.14,0.15
2018-10-10,37.01,27.72,31.83,16.98,47.41,3.4,4.15,19.28,0.0,0.04,0.14,0.15
2018-10-11,37.09,27.33,31.54,16.17,44.88,3.15,3.83,18.75,0.0,0.04,0.14,0.15
2018-10-12,36.75,26.57,31.06,15.26,42.96,2.41,3.0,19.28,0.0,0.04,0.14,0.15
2018-10-13,36.2,25.74,30.68,14.85,41.16,2.11,2.64,18.6,0.0,0.04,0.14,0.15
2018-10-14,36.49,26.06,30.77,17.17,48.21,2.5,3.06,19.5,0.0,0.04,0.14,0.15
2018-10-15,34.45,26.87,30.38,19.63,55.6,3.1,3.67,18.75,0.05,0.04,0.14,0.15
2018-10-16,32.9,27.88,29.83,20.96,60.49,1.84,2.13,17.34,0.14,0.05,0.14,0.15
2018-10-17,34.95,26.96,30.61,17.6,48.49,1.99,2.43,17.98,0.02,0.05,0.14,0.15
2018-10-18,35.32,26.5,30.64,16.98,46.14,1.8,2.21,18.62,0.0,0.05,0.14,0.15
2018-10-19,34.39,26.81,30.45,18.54,51.15,1.57,1.88,15.96,0.03,0.05,0.14,0.15
2018-10-20,34.61,28.19,31.02,17.73,46.8,2.33,2.78,17.64,0.01,0.06,0.14,0.15
2018-10-21,34.95,27.48,30.99,17.5,47.03,2.54,3.02,18.04,0.02,0.06,0.14,0.15
2018-10-22,34.62,28.21,30.91,18.84,51.25,2.39,2.83,18.02,0.03,0.06,0.14,0.15
2018-10-23,33.6,27.66,30.34,21.41,60.18,4.69,5.6,17.34,0.02,0.06,0.14,0.15
2018-10-24,33.4,28.78,30.65,21.71,60.25,5.33,6.39,17.38,0.04,0.06,0.14,0.15
2018-10-25,33.36,28.08,30.29,18.75,51.18,3.14,3.81,17.04,0.0,0.06,0.14,0.15
2018-10-26,33.76,26.15,29.64,19.4,55.94,1.68,1.96,18.19,0.0,0.06,0.14,0.15
2018-10-27,33.57,26.45,29.66,21.81,64.22,3.22,3.79,16.93,0.1,0.06,0.14,0.15
2018-10-28,31.42,27.55,29.12,21.4,64.07,2.39,2.8,15.76,1.3,0.1,0.15,0.15
2018-10-29,31.28,26.89,29.12,19.37,56.49,1.23,1.44,16.14,0.57,0.14,0.15,0.15
2018-10-30,30.72,26.92,28.47,19.94,60.43,2.27,2.62,13.13,0.72,0.16,0.15,0.15
2018-10-31,29.78,25.57,27.5,16.27,51.14,2.43,2.93,15.74,0.0,0.15,0.15,0.15
2018-11-01,32.1,25.77,28.54,15.17,45.2,3.09,3.71,16.26,0.0,0.13,0.15,0.15
2018-11-02,31.68,25.92,28.49,15.04,45.69,5.26,6.28,14.91,0.0,0.12,0.15,0.15
2018-11-03,30.66,24.24,26.99,9.14,34.76,4.87,5.91,16.14,0.0,0.11,0.15,0.15
2018-11-04,30.7,23.01,26.58,7.08,30.9,4.12,5.04,16.89,0.0,0.1,0.15,0.15
2018-11-05,31.22,22.69,26.58,12.67,44.46,2.71,3.35,17.49,0.0,0.1,0.15,0.15
2018-11-06,30.73,22.46,26.44,14.39,50.12,2.9,3.54,14.83,0.0,0.09,0.15,0.15
2018-11-07,31.03,22.77,26.6,15.27,52.61,2.13,2.59,16.51,0.0,0.09,0.15,0.15
2018-11-08,31.45,23.64,27.05,16.26,53.91,1.81,2.09,16.42,0.0,0.09,0.15,0.15
2018-11-09,30.81,22.67,26.56,18.35,63.79,1.78,2.09,16.08,0.0,0.09,0.15,0.15
2018-11-10,31.67,23.29,27.26,19.17,63.66,2.47,2.91,14.54,0.02,0.09,0.15,0.15
2018-11-11,32.03,25.75,28.11,17.85,55.48,1.84,2.15,13.52,0.01,0.09,0.15,0.15
2018-11-12,30.97,24.78,27.48,19.17,61.76,3.14,3.69,14.84,0.08,0.09,0.15,0.15
2018-11-13,30.66,25.34,27.41,18.41,59.9,4.91,5.93,16.07,0.01,0.09,0.15,0.15
2018-11-14,31.16,24.94,27.73,17.65,55.75,2.29,2.85,15.69,0.0,0.09,0.15,0.15
2018-11-15,32.99,23.92,27.91,17.84,57.01,3.81,4.67,14.97,0.0,0.09,0.15,0.15
2018-11-16,32.64,23.71,27.76,17.92,58.63,2.83,3.45,14.08,0.0,0.09,0.15,0.15
2018-11-17,31.51,25.6,27.75,18.42,59.18,2.63,3.15,12.33,0.05,0.09,0.15,0.15
2018-11-18,29.38,24.09,26.55,20.22,69.25,4.74,5.67,15.59,0.03,0.09,0.15,0.15
2018-11-19,29.56,23.58,25.99,17.12,59.49,2.44,3.0,16.25,0.0,0.09,0.15,0.15
2018-11-20,28.96,21.66,25.14,18.08,66.4,3.33,3.97,13.62,0.01,0.09,0.15,0.15
2018-11-21,27.02,23.04,25.01,18.14,66.04,4.97,5.94,14.18,0.08,0.1,0.15,0.15
2018-11-22,27.43,22.12,24.38,15.86,60.28,1.95,2.4,15.76,0.01,0.1,0.15,0.15
2018-11-23,29.49,21.07,24.96,15.23,57.44,2.65,3.24,15.16,0.04,0.1,0.15,0.15
2018-11-24,30.63,23.07,26.51,18.32,64.3,2.87,3.49,13.07,0.39,0.1,0.15,0.15
2018-11-25,31.37,23.47,27.02,18.68,63.19,3.57,4.27,11.69,1.04,0.13,0.15,0.15
2018-11-26,26.2,22.74,24.44,18.74,71.08,3.48,4.08,10.55,3.49,0.21,0.16,0.16
2018-11-27,26.35,21.75,23.73,15.28,59.67,4.05,4.91,15.31,0.0,0.17,0.16,0.16
2018-11-28,26.27,21.48,23.63,15.11,59.31,1.69,2.1,13.93,0.0,0.15,0.16,0.16
2018-11-29,28.77,21.28,24.33,15.1,58.29,2.33,2.8,15.87,0.0,0.14,0.16,0.16
2018-11-30,30.24,20.84,24.93,15.68,60.06,3.44,4.29,15.42,0.0,0.13,0.16,0.16
2018-12-01,30.17,21.58,25.28,12.28,48.03,2.72,3.43,14.96,0.0,0.12,0.16,0.16
2018-12-02,28.53,22.21,24.44,12.31,49.19,1.69,2.1,13.36,0.0,0.12,0.16,0.16
2018-12-03,28.34,22.62,24.8,16.46,61.48,1.22,1.48,14.54,0.0,0.11,0.15,0.16
2018-12-04,29.84,20.12,24.65,14.42,55.88,2.11,2.62,14.82,0.0,0.11,0.15,0.16
2018-12-05,28.34,21.07,24.26,13.09,52.26,1.8,2.23,13.5,0.0,0.11,0.15,0.16
2018-12-06,27.32,20.65,23.86,14.76,57.61,1.95,2.27,14.27,0.0,0.11,0.15,0.16
2018-12-07,28.82,21.14,24.61,15.67,59.89,2.59,3.11,14.01,0.04,0.11,0.15,0.16
2018-12-08,26.81,22.28,24.1,15.54,59.9,4.07,5.0,14.19,0.0,0.11,0.15,0.16
2018-12-09,26.86,21.87,24.08,14.35,55.39,5.28,6.52,14.56,0.0,0.11,0.15,0.16
2018-12-10,27.23,22.53,24.43,15.63,58.86,4.28,5.3,14.33,0.0,0.11,0.15,0.16
2018-12-11,27.14,22.01,24.25,16.21,61.47,5.13,6.31,13.39,0.0,0.11,0.15,0.16
2018-12-12,27.34,21.15,23.55,13.62,55.62,1.68,2.17,15.18,0.0,0.11,0.15,0.16
2018-12-13,26.7,18.98,22.57,12.5,55.33,1.78,2.11,15.14,0.0,0.11,0.15,0.16
2018-12-14,26.57,20.49,23.15,14.23,57.86,1.54,1.82,14.59,0.0,0.1,0.15,0.16
2018-12-15,27.0,20.96,23.69,15.17,60.41,2.07,2.59,13.99,0.0,0.1,0.15,0.16
2018-12-16,27.45,20.61,23.5,12.3,51.34,2.5,3.12,14.67,0.0,0.1,0.15,0.15
2018-12-17,27.62,19.53,23.01,11.25,49.55,2.44,3.01,14.74,0.0,0.1,0.15,0.15
2018-12-18,25.76,18.71,21.84,11.82,55.22,2.19,2.71,14.44,0.0,0.1,0.15,0.15
2018-12-19,25.44,20.37,22.52,14.77,62.11,2.29,2.82,14.11,0.0,0.1,0.15,0.15
2018-12-20,27.61,20.22,23.14,12.37,53.06,1.64,2.02,14.2,0.0,0.1,0.15,0.15
2018-12-21,25.81,20.33,22.55,14.62,61.63,2.01,2.41,13.65,0.0,0.1,0.15,0.15
2018-12-22,25.68,20.1,22.31,15.73,66.78,4.48,5.4,12.81,0.0,0.1,0.15,0.15
2018-12-23,24.17,19.58,21.43,13.26,60.22,3.68,4.5,13.16,0.0,0.1,0.15,0.15
2018-12-24,24.11,19.52,21.4,11.34,53.72,1.77,2.24,14.22,0.0,0.1,0.15,0.15
2018-12-25,23.79,18.93,20.83,12.19,58.51,3.27,4.0,13.24,0.0,0.1,0.15,0.15
2018-12-26,26.41,17.43,21.37,8.14,45.44,2.09,2.57,14.07,0.0,0.1,0.15,0.15
2018-12-27,26.14,17.09,21.27,9.17,47.41,1.85,2.35,13.1,0.0,0.1,0.15,0.15
2018-12-28,25.06,19.72,21.9,11.25,51.85,1.79,2.11,13.09,0.0,0.1,0.15,0.15
2018-12-29,25.35,18.81,21.81,12.78,57.75,2.24,2.63,13.94,0.0,0.1,0.15,0.15
2018-12-30,26.7,20.32,22.81,15.28,64.03,1.33,1.6,13.62,0.0,0.1,0.15,0.15
2018-12-31,25.74,19.62,22.5,13.74,59.57,2.33,2.81,12.07,0.0,0.1,0.15,0.15
2019-01-01,26.1,19.54,22.37,13.74,59.74,2.19,2.68,14.23,0.0,0.1,0.15,0.15
2019-01-02,26.09,20.7,22.64,12.84,55.62,1.36,1.67,12.18,0.0,0.1,0.15,0.15
2019-01-03,28.03,18.95,23.12,11.61,50.13,1.82,2.24,13.25,0.0,0.1,0.15,0.15
2019-01-04,26.85,19.93,22.78,14.54,60.86,3.48,4.2,12.19,0.0,0.1,0.15,0.15
2019-01-05,26.28,19.18,22.44,11.92,52.83,1.61,2.03,14.68,0.0,0.1,0.15,0.15
2019-01-06,27.18,18.18,22.38,12.92,56.38,1.82,2.33,14.0,0.0,0.1,0.15,0.15
2019-01-07,27.03,18.6,22.39,11.74,55.31,2.8,3.5,14.16,0.0,0.1,0.15,0.15
2019-01-08,26.91,19.49,22.8,10.56,47.33,1.65,2.06,12.25,0.0,0.09,0.15,0.15
2019-01-09,27.56,19.47,23.04,13.33,56.1,2.15,2.58,14.3,0.0,0.09,0.15,0.15
2019-01-10,25.6,18.87,22.0,15.69,68.47,4.56,5.46,12.77,0.0,0.09,0.15,0.15
2019-01-11,23.6,18.82,21.04,12.72,59.65,5.03,6.08,14.75,0.0,0.09,0.15,0.15
2019-01-12,23.88,18.31,20.9,12.62,59.95,1.42,1.77,14.78,0.0,0.09,0.15,0.15
2019-01-13,27.04,18.76,22.22,12.45,56.28,2.43,2.9,14.59,0.0,0.09,0.15,0.15
2019-01-14,26.81,18.91,22.45,13.11,59.41,2.96,3.62,13.2,0.0,0.09,0.15,0.15
2019-01-15,26.42,19.56,22.59,16.34,69.7,2.44,3.02,13.52,0.0,0.09,0.15,0.15
2019-01-16,27.14,20.41,23.14,14.54,59.76,1.74,2.14,15.31,0.0,0.09,0.15,0.15
2019-01-17,28.03,20.16,23.47,14.95,60.71,2.79,3.43,14.9,0.0,0.09,0.15,0.15
2019-01-18,22.91,18.22,20.79,12.09,58.48,5.31,6.39,14.85,0.0,0.09,0.15,0.15
2019-01-19,21.45,17.78,19.32,11.76,61.95,6.45,7.8,9.72,0.0,0.09,0.15,0.15
2019-01-20,21.29,16.91,18.74,9.05,54.11,5.39,6.54,15.55,0.0,0.09,0.15,0.15
2019-01-21,23.32,17.14,19.77,7.64,46.84,2.02,2.55,15.71,0.0,0.09,0.15,0.15
2019-01-22,22.72,17.12,19.41,10.58,57.43,2.63,3.22,15.47,0.0,0.09,0.15,0.15
2019-01-23,23.54,17.3,19.99,12.3,62.34,3.09,3.81,15.24,0.0,0.09,0.15,0.15
2019-01-24,24.93,18.2,20.92,12.32,60.29,1.28,1.55,13.58,0.0,0.09,0.15,0.15
2019-01-25,25.37,17.98,21.23,12.62,61.0,1.59,1.89,13.33,0.0,0.09,0.15,0.15
2019-01-26,26.47,18.16,21.82,9.31,48.21,2.39,2.91,14.15,0.0,0.09,0.15,0.15
2019-01-27,27.14,18.56,22.64,10.13,48.18,2.11,2.61,15.61,0.01,0.09,0.15,0.15
2019-01-28,29.12,19.1,23.52,13.71,57.81,3.0,3.82,14.75,0.01,0.09,0.15,0.15
2019-01-29,26.85,19.8,22.56,15.27,65.37,4.19,5.09,12.55,0.0,0.09,0.15,0.15
2019-01-30,24.64,19.77,21.73,15.57,69.46,3.87,4.64,15.65,0.01,0.09,0.15,0.15
2019-01-31,24.39,18.79,21.16,14.62,67.22,3.37,4.07,16.42,0.0,0.09,0.15,0.15
2019-02-01,25.33,18.22,21.38,15.85,72.73,2.61,3.17,17.34,0.01,0.09,0.15,0.15
2019-02-02,27.51,17.91,22.66,14.08,63.07,1.97,2.42,15.76,0.05,0.09,0.15,0.15
2019-02-03,27.43,19.9,22.19,17.31,75.74,4.98,5.95,5.99,9.11,0.17,0.16,0.16
2019-02-04,23.54,18.18,20.85,14.07,66.88,4.97,5.95,16.9,1.22,0.25,0.17,0.17
2019-02-05,23.05,17.2,19.96,10.31,54.55,2.11,2.64,18.46,0.0,0.19,0.17,0.17
2019-02-06,22.71,16.4,19.55,7.25,46.68,4.08,4.91,18.4,0.01,0.17,0.17,0.17
2019-02-07,22.77,15.69,19.05,4.76,40.51,1.77,2.16,19.14,0.0,0.15,0.17,0.17
2019-02-08,23.92,17.28,20.02,7.5,45.95,1.8,2.16,18.11,0.0,0.15,0.17,0.17
2019-02-09,25.31,16.34,20.53,8.41,48.78,1.47,1.82,18.3,0.0,0.14,0.17,0.17
2019-02-10,25.49,18.37,21.75,13.04,59.84,3.17,3.87,9.6,0.86,0.16,0.17,0.17
2019-02-11,26.96,19.24,22.67,14.83,63.5,3.76,4.55,13.08,0.06,0.15,0.17,0.17
2019-02-12,21.88,18.39,20.16,13.36,65.73,8.11,9.78,10.18,6.36,0.24,0.18,0.18
2019-02-13,22.59,17.26,19.72,10.01,54.28,3.47,4.23,19.05,0.0,0.21,0.18,0.18
2019-02-14,23.7,17.27,20.36,8.85,48.46,1.68,1.98,18.74,0.0,0.18,0.18,0.18
2019-02-15,27.66,17.17,22.17,11.09,51.49,2.44,2.99,15.86,0.0,0.17,0.17,0.18
2019-02-16,28.38,19.27,23.45,13.32,56.95,3.62,4.4,13.34,0.0,0.16,0.17,0.18
2019-02-17,25.04,19.71,22.28,14.72,63.29,3.96,4.73,9.25,2.25,0.2,0.18,0.18
2019-02-18,22.37,17.59,20.05,9.23,50.95,5.02,6.01,19.87,0.0,0.19,0.18,0.18
2019-02-19,22.82,19.14,20.67,11.59,56.61,3.7,4.4,11.79,0.0,0.18,0.18,0.18
2019-02-20,22.1,17.11,19.77,9.95,53.99,5.8,7.01,20.22,0.0,0.17,0.18,0.18
2019-02-21,23.63,16.66,19.6,10.18,56.2,1.85,2.25,19.26,0.0,0.16,0.17,0.18
2019-02-22,23.12,17.39,20.01,10.1,53.87,1.98,2.29,11.93,0.4,0.15,0.17,0.18
2019-02-23,26.39,17.38,21.34,12.09,57.15,2.1,2.61,15.96,0.0,0.16,0.17,0.18
2019-02-24,26.68,19.3,22.31,12.45,55.73,1.85,2.24,17.95,0.0,0.15,0.17,0.18
2019-02-25,25.56,19.35,21.69,14.22,65.8,5.88,7.09,17.78,0.0,0.15,0.17,0.18
2019-02-26,24.09,17.82,20.79,13.05,62.56,5.12,6.17,20.72,0.0,0.14,0.17,0.18
2019-02-27,27.2,15.55,20.55,11.85,61.87,2.64,3.24,15.81,0.0,0.14,0.17,0.18
2019-02-28,27.59,19.35,23.63,10.75,48.45,3.64,4.62,10.6,1.18,0.15,0.17,0.18
2019-03-01,29.63,19.85,23.46,16.02,65.04,7.81,9.43,9.64,2.73,0.22,0.18,0.18
2019-03-02,20.79,17.09,18.7,8.94,53.93,8.16,9.74,18.41,0.0,0.19,0.18,0.18
2019-03-03,21.25,16.07,18.61,10.91,61.67,5.64,6.77,20.29,0.0,0.17,0.18,0.18
2019-03-04,22.14,16.73,19.11,10.22,57.31,5.36,6.44,22.25,0.0,0.16,0.18,0.18
2019-03-05,22.73,16.3,19.21,9.8,56.09,4.3,5.23,22.32,0.0,0.15,0.17,0.18
2019-03-06,26.56,15.29,21.02,11.59,58.41,2.01,2.42,17.82,0.01,0.15,0.17,0.18
2019-03-07,25.34,18.36,21.29,12.37,60.02,3.53,4.27,20.3,0.0,0.14,0.17,0.18
2019-03-08,23.54,16.87,19.93,11.62,60.67,3.69,4.49,22.47,0.0,0.14,0.17,0.18
2019-03-09,23.59,17.1,19.74,11.31,60.15,5.57,6.71,21.93,0.0,0.13,0.17,0.18
2019-03-10,22.64,17.42,19.66,10.75,57.91,5.63,6.71,22.23,0.0,0.13,0.17,0.18
2019-03-11,22.84,16.12,19.19,12.42,66.71,3.74,4.53,21.6,0.0,0.13,0.17,0.17
2019-03-12,23.15,16.69,19.88,11.39,59.9,5.18,6.32,22.51,0.0,0.12,0.17,0.17
2019-03-13,25.17,17.21,20.88,12.28,60.53,2.2,2.68,21.91,0.0,0.12,0.17,0.17
2019-03-14,28.94,17.48,23.23,10.27,49.97,2.65,3.26,21.88,0.0,0.12,0.17,0.17
2019-03-15,25.28,19.66,22.25,15.79,68.11,5.02,6.02,8.55,4.62,0.18,0.17,0.17
2019-03-16,27.97,20.28,23.67,15.57,62.18,3.11,3.75,21.02,0.02,0.21,0.18,0.18
2019-03-17,27.02,21.28,24.09,18.52,71.81,4.18,5.1,9.78,12.06,0.3,0.19,0.19
2019-03-18,23.82,18.68,21.16,10.46,51.99,6.46,7.75,24.5,0.01,0.25,0.2,0.2
2019-03-19,23.28,18.39,20.48,11.14,56.1,6.55,7.88,23.71,0.0,0.21,0.2,0.2
2019-03-20,23.86,17.0,20.26,13.06,64.86,4.05,4.84,23.82,0.0,0.2,0.19,0.2
2019-03-21,27.52,17.88,22.42,13.08,58.86,1.86,2.3,19.46,0.01,0.19,0.19,0.2
2019-03-22,30.24,21.42,24.53,14.21,55.15,3.98,4.86,13.6,3.72,0.25,0.2,0.2
2019-03-23,27.61,21.15,23.42,15.91,63.91,6.23,7.51,14.28,1.73,0.24,0.2,0.2
2019-03-24,32.12,21.29,25.82,17.54,63.33,5.43,6.61,18.42,0.6,0.23,0.2,0.2
2019-03-25,30.53,22.28,25.57,17.84,66.52,5.67,6.92,11.09,0.57,0.22,0.2,0.2
2019-03-26,30.14,22.6,25.97,16.85,61.52,5.11,6.37,14.12,0.01,0.21,0.19,0.2
2019-03-27,28.58,23.03,24.88,18.42,68.14,3.03,3.73,6.51,19.78,0.34,0.22,0.22
2019-03-28,29.5,21.25,24.35,16.29,63.83,1.54,1.84,18.58,0.66,0.28,0.23,0.23
2019-03-29,27.96,19.91,23.35,14.08,60.3,1.84,2.2,23.6,0.08,0.24,0.22,0.23
2019-03-30,28.23,18.95,23.75,11.35,50.01,2.06,2.54,14.07,0.05,0.23,0.22,0.23
2019-03-31,33.46,22.59,27.34,13.92,45.5,3.45,4.47,20.99,0.0,0.22,0.22,0.23
2019-04-01,34.82,23.78,29.09,12.17,37.52,3.82,4.96,21.79,0.0,0.21,0.21,0.22
2019-04-02,30.99,24.09,27.47,14.49,46.87,4.26,5.37,17.43,0.0,0.2,0.21,0.22
2019-04-03,32.66,23.67,27.02,16.13,53.43,3.34,4.25,11.72,0.0,0.21,0.21,0.22
2019-04-04,34.67,24.17,29.15,12.31,38.4,1.71,2.46,21.05,0.01,0.2,0.21,0.22
2019-04-05,34.95,26.27,30.22,10.88,31.84,2.13,2.98,15.46,0.0,0.19,0.21,0.22
2019-04-06,33.87,25.53,29.68,10.34,32.7,2.03,2.84,21.71,0.0,0.18,0.21,0.21
2019-04-07,36.04,26.13,30.75,10.41,30.61,2.31,3.24,24.06,0.0,0.16,0.2,0.21
2019-04-08,31.05,25.12,28.59,14.14,42.56,2.95,3.72,11.68,0.0,0.16,0.2,0.21
2019-04-09,31.91,22.38,26.92,16.26,58.07,2.35,2.92,23.57,0.07,0.17,0.2,0.21
2019-04-10,29.27,24.54,26.64,15.8,53.58,2.78,3.44,11.74,0.13,0.17,0.2,0.21
2019-04-11,29.18,22.34,25.27,15.38,56.06,2.96,3.54,13.08,1.03,0.18,0.2,0.21
2019-04-12,30.94,23.54,26.37,15.72,53.83,1.82,2.35,17.03,0.62,0.21,0.2,0.21
2019-04-13,28.75,22.27,25.48,17.76,63.47,3.78,4.62,14.86,7.73,0.3,0.21,0.21
2019-04-14,25.77,20.92,23.16,16.85,68.72,8.01,9.57,20.22,4.66,0.32,0.22,0.23
2019-04-15,26.8,20.85,23.76,17.13,68.75,4.41,5.3,25.58,0.07,0.26,0.22,0.23
2019-04-16,29.0,19.2,23.85,15.54,65.04,3.02,3.67,25.22,0.0,0.23,0.22,0.22
2019-04-17,30.26,21.06,25.5,10.34,41.89,2.33,2.82,25.44,0.0,0.21,0.21,0.22
2019-04-18,33.02,23.96,28.04,8.86,33.12,1.87,2.45,24.18,0.0,0.2,0.21,0.22
2019-04-19,34.41,23.96,29.04,12.85,41.48,2.71,3.63,24.72,0.0,0.19,0.21,0.22
2019-04-20,34.98,25.17,29.43,14.25,42.09,2.9,3.8,25.28,0.0,0.18,0.21,0.22
2019-04-21,35.62,26.01,30.57,15.0,40.7,3.01,3.95,24.56,0.0,0.18,0.2,0.21
2019-04-22,35.38,26.33,30.13,16.19,44.82,3.53,4.49,17.41,0.0,0.17,0.2,0.21
2019-04-23,28.85,23.54,25.99,17.81,62.83,5.53,6.59,21.89,0.09,0.17,0.2,0.21
2019-04-24,26.81,22.03,24.09,13.71,53.76,7.43,8.86,26.25,0.0,0.17,0.2,0.21
2019-04-25,26.76,20.67,23.48,14.37,57.78,5.66,6.73,26.86,0.0,0.16,0.2,0.21
2019-04-26,27.02,20.0,23.51,15.04,60.73,3.82,4.52,25.66,0.0,0.16,0.2,0.21
2019-04-27,28.39,20.77,24.71,16.32,63.15,3.48,4.13,21.8,0.13,0.16,0.2,0.2
2019-04-28,30.33,21.36,25.94,18.02,65.82,3.78,4.55,22.86,0.01,0.16,0.2,0.2
2019-04-29,31.18,22.87,26.57,17.19,60.16,4.38,5.27,24.3,0.0,0.16,0.19,0.2
2019-04-30,31.34,22.64,26.57,17.28,62.64,5.07,6.08,25.59,0.0,0.15,0.19,0.2
2019-05-01,30.37,22.15,26.04,19.23,69.55,4.17,4.97,27.51,0.0,0.14,0.19,0.2
2019-05-02,33.58,21.93,26.99,18.81,67.89,2.99,3.62,26.98,0.0,0.14,0.19,0.2
2019-05-03,37.0,22.93,29.05,16.47,54.73,2.09,2.59,27.02,0.0,0.13,0.19,0.2
2019-05-04,35.66,24.45,29.68,15.98,49.37,2.03,2.45,26.74,0.0,0.12,0.19,0.2
2019-05-05,34.66,25.59,29.73,16.99,50.73,2.91,3.49,24.25,0.0,0.12,0.19,0.2
2019-05-06,34.12,24.68,28.87,19.43,60.52,3.87,4.64,25.53,0.0,0.12,0.19,0.2
2019-05-07,34.42,24.48,28.66,20.0,65.49,3.77,4.46,26.28,0.0,0.12,0.19,0.19
2019-05-08,35.49,23.97,29.45,18.14,58.23,2.46,2.99,26.52,0.01,0.12,0.19,0.19
2019-05-09,37.99,25.48,31.69,16.68,45.09,1.6,2.05,25.11,0.0,0.11,0.18,0.19
2019-05-10,37.52,27.27,31.54,16.45,44.37,2.85,3.54,23.84,0.0,0.11,0.18,0.19
2019-05-11,35.81,26.35,30.76,18.96,54.98,3.81,4.56,26.56,0.0,0.11,0.18,0.19
2019-05-12,36.15,25.74,30.34,19.32,60.75,4.42,5.25,25.78,0.0,0.11,0.18,0.19
2019-05-13,33.89,26.56,29.5,19.56,59.86,5.65,6.72,25.48,0.0,0.11,0.18,0.19
2019-05-14,31.58,24.9,28.42,20.42,64.99,5.83,6.94,25.99,0.0,0.11,0.18,0.19
2019-05-15,34.94,24.44,29.67,16.92,53.94,2.77,3.38,26.59,0.0,0.1,0.18,0.19
2019-05-16,37.22,26.42,31.62,13.19,37.29,1.87,2.46,26.1,0.09,0.1,0.18,0.19
2019-05-17,37.25,27.21,32.44,17.8,45.13,2.67,3.39,25.58,0.01,0.1,0.18,0.18
2019-05-18,37.5,28.12,31.91,18.75,49.78,2.9,3.5,22.42,0.08,0.1,0.18,0.18
2019-05-19,34.58,28.95,32.03,19.24,49.27,1.33,1.69,17.6,0.32,0.1,0.18,0.18
2019-05-20,36.02,28.85,32.12,20.29,51.06,2.71,3.38,22.63,0.27,0.12,0.18,0.18
2019-05-21,32.43,27.44,29.76,22.28,65.86,3.66,4.32,18.78,0.06,0.12,0.18,0.18
2019-05-22,33.0,26.76,29.51,21.4,64.16,5.21,6.19,23.05,0.0,0.12,0.18,0.18
2019-05-23,33.39,25.61,29.37,21.66,66.71,5.04,5.99,26.27,0.0,0.12,0.18,0.18
2019-05-24,36.83,25.38,30.94,18.03,52.19,1.97,2.39,26.72,0.0,0.11,0.18,0.18
2019-05-25,39.94,26.76,32.64,14.35,38.24,1.65,2.0,27.16,0.0,0.1,0.17,0.18
2019-05-26,38.48,28.68,33.34,15.81,39.72,2.42,3.04,27.02,0.0,0.09,0.17,0.18
2019-05-27,39.32,29.25,33.87,16.6,40.55,2.58,3.26,26.05,0.0,0.09,0.17,0.18
2019-05-28,39.34,30.21,33.72,17.3,41.52,2.48,3.01,25.3,0.0,0.09,0.17,0.18
2019-05-29,38.56,29.76,33.66,16.08,39.06,2.76,3.3,26.03,0.0,0.09,0.17,0.18
2019-05-30,38.6,29.54,33.41,15.13,36.76,2.83,3.36,26.78,0.0,0.09,0.17,0.18
2019-05-31,37.21,28.08,32.2,19.8,52.93,3.24,3.84,25.44,0.0,0.09,0.17,0.18
2019-06-01,36.7,27.58,32.19,20.18,55.57,4.19,5.05,28.21,0.0,0.09,0.17,0.17
2019-06-02,37.25,27.73,32.28,16.33,43.91,2.98,3.6,28.7,0.0,0.09,0.17,0.17
2019-06-03,40.72,27.65,34.08,14.26,34.34,1.64,2.1,27.21,0.0,0.09,0.17,0.17
2019-06-04,41.69,30.94,35.54,16.16,34.38,2.66,3.48,24.29,0.0,0.08,0.17,0.17
2019-06-05,40.56,30.56,35.03,16.78,37.33,2.31,2.93,25.54,0.0,0.08,0.17,0.17
2019-06-06,40.91,31.29,35.11,18.07,40.91,2.25,2.77,27.17,0.0,0.08,0.17,0.17
2019-06-07,39.71,31.33,34.99,14.95,33.03,2.34,2.79,27.3,0.0,0.08,0.17,0.17
2019-06-08,39.58,31.11,34.79,14.83,33.12,2.65,3.12,26.71,0.0,0.08,0.17,0.17
2019-06-09,38.46,30.43,33.98,20.53,48.64,2.06,2.36,25.46,0.0,0.08,0.17,0.17
2019-06-10,40.38,29.6,34.39,22.58,54.17,1.95,2.29,26.18,0.0,0.08,0.17,0.17
2019-06-11,43.72,31.27,37.71,17.2,35.41,1.98,2.46,25.98,0.0,0.08,0.16,0.17
2019-06-12,44.55,33.16,38.69,11.82,23.86,2.39,3.17,26.24,0.0,0.07,0.16,0.17
2019-06-13,44.33,32.46,37.77,12.13,24.76,1.72,2.25,26.02,0.0,0.07,0.16,0.17
2019-06-14,42.18,31.66,36.3,19.27,41.11,2.89,3.43,26.44,0.0,0.07,0.16,0.17
2019-06-15,42.67,29.46,35.75,20.86,50.17,1.76,2.05,27.58,0.0,0.07,0.16,0.17
2019-06-16,44.82,30.92,37.93,19.19,40.33,1.72,2.09,24.38,0.0,0.07,0.16,0.17
2019-06-17,41.15,31.97,36.38,19.48,41.2,2.07,2.46,26.08,0.0,0.06,0.16,0.17
2019-06-18,41.26,31.24,35.76,21.61,46.75,1.44,1.66,25.21,0.0,0.07,0.16,0.17
2019-06-19,40.36,30.79,34.97,23.74,58.06,3.22,3.75,26.71,0.0,0.07,0.16,0.16
2019-06-20,40.23,30.82,35.1,24.99,58.61,3.85,4.55,25.32,0.14,0.07,0.16,0.16
2019-06-21,41.05,30.56,35.63,24.19,54.96,2.78,3.27,22.81,0.31,0.08,0.16,0.16
2019-06-22,42.32,31.74,36.73,21.21,44.66,2.43,2.87,23.7,0.06,0.09,0.16,0.16
2019-06-23,40.22,31.79,35.83,23.64,52.99,2.91,3.34,24.37,0.08,0.08,0.16,0.16
2019-06-24,38.92,31.3,34.86,25.13,61.05,4.03,4.68,24.67,0.0,0.08,0.16,0.16
2019-06-25,41.63,30.51,35.89,22.99,51.68,3.5,4.27,23.94,0.06,0.08,0.16,0.16
2019-06-26,41.26,30.19,35.87,23.3,52.41,2.84,3.35,23.56,0.0,0.08,0.16,0.16
2019-06-27,40.74,33.05,36.35,21.48,43.84,3.23,3.79,23.34,0.0,0.07,0.16,0.16
2019-06-28,40.6,31.74,36.27,19.96,42.43,3.0,3.58,24.84,0.0,0.07,0.16,0.16
2019-06-29,41.4,32.05,36.32,17.48,36.89,3.22,3.85,26.73,0.0,0.07,0.16,0.16
2019-06-30,40.97,29.82,35.3,19.94,47.15,3.27,3.9,26.98,0.0,0.07,0.16,0.16
2019-07-01,40.57,29.95,34.7,23.51,58.52,3.21,3.79,27.1,0.0,0.07,0.16,0.16
2019-07-02,40.06,30.18,34.84,23.42,58.62,3.88,4.53,27.25,0.0,0.07,0.16,0.16
2019-07-03,41.84,30.32,36.07,22.55,50.6,2.71,3.22,25.3,0.0,0.07,0.16,0.16
2019-07-04,42.34,31.79,36.23,23.45,51.54,2.75,3.19,23.29,0.0,0.07,0.16,0.16
2019-07-05,41.38,33.2,36.83,23.31,49.42,2.35,2.71,24.01,0.0,0.07,0.16,0.16
2019-07-06,42.21,31.3,36.04,24.65,56.23,2.49,2.86,22.98,0.0,0.07,0.16,0.16
2019-07-07,41.31,31.7,35.86,24.45,56.11,1.77,2.01,24.89,0.0,0.07,0.16,0.16
2019-07-08,41.78,31.53,36.16,24.88,55.14,2.1,2.44,24.42,0.0,0.07,0.16,0.16
2019-07-09,40.34,31.73,35.12,24.86,59.55,2.74,3.11,25.01,0.0,0.07,0.15,0.16
2019-07-10,37.43,31.55,34.2,25.5,63.26,4.73,5.5,24.95,0.0,0.07,0.15,0.16
2019-07-11,39.72,29.79,34.83,20.25,48.1,2.86,3.34,25.89,0.0,0.07,0.15,0.16
2019-07-12,40.32,30.54,35.49,22.17,49.81,2.05,2.35,24.49,0.0,0.07,0.15,0.16
2019-07-13,42.86,32.41,37.49,21.53,43.23,2.54,3.02,24.59,0.0,0.07,0.15,0.16
2019-07-14,41.07,32.72,36.32,22.62,48.44,3.97,4.61,23.87,0.0,0.07,0.15,0.16
2019-07-15,39.13,31.05,34.69,24.7,59.55,3.96,4.52,24.57,0.0,0.07,0.15,0.16
2019-07-16,39.88,30.65,34.85,24.4,58.07,3.86,4.43,25.05,0.0,0.07,0.15,0.16
2019-07-17,41.51,30.95,36.03,22.14,48.54,2.35,2.76,24.94,0.0,0.07,0.15,0.16
2019-07-18,39.42,32.28,35.28,24.84,56.44,2.32,2.68,23.55,0.0,0.07,0.15,0.16
2019-07-19,40.51,31.59,35.78,23.74,52.11,3.2,3.72,22.24,0.0,0.07,0.15,0.15
2019-07-20,40.83,30.64,35.4,24.09,54.75,4.46,5.26,22.45,0.0,0.07,0.15,0.15
2019-07-21,40.57,31.1,35.59,24.63,55.4,3.54,4.12,23.21,0.0,0.07,0.15,0.15
2019-07-22,40.64,31.08,35.52,24.37,54.8,3.25,3.75,22.91,0.0,0.07,0.15,0.15
2019-07-23,40.43,31.36,35.48,24.27,54.37,4.63,5.47,22.79,0.0,0.07,0.15,0.15
2019-07-24,40.37,31.5,35.59,24.26,54.53,4.59,5.44,22.3,0.0,0.07,0.15,0.15
2019-07-25,38.99,31.63,34.8,24.79,57.41,2.95,3.39,24.05,0.0,0.07,0.15,0.15
2019-07-26,38.44,32.27,35.59,25.09,56.23,3.4,3.97,22.83,0.01,0.07,0.15,0.15
2019-07-27,40.14,30.43,35.26,22.57,53.6,3.17,3.74,23.3,0.0,0.07,0.15,0.15
2019-07-28,41.4,31.89,36.57,22.72,47.42,3.23,3.9,22.64,0.0,0.07,0.15,0.15
2019-07-29,41.23,33.21,36.86,23.51,48.48,3.32,3.94,22.34,0.0,0.07,0.15,0.15
2019-07-30,40.11,32.58,35.82,20.84,43.81,4.88,5.75,22.2,0.0,0.07,0.15,0.15
2019-07-31,39.79,33.37,36.53,22.45,45.82,3.22,3.86,22.25,0.0,0.07,0.15,0.15
2019-08-01,40.98,32.9,36.3,23.33,50.41,3.53,4.15,22.9,0.0,0.07,0.15,0.15
2019-08-02,38.43,31.52,35.29,22.7,51.8,2.42,2.81,22.95,0.0,0.07,0.15,0.15
2019-08-03,42.92,34.12,37.45,17.51,34.69,1.88,2.28,21.09,0.0,0.07,0.15,0.15
2019-08-04,41.47,33.08,36.45,20.91,43.74,2.65,3.14,21.9,0.0,0.06,0.15,0.15
2019-08-05,39.56,31.89,34.98,25.8,61.73,3.39,3.91,23.08,0.0,0.06,0.15,0.15
2019-08-06,38.15,31.88,34.46,26.06,64.36,4.17,4.78,23.99,0.0,0.06,0.15,0.15
2019-08-07,39.59,31.07,34.99,25.14,60.33,3.61,4.17,22.71,0.0,0.06,0.15,0.15
2019-08-08,43.18,31.99,37.45,20.33,42.74,1.4,1.67,20.7,0.0,0.06,0.15,0.15
2019-08-09,43.25,32.83,37.63,21.49,41.94,4.47,5.38,20.59,0.01,0.06,0.15,0.15
2019-08-10,41.56,32.66,36.52,23.23,49.83,2.91,3.44,20.16,0.0,0.06,0.15,0.15
2019-08-11,40.87,32.55,36.1,24.48,54.54,2.19,2.55,21.41,0.04,0.06,0.15,0.15
2019-08-12,40.99,32.89,36.24,24.14,51.63,3.27,3.86,20.91,0.18,0.07,0.15,0.15
2019-08-13,41.97,31.4,36.28,22.01,46.52,3.23,3.76,20.02,0.01,0.07,0.15,0.15
2019-08-14,42.86,33.44,37.7,21.96,42.53,2.6,3.08,22.01,0.0,0.07,0.15,0.15
2019-08-15,42.38,33.73,37.88,19.36,36.58,3.72,4.52,21.97,0.0,0.06,0.15,0.15
2019-08-16,41.8,31.8,36.53,21.57,44.8,2.91,3.43,22.25,0.0,0.06,0.15,0.15
2019-08-17,42.76,32.87,37.2,20.26,40.66,2.18,2.55,22.83,0.0,0.06,0.15,0.15
2019-08-18,42.42,31.71,36.2,21.83,46.52,4.03,4.74,23.25,0.0,0.06,0.15,0.15
2019-08-19,41.28,29.71,35.16,21.81,49.61,4.14,4.86,24.2,0.0,0.06,0.15,0.15
2019-08-20,40.65,29.21,34.69,21.35,50.0,3.5,4.07,23.32,0.0,0.06,0.15,0.15
2019-08-21,39.1,30.32,34.36,21.65,49.81,3.17,3.63,22.39,0.0,0.05,0.15,0.15
2019-08-22,40.6,30.52,35.43,21.62,47.88,2.79,3.25,23.33,0.0,0.06,0.15,0.15
2019-08-23,41.46,30.98,35.91,21.62,46.92,3.87,4.52,23.04,0.0,0.05,0.15,0.15
2019-08-24,41.16,31.33,35.75,19.18,40.47,2.91,3.4,22.33,0.02,0.05,0.15,0.15
2019-08-25,40.3,33.06,36.16,18.98,38.72,2.34,2.7,24.32,0.0,0.05,0.15,0.15
2019-08-26,41.69,31.19,35.85,20.95,46.16,1.39,1.61,25.2,0.0,0.05,0.15,0.15
2019-08-27,42.62,31.33,36.98,18.97,39.51,1.83,2.3,25.01,0.0,0.05,0.15,0.15
2019-08-28,42.38,32.97,37.1,16.67,34.03,1.97,2.35,24.16,0.0,0.05,0.15,0.15
2019-08-29,42.17,30.67,35.9,21.01,49.32,2.3,2.7,25.3,0.0,0.05,0.15,0.15
2019-08-30,41.44,30.68,35.49,22.88,56.04,2.25,2.64,24.97,0.0,0.05,0.15,0.15
2019-08-31,40.89,31.83,35.85,22.77,51.36,1.87,2.15,24.26,0.0,0.05,0.15,0.15
2019-09-01,42.74,33.1,37.36,18.89,37.82,0.92,1.13,23.2,0.0,0.05,0.15,0.15
2019-09-02,41.93,31.09,36.32,20.28,43.43,2.56,3.06,22.15,0.0,0.05,0.15,0.15
2019-09-03,41.77,29.82,35.56,20.81,47.3,2.97,3.55,23.35,0.0,0.05,0.15,0.15
2019-09-04,40.83,30.58,35.13,20.27,45.46,2.93,3.41,23.2,0.0,0.05,0.15,0.15
2019-09-05,41.98,30.51,35.67,21.7,47.98,2.21,2.62,23.78,0.0,0.05,0.15,0.15
2019-09-06,42.61,31.22,36.36,20.28,43.07,2.1,2.56,22.28,0.0,0.05,0.15,0.15
2019-09-07,41.22,31.64,35.55,23.11,53.34,2.05,2.36,21.83,0.0,0.05,0.15,0.15
2019-09-08,40.9,30.83,34.81,23.92,57.38,2.12,2.42,21.98,0.0,0.05,0.15,0.15
2019-09-09,40.35,30.66,34.52,24.16,58.86,1.66,1.86,23.11,0.0,0.05,0.15,0.15
2019-09-10,40.85,30.97,35.1,22.63,51.58,2.64,3.03,21.95,0.0,0.05,0.15,0.15
2019-09-11,40.73,29.85,34.94,21.39,48.51,2.21,2.54,21.56,0.0,0.05,0.15,0.15
2019-09-12,40.25,31.42,35.02,22.13,50.28,1.96,2.24,22.15,0.0,0.05,0.15,0.15
2019-09-13,38.68,30.5,34.12,22.17,52.39,2.02,2.32,21.31,0.0,0.05,0.15,0.15
2019-09-14,38.98,30.96,34.33,22.82,53.81,1.74,1.97,21.57,0.0,0.05,0.15,0.15
2019-09-15,40.85,30.61,35.22,21.63,48.32,2.73,3.21,21.44,0.0,0.05,0.15,0.15
2019-09-16,40.02,30.63,34.7,22.96,53.12,2.74,3.14,19.32,0.0,0.05,0.15,0.15
2019-09-17,40.13,32.09,35.06,23.0,53.19,1.91,2.21,20.63,0.0,0.05,0.15,0.15
2019-09-18,41.31,31.61,35.84,20.58,46.71,2.18,2.65,22.63,0.0,0.05,0.15,0.15
2019-09-19,40.76,29.23,34.53,20.9,49.86,2.81,3.32,22.9,0.0,0.05,0.15,0.15
2019-09-20,39.16,29.53,33.74,19.63,47.18,3.32,3.87,22.39,0.0,0.05,0.15,0.15
2019-09-21,38.08,29.86,33.4,22.96,57.21,2.04,2.32,21.71,0.0,0.05,0.15,0.15
2019-09-22,38.79,29.95,33.94,21.75,52.35,2.15,2.53,21.53,0.0,0.05,0.15,0.15
2019-09-23,38.6,30.11,33.77,21.6,52.58,1.95,2.28,21.06,0.0,0.05,0.15,0.15
2019-09-24,39.33,29.77,33.83,22.72,55.35,5.12,6.06,20.5,0.0,0.05,0.15,0.15
2019-09-25,38.07,29.92,33.34,22.74,56.36,4.88,5.71,20.45,0.0,0.05,0.15,0.15
2019-09-26,37.99,30.45,33.66,22.48,53.84,2.61,3.01,19.3,0.0,0.05,0.15,0.15
2019-09-27,38.02,31.15,34.09,22.37,52.16,2.85,3.28,19.68,0.0,0.05,0.15,0.15
2019-09-28,37.32,30.9,33.54,22.46,54.14,2.71,3.15,19.98,0.0,0.05,0.15,0.15
2019-09-29,37.75,29.92,33.13,23.0,58.15,2.73,3.17,19.72,0.0,0.05,0.15,0.15
2019-09-30,37.54,30.42,33.12,22.38,54.94,2.73,3.24,19.37,0.0,0.05,0.15,0.15
2019-10-01,37.38,29.44,32.72,21.6,54.6,2.71,3.19,18.96,0.0,0.05,0.15,0.15
2019-10-02,37.92,28.54,32.82,20.4,52.56,2.36,2.75,18.94,0.0,0.05,0.15,0.15
2019-10-03,37.51,29.3,33.18,19.33,46.6,1.96,2.36,18.25,0.24,0.06,0.15,0.15
2019-10-04,38.31,29.17,33.46,22.02,53.68,3.22,3.8,18.0,0.4,0.07,0.15,0.15
2019-10-05,36.83,29.32,32.19,22.14,57.68,3.93,4.57,19.14,1.5,0.12,0.15,0.15
2019-10-06,36.23,28.49,32.03,22.07,57.76,4.28,5.06,19.02,0.08,0.13,0.15,0.15
2019-10-07,35.37,28.5,31.37,22.12,59.98,5.44,6.37,18.31,0.59,0.13,0.15,0.15
2019-10-08,35.21,27.34,31.09,21.37,58.89,2.91,3.38,19.3,0.04,0.13,0.15,0.15
2019-10-09,34.82,28.59,31.47,20.77,54.29,1.81,2.11,19.18,0.03,0.12,0.15,0.15
2019-10-10,33.21,29.25,30.9,23.34,65.63,1.73,2.03,18.76,0.15,0.12,0.15,0.15
2019-10-11,36.58,29.53,31.99,20.29,52.8,2.51,2.95,15.46,0.12,0.12,0.15,0.15
2019-10-12,37.25,28.24,32.26,18.37,47.23,2.81,3.41,18.89,0.01,0.11,0.15,0.15
2019-10-13,36.51,27.08,31.41,20.18,55.08,3.2,3.8,18.8,0.73,0.11,0.15,0.15
2019-10-14,34.98,27.53,30.73,18.78,52.19,2.62,3.08,19.08,0.84,0.14,0.15,0.15
2019-10-15,35.34,27.75,30.92,17.48,47.2,1.84,2.21,18.99,0.2,0.12,0.15,0.15
2019-10-16,36.25,27.86,31.36,17.24,46.9,1.42,1.72,19.16,0.93,0.13,0.15,0.15
2019-10-17,35.05,27.23,30.74,20.18,57.29,1.47,1.71,18.93,2.21,0.17,0.15,0.15
2019-10-18,35.44,27.71,30.92,20.37,57.52,1.54,1.77,17.97,0.6,0.17,0.16,0.16
2019-10-19,35.39,28.02,30.95,19.99,55.22,1.7,1.99,18.21,0.0,0.14,0.15,0.15
2019-10-20,34.83,27.67,30.55,19.37,54.63,1.33,1.53,18.0,0.0,0.12,0.15,0.15
2019-10-21,34.33,26.89,29.65,18.92,55.2,1.82,2.1,17.67,0.0,0.11,0.15,0.15
2019-10-22,34.7,26.64,30.08,19.16,54.23,1.94,2.26,17.41,0.0,0.11,0.15,0.15
2019-10-23,35.91,27.39,31.12,18.41,50.19,1.84,2.21,17.81,0.0,0.1,0.15,0.15
2019-10-24,36.48,27.01,31.39,16.74,44.37,1.6,1.95,17.86,0.0,0.1,0.15,0.15
2019-10-25,36.12,26.97,31.17,17.13,46.36,1.88,2.3,17.37,0.0,0.09,0.15,0.15
2019-10-26,35.78,27.72,30.89,17.19,47.37,1.74,2.07,18.17,0.0,0.09,0.15,0.15
2019-10-27,36.03,26.41,30.56,15.65,44.02,2.38,2.92,17.99,0.0,0.09,0.15,0.15
2019-10-28,35.74,26.26,30.8,17.68,49.24,2.64,3.26,17.48,0.0,0.08,0.15,0.15
2019-10-29,36.02,26.1,30.59,18.32,51.64,3.29,4.01,17.59,0.0,0.08,0.15,0.15
2019-10-30,35.63,25.98,30.41,19.12,54.27,3.47,4.23,17.11,0.0,0.08,0.15,0.15
2019-10-31,35.26,25.72,30.13,19.72,57.84,2.56,3.1,16.24,0.0,0.08,0.15,0.15
2019-11-01,32.2,26.34,29.07,20.1,59.38,2.69,3.21,16.25,0.01,0.08,0.15,0.15
2019-11-02,30.86,26.52,28.38,17.02,50.85,3.26,3.95,17.9,0.0,0.08,0.15,0.15
2019-11-03,32.75,25.23,28.44,15.73,47.72,1.72,2.05,17.6,0.0,0.08,0.15,0.15
2019-11-04,33.11,23.9,28.43,17.71,55.28,2.18,2.65,17.36,0.0,0.08,0.15,0.15
2019-11-05,32.7,25.37,28.66,18.97,58.18,2.03,2.44,16.33,0.0,0.08,0.15,0.15
2019-11-06,32.51,25.75,28.87,17.79,53.3,1.53,1.83,16.28,0.0,0.08,0.15,0.15
2019-11-07,32.98,25.11,28.68,12.27,38.49,2.09,2.66,17.18,0.0,0.08,0.15,0.15
2019-11-08,32.87,23.89,28.14,13.39,42.83,1.68,2.07,17.04,0.05,0.08,0.15,0.15
2019-11-09,32.45,25.42,28.3,17.31,53.4,2.09,2.55,14.87,0.68,0.09,0.15,0.15
2019-11-10,26.93,23.2,25.23,18.32,65.76,3.78,4.43,6.55,11.54,0.29,0.17,0.17
2019-11-11,28.82,22.14,25.2,11.69,46.5,3.26,3.97,17.02,0.03,0.22,0.17,0.17
2019-11-12,29.19,21.49,25.14,8.69,37.0,2.57,3.18,17.14,0.0,0.18,0.17,0.17
2019-11-13,28.26,21.21,24.45,8.2,36.81,1.99,2.45,17.35,0.0,0.16,0.17,0.17
2019-11-14,28.56,21.99,24.86,8.57,36.61,2.06,2.46,17.85,0.0,0.15,0.17,0.17
2019-11-15,28.62,22.82,25.35,12.04,44.32,1.68,2.01,13.76,0.02,0.15,0.17,0.17
2019-11-16,28.02,22.37,25.32,14.35,51.51,2.25,2.7,11.67,1.31,0.17,0.17,0.17
2019-11-17,29.73,22.75,25.86,15.3,53.58,4.09,4.94,14.78,0.06,0.18,0.17,0.17
2019-11-18,29.54,22.48,26.07,15.43,53.66,2.29,2.83,14.77,0.03,0.16,0.17,0.17
2019-11-19,29.31,23.18,25.79,17.72,62.6,2.76,3.25,10.58,2.22,0.18,0.17,0.17
2019-11-20,26.99,22.9,24.34,18.91,72.01,3.34,3.95,3.24,12.72,0.32,0.18,0.18
2019-11-21,25.02,21.0,23.23,14.02,57.17,4.87,5.88,8.21,0.92,0.27,0.2,0.2
2019-11-22,24.88,21.0,22.51,7.9,39.97,2.87,3.41,16.12,0.0,0.22,0.2,0.2
2019-11-23,26.19,19.77,22.74,11.01,48.89,2.87,3.49,16.0,0.0,0.2,0.19,0.19
2019-11-24,27.17,20.01,23.24,14.26,58.39,2.46,3.02,15.7,0.0,0.19,0.19,0.19
2019-11-25,27.46,20.44,23.6,13.63,54.88,2.32,2.82,13.76,0.0,0.19,0.19,0.19
2019-11-26,28.02,20.39,23.68,12.43,50.91,2.63,3.25,15.79,0.0,0.18,0.19,0.19
2019-11-27,28.02,20.59,24.06,11.75,47.04,1.99,2.47,15.24,0.0,0.18,0.19,0.19
2019-11-28,28.36,20.31,23.99,13.05,51.25,2.69,3.37,15.74,0.0,0.17,0.19,0.19
2019-11-29,27.76,20.5,23.85,13.53,53.75,1.85,2.28,14.97,0.0,0.17,0.18,0.19
2019-11-30,27.01,22.57,24.37,15.42,57.84,1.67,1.94,14.49,0.0,0.16,0.18,0.19
2019-12-01,27.93,20.3,24.13,15.45,61.29,1.62,2.01,14.7,0.0,0.16,0.18,0.19
2019-12-02,27.8,20.04,23.88,12.73,51.84,1.58,2.01,14.93,0.0,0.16,0.18,0.19
2019-12-03,27.47,20.79,23.92,14.44,57.01,1.83,2.27,12.99,0.0,0.15,0.18,0.19
2019-12-04,26.74,21.05,23.73,15.93,62.64,1.75,2.13,12.31,0.04,0.15,0.18,0.19
2019-12-05,26.27,22.15,23.79,15.88,61.92,2.28,2.74,13.5,0.0,0.15,0.18,0.19
2019-12-06,27.97,21.63,24.24,15.04,57.67,2.74,3.29,14.01,0.0,0.15,0.18,0.19
2019-12-07,28.62,20.58,24.26,15.0,58.75,3.77,4.53,11.07,1.32,0.16,0.18,0.19
2019-12-08,26.49,21.8,23.76,16.76,66.24,2.17,2.65,12.3,3.22,0.26,0.19,0.19
2019-12-09,28.15,20.37,23.87,18.41,73.49,2.85,3.44,11.85,2.4,0.25,0.19,0.19
2019-12-10,28.05,22.01,24.61,18.75,71.02,2.59,3.17,5.57,5.92,0.31,0.2,0.2
2019-12-11,24.79,22.09,23.09,19.35,79.84,2.57,3.08,11.69,6.65,0.33,0.22,0.22
2019-12-12,25.51,22.09,23.29,14.76,59.9,3.59,4.3,13.63,0.01,0.26,0.21,0.22
2019-12-13,26.08,18.33,22.72,13.05,55.55,1.65,2.0,10.98,0.04,0.24,0.21,0.21
2019-12-14,27.6,20.51,23.89,15.1,59.74,1.9,2.33,13.53,0.02,0.23,0.21,0.21
2019-12-15,27.79,21.32,23.87,16.11,62.78,2.76,3.29,6.61,0.34,0.23,0.21,0.21
2019-12-16,27.37,22.01,24.08,17.25,66.24,3.25,3.89,7.55,0.76,0.24,0.21,0.21
2019-12-17,27.74,22.72,24.93,17.31,64.03,3.72,4.49,9.93,5.6,0.28,0.21,0.21
2019-12-18,26.24,21.99,23.66,18.02,71.25,3.84,4.64,8.03,2.27,0.31,0.22,0.23
2019-12-19,24.7,20.44,22.41,15.72,66.47,3.11,3.76,12.11,0.7,0.28,0.22,0.23
2019-12-20,24.65,19.47,21.58,10.89,51.64,3.56,4.34,14.72,0.01,0.25,0.22,0.23
2019-12-21,24.35,16.91,20.48,7.71,45.26,3.32,4.18,15.28,0.0,0.23,0.22,0.22
2019-12-22,25.38,17.5,21.08,9.19,47.78,2.94,3.69,15.04,0.0,0.23,0.21,0.22
2019-12-23,24.52,17.78,20.73,8.77,48.15,1.86,2.34,14.9,0.0,0.23,0.21,0.22
2019-12-24,24.49,19.66,21.44,9.03,45.88,1.44,1.71,14.88,0.0,0.22,0.21,0.22
2019-12-25,26.08,17.32,21.26,10.19,51.05,2.39,2.97,15.1,0.0,0.22,0.21,0.22
2019-12-26,25.71,17.75,21.28,11.22,54.24,2.39,3.01,15.13,0.0,0.22,0.21,0.22
2019-12-27,24.38,19.52,21.57,12.41,56.49,2.19,2.67,13.85,0.0,0.22,0.21,0.22
2019-12-28,24.26,19.32,21.27,13.08,60.89,1.74,2.1,14.53,0.0,0.21,0.21,0.22
2019-12-29,25.02,19.23,21.79,15.42,68.0,2.48,2.96,14.45,0.0,0.21,0.21,0.22
2019-12-30,25.4,19.56,21.86,16.14,71.04,2.33,2.83,13.46,0.0,0.21,0.21,0.22
2019-12-31,25.42,20.16,22.15,13.78,60.31,2.46,3.01,13.98,0.0,0.21,0.21,0.21
2020-01-01,25.31,18.65,21.77,13.17,60.45,3.56,4.46,13.38,0.0,0.21,0.21,0.21
2020-01-02,26.31,20.39,22.76,15.78,66.39,2.16,2.64,12.62,0.0,0.2,0.21,0.21
2020-01-03,27.09,20.0,23.02,12.77,53.86,1.2,1.46,13.03,0.0,0.2,0.2,0.21
2020-01-04,28.42,19.87,23.78,12.69,52.15,2.48,3.18,14.22,0.0,0.2,0.2,0.21
2020-01-05,26.88,20.2,23.2,14.68,59.8,5.44,6.64,11.55,0.01,0.19,0.2,0.21
2020-01-06,23.0,18.69,20.42,12.8,62.36,4.21,5.07,12.13,0.32,0.2,0.2,0.21
2020-01-07,23.97,18.46,20.74,9.47,49.02,2.39,2.96,15.46,0.0,0.2,0.2,0.21
2020-01-08,24.87,17.42,20.84,9.84,51.1,3.43,4.29,15.69,0.0,0.19,0.2,0.21
2020-01-09,26.25,17.3,21.06,9.7,52.3,3.59,4.34,13.27,5.35,0.21,0.2,0.21
2020-01-10,22.13,18.46,20.41,17.34,82.68,5.51,6.57,4.7,52.6,0.53,0.27,0.26
2020-01-11,22.04,18.17,20.16,15.32,74.68,6.85,8.25,10.09,49.78,0.6,0.38,0.36
2020-01-12,19.67,16.68,18.14,10.22,60.2,7.27,8.89,10.79,6.7,0.53,0.39,0.38
2020-01-13,20.34,14.7,17.78,8.35,54.88,2.9,3.73,14.82,0.01,0.49,0.37,0.38
2020-01-14,20.11,17.59,18.97,11.91,63.93,5.23,6.34,9.53,5.09,0.49,0.36,0.38
2020-01-15,19.3,14.87,16.92,9.31,62.21,5.63,6.83,15.12,7.06,0.52,0.37,0.39
2020-01-16,20.27,13.24,16.61,7.07,54.42,2.84,3.61,16.05,0.0,0.48,0.37,0.39
2020-01-17,22.21,14.87,17.96,8.74,55.7,3.04,3.79,16.69,0.0,0.48,0.36,0.38
2020-01-18,24.28,15.6,19.64,9.6,53.45,2.05,2.64,16.38,0.0,0.47,0.36,0.38
2020-01-19,24.11,15.9,19.86,10.68,56.98,2.39,3.04,16.07,0.0,0.47,0.36,0.38
2020-01-20,23.91,17.21,19.96,13.02,66.03,3.08,3.88,15.51,0.0,0.46,0.35,0.37
2020-01-21,22.75,18.01,19.82,12.09,62.51,2.14,2.68,16.19,0.01,0.46,0.35,0.37
2020-01-22,24.57,15.01,19.7,13.11,66.92,3.22,3.91,15.91,0.03,0.46,0.35,0.37
2020-01-23,24.91,18.51,21.39,16.83,76.7,4.51,5.54,13.76,1.03,0.46,0.35,0.37
2020-01-24,20.72,17.41,19.13,14.72,75.72,4.03,4.84,7.31,3.51,0.49,0.35,0.37
2020-01-25,21.28,16.75,18.63,12.74,69.09,3.08,3.83,16.37,0.0,0.46,0.35,0.37
2020-01-26,19.5,16.56,17.74,10.65,63.92,6.46,7.92,12.02,0.16,0.46,0.34,0.36
2020-01-27,20.93,16.23,18.18,10.14,60.09,3.2,4.04,16.44,0.0,0.45,0.34,0.36
2020-01-28,21.47,16.02,18.47,9.88,57.91,1.42,1.77,17.16,0.0,0.45,0.34,0.36
2020-01-29,22.54,15.39,18.84,9.55,55.6,1.57,1.86,16.65,0.0,0.45,0.34,0.35
2020-01-30,21.07,16.62,18.62,11.27,62.79,2.4,2.86,16.63,0.0,0.44,0.33,0.35
2020-01-31,21.88,15.95,18.33,11.23,64.88,1.44,1.83,17.45,0.01,0.44,0.33,0.35
2020-02-01,22.43,15.88,18.59,10.2,59.11,1.54,1.84,17.42,0.0,0.44,0.33,0.35
2020-02-02,23.18,16.19,18.98,11.94,65.22,2.58,3.1,15.84,0.04,0.44,0.33,0.34
2020-02-03,20.55,16.17,18.25,10.68,61.95,5.35,6.65,17.42,0.0,0.43,0.32,0.34
2020-02-04,22.18,16.03,18.61,10.48,59.9,2.04,2.52,18.06,0.0,0.42,0.32,0.34
2020-02-05,21.93,14.85,18.35,10.85,62.57,1.64,1.96,17.43,0.0,0.42,0.32,0.34
2020-02-06,24.25,15.07,19.28,12.97,69.03,1.68,2.01,17.67,0.0,0.42,0.32,0.33
2020-02-07,24.95,15.98,19.99,13.99,71.04,1.37,1.65,17.76,0.0,0.41,0.31,0.33
2020-02-08,26.79,16.62,21.43,14.37,66.3,2.91,3.73,17.79,0.0,0.41,0.31,0.33
2020-02-09,26.68,18.09,22.1,15.3,68.57,3.98,4.9,15.99,0.0,0.4,0.31,0.32
2020-02-10,25.31,19.45,21.99,15.45,67.93,3.62,4.42,12.06,0.09,0.4,0.3,0.32
2020-02-11,22.34,18.35,20.21,13.85,67.44,4.7,5.59,9.94,1.88,0.41,0.3,0.32
2020-02-12,18.88,15.27,17.45,9.28,59.08,7.37,8.84,16.42,0.56,0.41,0.3,0.32
2020-02-13,20.98,14.54,17.59,8.27,55.47,2.6,3.28,19.63,0.0,0.39,0.3,0.32
2020-02-14,21.87,16.25,18.42,10.13,59.38,2.54,3.06,20.08,0.0,0.38,0.3,0.32
2020-02-15,23.09,15.15,19.12,12.78,67.78,1.87,2.33,18.72,0.0,0.38,0.3,0.31
2020-02-16,25.62,16.2,20.86,13.26,63.59,3.04,3.77,18.36,0.0,0.37,0.29,0.31
2020-02-17,28.29,17.33,21.98,14.03,65.75,3.24,4.15,17.35,0.0,0.36,0.29,0.31
2020-02-18,27.34,17.24,21.76,13.35,63.05,2.41,3.06,16.08,0.0,0.36,0.29,0.3
2020-02-19,29.15,18.25,23.17,11.13,50.38,1.67,2.27,19.0,0.0,0.35,0.29,0.3
2020-02-20,28.78,19.28,23.4,12.89,55.08,2.82,3.69,18.33,0.0,0.34,0.28,0.3
2020-02-21,27.13,19.95,22.91,15.29,65.29,2.38,2.97,18.73,0.0,0.34,0.28,0.3
2020-02-22,27.98,20.74,23.79,18.68,74.85,3.53,4.38,17.24,0.0,0.34,0.28,0.29
2020-02-23,27.84,20.45,23.65,18.4,73.73,2.62,3.24,18.59,0.0,0.34,0.28,0.29
2020-02-24,29.41,20.09,24.48,16.74,65.22,1.93,2.59,17.8,0.0,0.33,0.27,0.29
2020-02-25,31.41,20.91,25.43,17.14,62.94,2.75,3.51,19.3,0.0,0.32,0.27,0.29
2020-02-26,27.93,19.95,23.39,16.7,67.75,6.01,7.3,16.16,0.08,0.32,0.27,0.28
2020-02-27,22.73,17.8,20.16,12.29,61.85,5.73,6.9,20.52,0.0,0.31,0.27,0.28
2020-02-28,24.39,17.4,20.46,14.73,71.07,2.07,2.53,19.92,0.0,0.31,0.27,0.28
2020-02-29,26.09,18.43,21.59,15.56,71.13,1.58,1.92,20.32,0.0,0.31,0.26,0.28
2020-03-01,27.48,18.64,22.43,14.69,64.56,1.65,2.05,20.49,0.0,0.3,0.26,0.27
2020-03-02,27.78,19.18,22.61,15.9,69.74,2.73,3.4,18.54,0.41,0.3,0.26,0.27
2020-03-03,24.22,18.63,20.92,14.48,69.39,5.45,6.64,22.2,0.61,0.31,0.26,0.27
2020-03-04,23.15,18.01,20.29,12.93,63.3,6.41,7.73,21.42,0.0,0.29,0.26,0.27
2020-03-05,25.11,18.16,21.38,12.88,59.65,1.83,2.21,21.5,0.01,0.29,0.25,0.27
2020-03-06,27.1,18.56,22.26,11.33,52.19,1.78,2.14,22.17,0.0,0.28,0.25,0.26
2020-03-07,28.43,20.27,23.57,12.59,53.35,1.44,1.82,22.31,0.0,0.27,0.25,0.26
2020-03-08,27.92,18.67,23.05,13.19,57.19,2.43,3.01,21.59,0.0,0.27,0.25,0.26
2020-03-09,24.9,19.47,21.85,15.04,67.14,2.72,3.2,18.3,0.1,0.27,0.24,0.26
2020-03-10,25.58,18.65,21.66,11.8,55.76,3.04,3.76,22.0,0.03,0.27,0.24,0.26
2020-03-11,25.79,17.1,20.86,9.28,50.86,1.94,2.42,23.3,0.0,0.26,0.24,0.25
2020-03-12,25.43,18.09,21.19,13.17,63.33,2.52,2.96,23.47,0.0,0.26,0.24,0.25
2020-03-13,28.18,17.11,22.56,9.76,48.94,1.54,1.93,22.64,0.0,0.25,0.24,0.25
2020-03-14,28.33,19.18,23.5,11.21,48.88,2.06,2.69,12.64,0.01,0.26,0.24,0.25
2020-03-15,29.12,20.88,24.71,14.06,56.62,2.74,3.47,19.59,0.0,0.25,0.23,0.25
2020-03-16,28.73,20.24,24.04,17.17,68.52,3.58,4.38,19.95,0.01,0.25,0.23,0.24
2020-03-17,28.87,20.24,24.39,17.27,67.25,2.71,3.33,21.54,0.02,0.24,0.23,0.24
2020-03-18,30.41,20.98,25.33,17.35,64.78,3.5,4.27,21.76,0.0,0.24,0.23,0.24
2020-03-19,29.67,22.13,26.22,16.93,58.96,3.06,3.76,19.54,0.16,0.24,0.23,0.24
2020-03-20,30.04,24.28,26.6,16.97,56.41,1.77,2.23,20.95,0.02,0.24,0.22,0.24
2020-03-21,28.77,22.83,25.52,18.78,67.27,3.96,4.95,10.26,3.42,0.28,0.23,0.24
2020-03-22,29.72,21.74,25.72,19.55,70.41,5.78,7.02,18.84,8.0,0.34,0.24,0.24
2020-03-23,23.03,18.99,20.99,11.32,54.74,7.57,9.07,22.65,0.0,0.3,0.24,0.25
2020-03-24,22.07,17.71,19.91,12.98,64.75,6.16,7.35,20.92,0.02,0.26,0.24,0.24
2020-03-25,24.0,18.45,20.97,14.01,65.17,2.84,3.43,23.24,0.16,0.26,0.23,0.24
2020-03-26,26.54,18.55,22.49,14.45,61.85,2.0,2.34,22.54,0.56,0.25,0.23,0.24
2020-03-27,28.83,19.89,24.24,13.85,55.66,2.82,3.55,20.53,0.22,0.25,0.23,0.24
2020-03-28,30.09,21.02,25.03,16.56,62.37,4.52,5.54,19.15,0.27,0.24,0.23,0.24
2020-03-29,30.8,22.43,26.02,16.56,59.03,5.26,6.48,14.32,6.43,0.3,0.23,0.24
2020-03-30,26.32,20.37,23.85,16.88,65.89,7.38,8.91,20.92,1.8,0.32,0.24,0.25
2020-03-31,26.33,19.13,22.49,15.21,65.29,4.9,5.94,25.55,0.0,0.27,0.24,0.24
2020-04-01,28.19,19.49,23.66,16.95,69.84,2.79,3.44,25.31,0.01,0.25,0.23,0.24
2020-04-02,30.77,20.19,25.36,15.89,61.04,1.47,1.88,21.92,0.0,0.24,0.23,0.24
2020-04-03,34.77,22.42,27.02,15.5,53.33,2.84,3.64,21.66,0.0,0.23,0.23,0.24
2020-04-04,34.29,23.42,28.48,14.84,47.07,2.47,3.26,22.03,0.0,0.22,0.22,0.24
2020-04-05,31.86,23.15,27.79,16.44,53.04,3.2,3.94,21.54,0.0,0.22,0.22,0.23
2020-04-06,29.26,20.93,24.45,17.75,71.35,4.13,4.94,23.91,0.02,0.22,0.22,0.23
2020-04-07,31.33,20.11,24.93,18.13,70.17,1.94,2.37,23.71,0.0,0.21,0.22,0.23
2020-04-08,32.74,21.27,26.65,16.35,57.13,1.64,1.99,23.97,0.04,0.21,0.22,0.23
2020-04-09,35.52,25.2,29.92,14.48,41.06,2.79,3.73,21.88,0.0,0.2,0.21,0.23
2020-04-10,38.16,24.35,30.4,16.42,48.65,4.01,5.02,21.24,0.01,0.19,0.21,0.22
2020-04-11,35.89,26.94,30.33,16.48,46.04,3.47,4.43,17.79,0.01,0.18,0.21,0.22
2020-04-12,32.61,26.14,28.6,18.96,58.52,3.72,4.67,11.38,0.03,0.19,0.21,0.22
2020-04-13,29.38,23.81,26.64,19.95,68.43,5.06,6.12,14.06,2.26,0.2,0.21,0.22
2020-04-14,29.61,23.08,26.11,18.24,62.95,2.77,3.3,24.3,1.04,0.27,0.22,0.22
2020-04-15,31.78,23.94,26.93,19.18,63.99,3.43,4.17,5.61,2.39,0.25,0.21,0.22
2020-04-16,28.35,22.48,25.22,18.33,66.41,3.25,3.8,19.63,0.4,0.26,0.22,0.22
2020-04-17,27.82,21.71,24.44,18.27,70.22,2.65,3.1,25.28,0.04,0.23,0.21,0.22
2020-04-18,31.12,21.44,25.76,17.11,63.04,1.97,2.33,23.28,0.0,0.2,0.21,0.22
2020-04-19,34.25,24.28,28.95,15.08,46.16,2.07,2.7,19.61,1.41,0.21,0.21,0.22
2020-04-20,30.66,25.19,27.51,18.85,60.26,2.74,3.49,11.38,13.48,0.31,0.22,0.23
2020-04-21,32.06,24.57,27.49,19.09,62.9,2.68,3.21,19.12,0.01,0.28,0.23,0.24
2020-04-22,30.37,23.83,26.53,19.38,67.32,4.02,4.77,25.55,0.28,0.25,0.23,0.24
2020-04-23,30.72,22.93,26.8,18.28,62.15,3.34,4.01,25.44,0.0,0.23,0.22,0.23
2020-04-24,32.18,24.06,27.79,17.27,55.97,3.01,3.68,26.87,0.0,0.22,0.22,0.23
2020-04-25,34.27,23.68,29.0,16.24,53.64,1.82,2.26,25.59,0.0,0.2,0.22,0.23
2020-04-26,36.39,27.32,32.28,10.33,28.38,1.44,1.89,25.28,0.0,0.19,0.22,0.23
2020-04-27,37.76,27.04,31.51,16.63,43.57,2.89,3.65,24.44,0.06,0.18,0.21,0.22
2020-04-28,33.32,25.12,28.99,18.72,58.63,2.65,3.29,17.13,0.04,0.18,0.21,0.22
2020-04-29,37.23,25.36,29.81,16.23,47.76,3.18,3.87,17.86,0.08,0.18,0.21,0.22
2020-04-30,36.73,27.47,32.65,16.99,41.98,3.61,4.58,19.62,0.0,0.17,0.21,0.22
2020-05-01,38.88,28.33,33.26,17.24,40.46,2.59,3.37,20.49,0.02,0.16,0.21,0.22
2020-05-02,35.32,26.58,30.3,19.14,55.67,2.12,2.59,23.93,0.58,0.17,0.21,0.22
2020-05-03,35.97,26.94,30.99,17.14,45.61,2.43,3.01,21.7,0.0,0.16,0.2,0.21
2020-05-04,33.83,25.5,29.18,18.58,58.08,2.85,3.41,27.04,0.03,0.15,0.2,0.21
2020-05-05,34.16,24.1,28.74,17.19,56.31,2.7,3.22,27.89,0.87,0.17,0.2,0.21
2020-05-06,35.05,25.01,29.6,12.18,39.24,2.04,2.38,28.47,0.19,0.16,0.2,0.21
2020-05-07,34.35,27.06,29.93,16.19,49.32,3.33,3.89,23.53,0.0,0.15,0.2,0.21
2020-05-08,35.06,25.44,29.2,19.56,64.47,4.73,5.64,28.67,0.0,0.15,0.2,0.21
2020-05-09,34.86,23.6,28.81,20.23,65.59,2.98,3.55,28.13,0.0,0.14,0.2,0.21
2020-05-10,36.65,25.03,30.26,20.87,63.53,2.49,3.01,25.4,0.0,0.14,0.2,0.21
2020-05-11,35.99,26.89,30.6,22.66,66.8,5.41,6.44,25.53,0.0,0.14,0.2,0.2
2020-05-12,33.37,25.67,29.09,19.26,60.85,7.56,9.03,28.24,0.0,0.13,0.19,0.2
2020-05-13,31.73,25.23,27.92,18.92,60.61,7.08,8.48,27.8,0.0,0.13,0.19,0.2
2020-05-14,37.42,23.62,30.0,18.28,56.56,1.92,2.3,26.33,0.0,0.12,0.19,0.2
2020-05-15,37.77,26.13,31.59,18.03,48.53,1.97,2.43,24.63,0.0,0.12,0.19,0.2
2020-05-16,38.2,27.04,32.45,19.98,52.25,2.22,2.71,24.94,0.0,0.12,0.19,0.2
2020-05-17,37.67,28.25,32.41,18.93,48.65,2.37,2.88,25.7,0.0,0.11,0.19,0.2
2020-05-18,37.34,27.98,32.27,16.62,43.69,2.09,2.49,27.01,0.0,0.11,0.19,0.2
2020-05-19,38.08,28.6,32.5,17.17,43.96,2.3,2.72,25.18,0.0,0.11,0.19,0.19
2020-05-20,37.11,28.25,31.52,17.4,47.06,2.03,2.4,23.13,0.0,0.11,0.19,0.19
2020-05-21,36.93,28.33,32.44,14.82,38.17,2.13,2.57,26.4,0.01,0.11,0.19,0.19
2020-05-22,38.14,28.04,32.97,17.6,43.63,2.71,3.33,26.81,0.01,0.1,0.18,0.19
2020-05-23,37.85,27.46,32.6,18.53,48.34,1.67,1.96,27.02,0.0,0.1,0.18,0.19
2020-05-24,39.52,29.33,34.68,17.57,38.39,2.34,3.01,24.65,0.01,0.1,0.18,0.19
2020-05-25,38.34,29.63,33.5,21.07,49.94,2.37,2.96,24.26,0.06,0.1,0.18,0.19
2020-05-26,37.07,29.75,33.14,19.31,46.49,2.36,2.8,26.32,0.09,0.1,0.18,0.19
2020-05-27,36.87,28.59,32.43,21.23,54.78,3.07,3.57,26.14,0.07,0.1,0.18,0.19
2020-05-28,38.12,28.74,33.11,22.05,56.89,2.51,2.94,26.77,0.07,0.1,0.18,0.19
2020-05-29,39.08,29.67,34.16,18.55,43.89,2.18,2.62,26.58,0.06,0.1,0.18,0.19
2020-05-30,38.09,29.03,33.79,20.39,48.18,3.08,3.74,25.02,0.07,0.1,0.18,0.18
2020-05-31,38.23,29.3,33.33,22.47,54.7,4.24,5.1,23.81,0.04,0.1,0.18,0.18
2020-06-01,38.3,31.23,34.17,22.29,51.44,4.23,5.06,24.48,0.0,0.1,0.18,0.18
2020-06-02,37.03,30.06,33.57,21.71,51.82,4.14,4.98,26.07,0.0,0.1,0.18,0.18
2020-06-03,37.27,28.94,32.79,23.15,62.08,4.14,4.92,26.59,0.01,0.1,0.18,0.18
2020-06-04,41.04,29.2,34.11,24.44,62.74,2.36,2.84,26.26,0.02,0.1,0.17,0.18
2020-06-05,43.73,29.27,35.27,23.03,57.51,2.04,2.45,25.19,0.01,0.1,0.17,0.18
2020-06-06,46.11,30.35,36.68,21.16,52.55,2.12,2.51,25.92,0.0,0.09,0.17,0.18
2020-06-07,43.83,30.35,36.19,22.73,53.25,1.93,2.31,25.2,0.0,0.08,0.17,0.18
2020-06-08,41.26,29.92,34.8,23.36,58.12,2.07,2.42,26.79,0.0,0.08,0.17,0.18
2020-06-09,41.36,29.39,35.38,23.45,53.88,2.22,2.64,26.59,0.02,0.08,0.17,0.18
2020-06-10,41.98,30.69,36.0,22.3,49.12,2.42,2.81,25.87,0.05,0.08,0.17,0.18
2020-06-11,40.97,31.27,35.48,23.52,56.19,2.33,2.7,27.22,0.03,0.08,0.17,0.18
2020-06-12,39.86,30.07,34.71,22.85,57.14,3.1,3.67,27.58,0.02,0.08,0.17,0.17
2020-06-13,40.82,29.09,34.72,23.26,58.32,2.88,3.43,28.07,0.0,0.08,0.17,0.17
2020-06-14,41.66,29.23,35.13,22.85,56.15,2.53,2.97,26.52,0.0,0.08,0.17,0.17
2020-06-15,40.82,30.18,35.17,23.36,57.88,3.3,3.87,25.75,0.01,0.08,0.17,0.17
2020-06-16,41.79,30.18,35.28,23.21,58.11,2.97,3.48,26.13,0.0,0.08,0.17,0.17
2020-06-17,45.02,30.34,36.79,22.63,53.75,2.22,2.61,28.17,0.0,0.08,0.17,0.17
2020-06-18,42.94,31.03,36.27,23.7,54.78,2.06,2.38,27.17,0.0,0.08,0.17,0.17
2020-06-19,41.94,32.06,36.52,24.46,52.8,2.71,3.2,26.29,0.0,0.07,0.17,0.17
2020-06-20,41.3,32.18,35.59,25.02,57.28,2.32,2.64,26.09,0.37,0.09,0.17,0.17
2020-06-21,40.18,30.65,34.38,23.01,56.62,3.01,3.41,26.05,0.11,0.09,0.17,0.17
2020-06-22,37.18,30.45,33.32,23.58,60.06,5.25,6.12,27.75,0.01,0.09,0.17,0.17
2020-06-23,38.01,29.68,33.69,22.12,53.44,3.0,3.44,26.83,0.0,0.09,0.16,0.17
2020-06-24,40.82,30.76,35.53,23.58,52.25,2.28,2.67,25.56,0.07,0.09,0.16,0.17
2020-06-25,41.12,32.3,36.35,24.04,51.32,3.18,3.72,25.06,0.02,0.09,0.16,0.17
2020-06-26,42.1,31.73,37.23,23.33,47.67,2.03,2.39,24.98,0.0,0.09,0.16,0.17
2020-06-27,41.88,33.22,36.72,25.3,54.45,2.69,3.13,25.21,0.0,0.08,0.16,0.17
2020-06-28,40.19,31.85,35.47,24.22,55.31,2.48,2.84,25.7,0.0,0.08,0.16,0.17
2020-06-29,40.7,31.07,35.66,20.97,46.49,2.31,2.68,26.42,0.0,0.08,0.16,0.17
2020-06-30,41.22,31.56,36.1,20.82,45.0,1.86,2.18,27.28,0.01,0.08,0.16,0.17
2020-07-01,40.15,31.71,35.54,25.52,57.84,4.5,5.36,25.24,0.0,0.07,0.16,0.16
2020-07-02,40.69,31.43,36.04,23.39,51.11,4.19,4.95,26.41,0.0,0.07,0.16,0.16
2020-07-03,40.05,33.79,36.17,22.98,48.48,2.19,2.58,23.0,0.0,0.08,0.16,0.16
2020-07-04,41.47,33.33,36.86,23.49,49.23,1.71,2.04,24.0,0.0,0.08,0.16,0.16
2020-07-05,42.64,31.78,36.5,24.24,55.54,1.5,1.74,26.07,0.0,0.08,0.16,0.16
2020-07-06,41.54,30.88,35.85,19.73,46.15,2.33,2.78,27.46,0.0,0.07,0.16,0.16
2020-07-07,42.17,31.6,36.81,19.7,40.44,1.88,2.36,25.9,0.0,0.07,0.16,0.16
2020-07-08,43.15,32.29,37.42,22.95,46.47,3.3,3.95,25.23,0.0,0.07,0.16,0.16
2020-07-09,41.78,32.17,36.72,23.86,50.7,3.4,4.02,24.91,0.0,0.07,0.16,0.16
2020-07-10,42.31,33.19,37.24,24.87,52.73,2.72,3.18,25.69,0.0,0.07,0.16,0.16
2020-07-11,44.21,33.41,38.87,19.43,36.11,2.72,3.38,26.1,0.01,0.07,0.16,0.16
2020-07-12,45.3,34.38,39.59,18.84,32.45,2.46,3.12,24.92,0.0,0.07,0.16,0.16
2020-07-13,43.82,33.02,38.37,22.61,42.99,3.37,4.07,24.56,0.03,0.07,0.16,0.16
2020-07-14,42.44,34.15,37.72,22.96,45.14,3.06,3.66,25.15,0.03,0.07,0.16,0.16
2020-07-15,42.52,32.53,37.6,23.39,47.56,3.11,3.75,23.7,0.01,0.07,0.16,0.16
2020-07-16,42.69,32.39,37.36,22.81,46.41,4.9,5.87,25.44,0.0,0.07,0.16,0.16
2020-07-17,42.32,32.31,37.1,23.01,47.38,4.08,4.84,24.19,0.02,0.07,0.15,0.16
2020-07-18,41.53,33.45,37.11,23.0,46.22,2.99,3.55,24.42,0.06,0.07,0.15,0.16
2020-07-19,40.33,33.37,36.98,23.7,48.25,3.69,4.36,24.45,0.0,0.07,0.15,0.16
2020-07-20,39.32,33.53,36.3,23.74,49.79,2.92,3.42,24.3,0.0,0.07,0.15,0.16
2020-07-21,43.16,33.1,38.17,19.06,37.75,3.18,3.97,24.37,0.02,0.07,0.15,0.16
2020-07-22,38.69,30.86,34.24,24.94,60.42,6.69,7.91,24.44,0.0,0.07,0.15,0.16
2020-07-23,39.0,29.96,34.2,24.33,58.9,3.75,4.35,25.61,0.0,0.07,0.15,0.16
2020-07-24,39.77,30.23,35.12,23.81,54.15,3.04,3.54,24.98,0.0,0.07,0.15,0.16
2020-07-25,40.5,31.85,35.79,22.62,48.78,2.88,3.35,24.99,0.01,0.07,0.15,0.16
2020-07-26,40.09,32.51,35.65,23.2,50.79,2.75,3.23,24.24,0.01,0.07,0.15,0.16
2020-07-27,39.59,32.99,36.29,23.46,49.16,2.91,3.42,24.64,0.0,0.07,0.15,0.16
2020-07-28,40.51,33.57,36.42,23.59,49.33,3.58,4.18,24.42,0.0,0.07,0.15,0.15
2020-07-29,39.78,33.36,36.25,23.92,51.05,3.3,3.87,25.25,0.0,0.07,0.15,0.15
2020-07-30,40.14,31.99,35.86,25.22,56.74,2.45,2.82,25.64,0.0,0.07,0.15,0.15
2020-07-31,41.94,33.22,37.36,23.46,46.89,3.11,3.79,23.81,0.0,0.07,0.15,0.15
2020-08-01,39.92,32.62,36.07,25.01,55.19,4.18,5.0,24.19,0.0,0.07,0.15,0.15
2020-08-02,43.54,31.65,36.64,23.82,52.18,4.48,5.35,24.87,0.0,0.07,0.15,0.15
2020-08-03,41.58,32.11,36.67,22.79,48.21,2.96,3.46,24.44,0.0,0.07,0.15,0.15
2020-08-04,40.74,32.61,36.14,25.84,59.49,2.87,3.29,23.44,0.0,0.07,0.15,0.15
2020-08-05,44.39,31.47,36.86,23.65,54.95,2.41,2.82,24.87,0.0,0.07,0.15,0.15
2020-08-06,41.83,32.04,36.71,24.56,54.57,2.14,2.47,24.52,0.0,0.07,0.15,0.15
2020-08-07,41.55,32.37,36.3,25.72,58.31,3.07,3.57,22.56,0.0,0.07,0.15,0.15
2020-08-08,38.28,32.93,35.85,24.84,55.8,1.96,2.3,18.69,0.0,0.07,0.15,0.15
2020-08-09,39.92,33.05,36.31,21.01,43.0,3.07,3.58,20.65,0.0,0.07,0.15,0.15
2020-08-10,41.94,33.46,37.3,23.26,46.32,2.29,2.73,22.98,0.0,0.07,0.15,0.15
2020-08-11,42.04,33.62,36.79,25.34,53.74,2.82,3.27,22.27,0.0,0.07,0.15,0.15
2020-08-12,39.4,33.36,35.89,25.46,56.38,2.48,2.88,19.06,0.0,0.07,0.15,0.15
2020-08-13,40.43,33.13,35.56,25.62,58.88,3.75,4.3,22.14,0.0,0.07,0.15,0.15
2020-08-14,40.04,33.06,36.01,25.4,56.46,2.19,2.49,24.56,0.0,0.07,0.15,0.15
2020-08-15,41.29,32.24,36.44,25.89,56.65,2.54,2.92,24.21,0.0,0.07,0.15,0.15
2020-08-16,41.14,32.22,36.3,25.91,56.93,3.1,3.54,22.44,0.0,0.07,0.15,0.15
2020-08-17,40.18,32.48,35.8,25.24,58.05,3.01,3.41,23.62,0.0,0.07,0.15,0.15
2020-08-18,41.87,31.73,36.06,24.82,57.11,2.56,2.9,22.82,0.0,0.07,0.15,0.15
2020-08-19,43.0,32.42,36.66,25.32,55.22,3.73,4.33,22.67,0.01,0.07,0.15,0.15
2020-08-20,43.28,33.63,37.1,25.48,54.52,2.76,3.17,21.63,0.0,0.07,0.15,0.15
2020-08-21,42.93,33.93,37.29,24.3,49.94,2.53,2.96,16.55,0.01,0.07,0.15,0.15
2020-08-22,39.24,31.31,34.89,25.39,59.61,5.49,6.41,19.95,0.02,0.07,0.15,0.15
2020-08-23,38.77,31.34,34.63,25.62,60.89,4.79,5.6,20.77,0.0,0.07,0.15,0.15
2020-08-24,39.32,31.37,34.96,24.98,58.2,3.6,4.23,22.91,0.02,0.07,0.15,0.15
2020-08-25,38.91,30.89,34.68,24.88,58.69,3.38,3.94,22.25,0.05,0.07,0.15,0.15
2020-08-26,37.89,31.29,34.6,25.25,59.41,4.21,4.94,22.79,0.05,0.07,0.15,0.15
2020-08-27,39.7,31.24,35.05,23.92,54.67,4.93,5.79,21.57,0.4,0.09,0.15,0.15
2020-08-28,41.11,31.38,36.3,22.87,48.75,3.14,3.74,21.99,0.12,0.09,0.15,0.15
2020-08-29,41.09,31.72,36.16,22.68,48.47,2.31,2.69,22.89,0.09,0.09,0.15,0.15
2020-08-30,41.62,33.24,37.06,19.59,40.38,2.66,3.25,20.09,0.44,0.09,0.15,0.15
2020-08-31,40.99,31.1,36.35,11.85,26.04,2.84,3.51,23.86,0.14,0.08,0.15,0.15
2020-09-01,40.47,31.61,36.18,11.8,25.13,2.93,3.72,23.2,0.0,0.07,0.15,0.15
2020-09-02,40.11,30.55,34.87,16.23,36.42,2.53,3.04,21.92,0.0,0.07,0.15,0.15
2020-09-03,40.06,30.88,35.25,17.42,39.34,1.73,2.15,21.61,0.0,0.06,0.15,0.15
2020-09-04,41.08,30.5,35.48,16.01,36.62,1.87,2.32,23.8,0.0,0.06,0.15,0.15
2020-09-05,39.77,30.54,34.67,17.03,37.99,2.51,3.03,24.19,0.0,0.06,0.15,0.15
2020-09-06,39.46,29.05,33.93,19.07,44.63,2.35,2.81,22.56,0.0,0.06,0.15,0.15
2020-09-07,39.93,29.73,34.26,19.02,44.56,2.51,2.95,24.5,0.01,0.06,0.15,0.15
2020-09-08,36.49,29.57,32.84,24.37,64.04,3.72,4.35,22.78,1.79,0.11,0.15,0.15
2020-09-09,37.47,29.6,33.28,22.7,57.97,2.14,2.49,22.1,0.75,0.14,0.15,0.15
2020-09-10,40.4,29.68,34.56,20.26,46.56,2.05,2.47,22.09,0.1,0.12,0.15,0.15
2020-09-11,41.09,29.95,35.01,22.41,53.13,1.97,2.38,22.55,0.11,0.1,0.15,0.15
2020-09-12,42.07,31.61,36.86,17.91,38.88,2.59,3.25,22.74,0.07,0.09,0.15,0.15
2020-09-13,40.88,31.43,36.11,14.78,30.88,2.04,2.55,22.79,0.02,0.08,0.15,0.15
2020-09-14,40.22,29.93,35.08,17.47,40.22,2.91,3.59,23.11,0.0,0.08,0.15,0.15
2020-09-15,39.76,29.22,34.44,13.99,34.02,2.66,3.37,23.51,0.0,0.07,0.15,0.15
2020-09-16,39.76,28.99,34.13,16.38,39.15,2.63,3.21,23.2,0.0,0.07,0.15,0.15
2020-09-17,40.01,29.34,34.29,17.22,43.84,2.27,2.82,23.87,0.0,0.07,0.15,0.15
2020-09-18,39.66,29.7,34.07,17.28,43.59,2.14,2.64,22.97,0.0,0.06,0.15,0.15
2020-09-19,39.64,29.38,33.7,19.29,50.65,2.35,2.84,23.27,0.0,0.06,0.15,0.15
2020-09-20,39.23,29.05,33.23,20.54,53.71,2.18,2.6,23.52,0.0,0.06,0.15,0.15
2020-09-21,39.36,29.35,33.66,18.93,48.35,2.58,3.11,23.66,0.0,0.06,0.15,0.15
2020-09-22,40.4,28.36,33.83,17.82,48.12,2.26,2.77,23.75,0.0,0.06,0.15,0.15
2020-09-23,40.88,29.07,34.62,15.72,38.71,2.08,2.54,21.57,0.0,0.06,0.15,0.15
2020-09-24,40.63,29.59,34.78,13.34,32.54,2.35,2.95,22.32,0.0,0.05,0.15,0.15
2020-09-25,39.41,28.27,33.32,16.83,41.24,2.25,2.73,21.44,0.0,0.05,0.15,0.15
2020-09-26,38.24,28.65,32.77,21.19,55.55,1.82,2.11,22.35,0.0,0.05,0.15,0.15
2020-09-27,38.31,28.53,32.8,22.22,58.95,2.21,2.59,21.87,0.0,0.05,0.15,0.15
2020-09-28,37.23,29.02,32.4,23.06,62.48,2.05,2.39,21.56,0.0,0.05,0.15,0.15
2020-09-29,38.37,28.31,32.86,17.79,45.87,1.81,2.19,21.42,0.0,0.05,0.15,0.15
2020-09-30,38.53,29.07,33.41,18.88,46.48,2.94,3.57,20.3,0.0,0.05,0.15,0.15
2020-10-01,38.22,28.5,32.79,18.33,46.63,3.31,3.91,19.28,0.0,0.05,0.15,0.15
2020-10-02,37.19,29.25,32.63,18.32,45.71,2.17,2.52,20.53,0.01,0.05,0.15,0.15
2020-10-03,37.18,29.56,32.8,21.82,56.07,2.21,2.61,19.22,0.0,0.06,0.15,0.15
2020-10-04,38.45,29.45,33.02,21.2,54.87,2.14,2.54,19.55,0.0,0.06,0.15,0.15
2020-10-05,37.06,29.65,32.97,21.62,55.16,2.5,3.01,20.15,0.0,0.06,0.15,0.15
2020-10-06,37.3,29.59,32.9,21.27,54.47,2.45,2.93,20.49,0.0,0.06,0.15,0.15
2020-10-07,38.33,28.83,33.14,20.47,51.48,1.85,2.2,19.86,0.0,0.06,0.15,0.15
2020-10-08,36.82,28.08,32.32,20.68,53.55,2.1,2.46,19.74,0.0,0.06,0.15,0.15
2020-10-09,37.14,29.77,32.74,22.23,56.91,2.66,3.15,19.83,0.0,0.06,0.15,0.15
2020-10-10,36.12,29.67,32.4,21.3,53.99,2.93,3.48,19.82,0.0,0.06,0.15,0.15
2020-10-11,37.01,29.69,32.6,18.05,45.25,2.38,2.86,19.38,0.0,0.06,0.15,0.15
2020-10-12,36.01,29.85,32.61,18.12,44.97,1.24,1.48,18.96,0.0,0.06,0.15,0.15
2020-10-13,35.52,28.14,31.47,11.69,32.25,3.58,4.31,20.03,0.0,0.06,0.15,0.15
2020-10-14,34.98,26.81,30.37,8.63,29.01,3.02,3.72,20.49,0.0,0.06,0.15,0.15
2020-10-15,35.25,24.98,30.04,8.46,29.21,2.6,3.19,21.62,0.0,0.05,0.15,0.15
2020-10-16,34.89,26.36,30.31,9.88,31.17,2.04,2.44,20.76,0.0,0.05,0.15,0.15
2020-10-17,34.98,26.93,30.4,10.04,31.68,2.38,2.83,20.55,0.0,0.05,0.15,0.15
2020-10-18,35.13,25.38,30.22,8.3,29.87,3.22,3.95,20.77,0.0,0.05,0.15,0.15
2020-10-19,35.43,24.78,30.03,9.66,31.56,2.68,3.28,20.47,0.0,0.05,0.15,0.15
2020-10-20,35.04,25.35,29.84,11.15,34.49,1.83,2.22,20.34,0.0,0.05,0.15,0.15
2020-10-21,35.35,24.63,29.54,10.56,35.34,2.62,3.23,19.4,0.0,0.05,0.15,0.15
2020-10-22,34.37,25.88,29.18,14.72,45.34,2.3,2.84,19.79,0.0,0.05,0.15,0.15
2020-10-23,34.58,25.74,29.62,13.32,41.54,1.84,2.25,19.55,0.0,0.05,0.15,0.15
2020-10-24,34.22,25.05,29.94,10.98,33.65,2.59,3.12,19.33,0.0,0.05,0.15,0.15
2020-10-25,33.36,24.74,29.23,10.47,33.35,3.03,3.7,18.82,0.0,0.05,0.15,0.15
2020-10-26,33.3,24.38,28.68,12.33,39.62,2.26,2.85,19.06,0.0,0.05,0.15,0.15
2020-10-27,32.48,23.1,27.75,12.91,44.95,2.02,2.49,19.45,0.0,0.05,0.15,0.15
2020-10-28,33.07,25.4,28.52,14.76,46.13,2.23,2.68,18.54,0.0,0.05,0.15,0.15
2020-10-29,33.8,24.39,28.67,14.03,45.77,2.22,2.78,18.07,0.0,0.05,0.15,0.15
2020-10-30,33.34,23.97,28.12,14.61,47.74,1.91,2.3,17.93,0.0,0.05,0.15,0.15
2020-10-31,33.34,24.58,28.44,16.82,53.65,1.87,2.24,18.7,0.0,0.05,0.15,0.15
2020-11-01,32.95,24.48,27.92,18.41,59.73,1.96,2.34,17.88,0.0,0.05,0.15,0.15
2020-11-02,32.07,25.33,27.88,18.19,57.78,1.87,2.22,17.07,0.0,0.05,0.15,0.15
2020-11-03,32.23,25.69,28.09,16.84,52.32,2.19,2.65,17.68,0.0,0.05,0.15,0.15
2020-11-04,32.33,25.46,28.17,17.46,54.28,2.33,2.83,17.62,0.0,0.05,0.15,0.15
2020-11-05,31.74,25.54,28.06,18.15,56.68,1.54,1.81,17.26,0.0,0.05,0.15,0.15
2020-11-06,32.27,23.85,27.83,16.18,52.65,1.69,2.1,16.61,0.0,0.05,0.15,0.15
2020-11-07,32.22,23.6,28.14,17.56,55.19,2.44,2.94,15.98,0.02,0.05,0.15,0.15
2020-11-08,31.31,24.94,28.03,19.94,62.92,2.86,3.34,13.95,0.28,0.06,0.15,0.15
2020-11-09,31.61,25.82,28.36,18.77,57.25,2.01,2.38,16.12,0.01,0.07,0.15,0.15
2020-11-10,32.35,24.84,28.07,17.99,57.59,1.93,2.33,16.62,0.01,0.07,0.15,0.15
2020-11-11,32.86,25.3,28.37,17.33,54.97,1.6,1.95,15.91,0.0,0.07,0.15,0.15
2020-11-12,32.98,24.35,28.28,18.48,58.27,2.58,3.13,15.62,0.01,0.07,0.15,0.15
2020-11-13,32.32,24.64,28.28,18.35,57.41,2.48,2.99,15.24,0.02,0.07,0.15,0.15
2020-11-14,30.22,24.44,27.04,18.7,61.44,3.18,3.78,13.4,0.36,0.08,0.15,0.15
2020-11-15,29.86,23.82,26.39,14.54,50.13,4.08,4.82,14.6,0.03,0.09,0.15,0.15
2020-11-16,30.08,22.84,26.21,16.79,58.4,2.63,3.15,15.72,0.02,0.09,0.15,0.15
2020-11-17,29.86,23.13,26.06,17.0,58.89,2.1,2.52,14.35,0.0,0.09,0.15,0.15
2020-11-18,29.31,24.35,26.5,19.64,66.66,4.07,4.91,14.41,0.0,0.09,0.15,0.15
2020-11-19,29.33,24.49,26.47,15.83,53.11,1.98,2.45,15.02,0.0,0.09,0.15,0.15
2020-11-20,30.29,22.81,26.18,16.81,57.66,3.73,4.44,15.31,0.0,0.09,0.15,0.15
2020-11-21,30.24,22.49,26.0,16.47,57.74,2.07,2.54,15.1,0.0,0.09,0.15,0.15
2020-11-22,29.37,22.75,25.63,16.64,58.92,2.44,2.95,14.82,0.0,0.09,0.15,0.15
2020-11-23,27.62,23.14,25.17,17.82,64.19,5.57,6.73,13.31,0.02,0.09,0.15,0.15
2020-11-24,26.7,23.68,24.86,14.79,54.06,4.47,5.32,14.18,0.01,0.09,0.15,0.15
2020-11-25,28.46,22.12,24.89,13.61,51.77,3.28,3.87,15.27,0.0,0.09,0.15,0.15
2020-11-26,28.94,21.39,24.8,14.9,56.4,3.46,4.2,15.0,0.0,0.09,0.15,0.15
2020-11-27,27.87,21.63,24.46,14.96,56.83,3.62,4.3,13.75,0.0,0.09,0.15,0.15
2020-11-28,28.1,21.56,24.53,16.38,62.07,3.45,4.09,13.96,0.0,0.09,0.15,0.15
2020-11-29,27.73,20.72,24.23,16.02,61.56,2.38,2.89,14.35,0.0,0.09,0.15,0.15
2020-11-30,28.37,21.48,24.68,14.75,55.56,1.56,1.93,15.15,0.0,0.09,0.15,0.15
2020-12-01,29.13,22.21,25.1,13.02,49.24,1.25,1.48,14.91,0.0,0.08,0.15,0.15
2020-12-02,29.4,21.04,24.9,13.45,51.02,1.87,2.32,15.13,0.0,0.08,0.15,0.15
2020-12-03,27.97,22.83,24.68,18.72,70.19,2.87,3.45,14.57,0.0,0.08,0.15,0.15
2020-12-04,28.99,22.54,25.2,20.38,75.93,2.72,3.33,13.55,0.0,0.08,0.15,0.15
2020-12-05,30.16,23.2,26.01,19.7,70.42,1.83,2.25,13.97,0.12,0.09,0.15,0.15
2020-12-06,30.24,22.54,25.79,19.22,69.17,2.79,3.3,14.42,0.04,0.09,0.15,0.15
2020-12-07,26.08,22.23,24.02,17.8,69.01,5.08,6.1,13.55,2.01,0.15,0.15,0.15
2020-12-08,24.84,20.93,22.84,14.53,59.83,3.82,4.59,13.77,0.22,0.14,0.15,0.15
2020-12-09,25.41,21.25,23.1,12.42,51.37,1.92,2.34,14.03,3.45,0.18,0.16,0.16
2020-12-10,24.8,20.64,22.52,13.91,58.89,2.69,3.33,14.08,1.7,0.2,0.16,0.16
2020-12-11,26.21,21.47,23.32,12.35,50.91,1.87,2.3,13.91,0.0,0.15,0.16,0.16
2020-12-12,25.64,20.81,22.77,12.04,51.53,2.6,3.21,13.11,0.02,0.13,0.16,0.16
2020-12-13,25.22,20.51,22.56,11.24,49.49,1.49,1.87,13.79,0.0,0.12,0.16,0.16
2020-12-14,25.77,20.26,22.74,11.35,49.65,1.56,1.9,14.42,0.0,0.12,0.16,0.16
2020-12-15,26.4,19.01,22.18,8.49,43.51,2.57,3.25,14.4,0.0,0.11,0.16,0.16
2020-12-16,27.21,19.03,22.63,12.7,55.56,3.15,3.91,14.7,0.0,0.11,0.16,0.16
2020-12-17,25.94,19.16,22.37,13.39,58.58,1.7,2.17,13.99,0.0,0.11,0.16,0.16
2020-12-18,26.14,19.32,22.39,12.57,54.97,1.55,1.92,14.65,0.0,0.11,0.16,0.16
2020-12-19,25.81,20.93,22.92,15.6,63.92,2.49,2.96,12.62,0.02,0.11,0.16,0.16
2020-12-20,25.97,21.16,22.92,14.87,61.42,2.88,3.54,12.89,0.0,0.11,0.16,0.16
2020-12-21,25.74,20.68,22.61,13.18,55.87,2.23,2.73,14.4,0.0,0.1,0.16,0.16
2020-12-22,25.34,20.39,22.24,12.75,55.58,2.0,2.44,13.75,0.0,0.1,0.16,0.16
2020-12-23,25.81,20.4,22.59,11.15,49.61,1.9,2.32,14.42,0.0,0.1,0.16,0.16
2020-12-24,24.93,20.08,22.05,11.18,50.89,2.17,2.6,14.77,0.0,0.1,0.16,0.16
2020-12-25,24.29,18.58,21.46,14.15,63.69,4.43,5.32,11.66,0.0,0.1,0.16,0.16
2020-12-26,23.99,18.81,21.76,10.05,48.4,3.35,4.12,12.37,0.0,0.1,0.16,0.16
2020-12-27,23.65,17.66,20.33,5.66,39.83,4.69,5.71,13.89,0.0,0.1,0.16,0.16
2020-12-28,24.86,17.09,20.47,5.45,39.21,2.48,3.18,15.02,0.0,0.1,0.16,0.16
2020-12-29,24.97,18.39,21.08,7.93,43.6,1.97,2.35,14.8,0.0,0.1,0.16,0.16
2020-12-30,25.95,18.36,21.74,9.04,46.18,2.7,3.34,14.07,0.0,0.1,0.16,0.16
2020-12-31,26.18,18.84,21.93,11.71,54.16,2.73,3.41,14.31,0.0,0.1,0.16,0.16
2021-01-01,25.68,18.28,21.61,10.38,50.64,2.2,2.78,14.12,0.01,0.1,0.16,0.16
2021-01-02,25.2,18.07,21.16,8.97,47.12,2.03,2.5,14.39,0.03,0.1,0.16,0.16
2021-01-03,24.26,19.82,21.56,11.41,53.28,1.75,2.11,14.45,0.82,0.12,0.16,0.16
2021-01-04,24.08,17.9,20.59,5.55,39.11,2.37,2.88,15.59,0.0,0.12,0.16,0.16
2021-01-05,24.31,17.03,20.31,4.31,36.48,2.22,2.68,15.64,0.0,0.11,0.16,0.16
2021-01-06,24.34,18.36,20.68,6.28,40.49,2.07,2.5,14.75,0.0,0.11,0.16,0.16
2021-01-07,22.96,16.79,19.49,5.97,43.42,4.58,5.65,14.39,0.0,0.1,0.16,0.16
2021-01-08,22.14,14.55,18.08,0.75,34.3,4.64,5.63,15.91,0.0,0.1,0.16,0.16
2021-01-09,23.55,14.54,18.58,1.23,34.31,3.2,4.03,16.04,0.0,0.1,0.16,0.16
2021-01-10,24.11,15.18,19.34,2.36,34.12,2.29,2.77,16.52,0.0,0.1,0.16,0.16
2021-01-11,24.35,16.31,19.83,4.33,37.84,1.78,2.15,16.32,0.0,0.09,0.16,0.16
2021-01-12,24.85,17.43,20.54,6.11,41.08,2.15,2.63,16.4,0.0,0.09,0.16,0.16
2021-01-13,23.98,18.24,20.37,9.41,51.12,2.57,3.12,16.01,0.0,0.09,0.15,0.16
2021-01-14,23.0,17.32,19.72,13.86,70.04,3.06,3.82,16.09,0.0,0.09,0.15,0.16
2021-01-15,24.23,18.11,20.31,14.17,69.16,2.91,3.55,16.19,0.0,0.1,0.15,0.16
2021-01-16,24.01,17.11,20.21,13.27,66.23,3.24,4.0,15.85,0.0,0.1,0.15,0.16
2021-01-17,24.37,17.49,20.66,13.55,65.52,2.6,3.12,15.25,0.0,0.1,0.15,0.16
2021-01-18,26.49,19.51,22.08,14.05,63.63,2.98,3.64,15.12,0.0,0.1,0.15,0.16
2021-01-19,25.88,18.74,21.54,15.28,71.03,3.89,4.88,16.5,0.0,0.1,0.15,0.16
2021-01-20,24.63,18.3,20.93,14.44,68.11,3.28,4.11,16.3,0.0,0.1,0.15,0.16
2021-01-21,25.19,18.71,21.24,15.07,69.45,5.42,6.58,14.98,0.0,0.1,0.15,0.16
2021-01-22,22.68,17.88,20.23,9.78,51.68,3.93,4.73,15.81,0.0,0.1,0.15,0.16
2021-01-23,24.29,16.18,19.74,5.79,43.58,2.62,3.32,13.17,0.0,0.1,0.15,0.16
2021-01-24,23.32,15.93,19.16,5.33,41.91,2.39,3.01,15.53,0.0,0.1,0.15,0.16
2021-01-25,23.92,17.68,20.21,13.82,68.5,2.07,2.54,16.0,0.0,0.09,0.15,0.16
2021-01-26,24.08,18.33,20.48,14.04,68.27,3.34,4.05,15.97,0.0,0.09,0.15,0.16
2021-01-27,25.15,18.03,21.28,12.42,59.38,1.77,2.28,16.65,0.0,0.1,0.15,0.16
2021-01-28,26.83,17.64,21.72,9.04,48.21,1.84,2.32,17.4,0.0,0.09,0.15,0.16
2021-01-29,27.39,16.84,21.59,9.66,50.0,2.15,2.73,17.28,0.0,0.09,0.15,0.16
2021-01-30,26.8,18.33,22.03,11.67,54.14,2.9,3.58,16.84,0.0,0.09,0.15,0.16
2021-01-31,24.76,17.8,20.69,13.54,64.93,3.79,4.57,16.37,0.0,0.09,0.15,0.16
2021-02-01,23.32,17.33,19.96,12.52,63.54,5.44,6.65,17.56,0.0,0.09,0.15,0.16
2021-02-02,24.97,17.4,20.52,12.35,61.65,1.95,2.49,17.65,0.0,0.09,0.15,0.15
2021-02-03,26.16,17.98,21.26,13.11,63.0,1.66,1.99,18.13,0.0,0.09,0.15,0.15
2021-02-04,27.41,18.89,22.27,12.03,56.79,1.84,2.31,18.47,0.0,0.09,0.15,0.15
2021-02-05,27.99,17.57,22.42,14.4,65.27,3.02,3.79,18.57,0.01,0.09,0.15,0.15
2021-02-06,26.9,18.11,22.23,14.44,65.09,3.21,3.9,17.98,0.0,0.09,0.15,0.15
2021-02-07,26.53,18.3,22.2,13.4,60.51,2.89,3.52,15.86,0.0,0.09,0.15,0.15
2021-02-08,25.81,18.63,21.82,15.2,68.08,2.9,3.51,17.66,0.0,0.09,0.15,0.15
2021-02-09,26.65,19.39,22.32,15.98,69.54,2.96,3.63,17.05,0.0,0.09,0.15,0.15
2021-02-10,26.64,19.63,22.66,13.36,61.67,1.94,2.48,16.08,0.0,0.09,0.15,0.15
2021-02-11,27.54,19.82,22.63,15.42,68.41,2.31,2.81,17.71,0.0,0.09,0.15,0.15
2021-02-12,25.98,19.14,21.99,14.63,66.6,2.74,3.34,17.82,0.0,0.09,0.15,0.15
2021-02-13,26.81,18.7,21.89,14.88,68.02,1.9,2.27,18.35,0.0,0.09,0.15,0.15
2021-02-14,26.31,19.74,22.14,14.63,64.88,1.99,2.4,17.74,0.0,0.09,0.15,0.15
2021-02-15,28.32,18.29,22.24,13.26,62.06,1.72,2.06,19.45,0.0,0.09,0.15,0.15
2021-02-16,29.11,18.04,22.93,13.15,59.0,1.33,1.59,19.13,0.0,0.09,0.15,0.15
2021-02-17,30.83,19.45,24.61,12.83,53.45,2.17,2.85,19.22,0.0,0.08,0.15,0.15
2021-02-18,29.52,19.9,24.33,11.41,48.13,3.46,4.27,18.07,0.0,0.08,0.15,0.15
2021-02-19,26.84,21.7,23.56,13.4,55.99,3.08,3.76,14.75,0.01,0.08,0.15,0.15
2021-02-20,27.89,20.32,23.3,16.07,66.39,2.74,3.3,14.79,0.09,0.08,0.15,0.15
2021-02-21,27.71,21.01,23.94,14.78,58.46,2.59,3.2,13.89,0.0,0.09,0.15,0.15
2021-02-22,27.84,20.85,23.79,15.75,64.29,2.31,2.77,19.29,0.0,0.09,0.15,0.15
2021-02-23,27.85,20.44,23.72,15.85,65.43,3.58,4.32,18.83,0.0,0.09,0.15,0.15
2021-02-24,27.37,20.73,23.61,16.67,67.9,4.05,4.88,19.51,0.01,0.09,0.15,0.15
2021-02-25,28.33,21.17,24.27,16.42,64.4,2.78,3.31,13.94,0.0,0.09,0.15,0.15
2021-02-26,24.78,19.18,22.01,15.85,69.44,5.21,6.19,19.61,0.0,0.09,0.15,0.15
2021-02-27,23.87,18.09,20.62,12.79,61.71,3.73,4.48,20.36,0.0,0.09,0.15,0.15
2021-02-28,25.42,17.93,20.94,10.96,55.29,2.55,3.13,21.02,0.0,0.09,0.15,0.15
2021-03-01,28.31,17.52,22.5,8.47,44.11,1.19,1.44,21.03,0.0,0.08,0.15,0.15
2021-03-02,31.28,20.36,25.24,14.04,53.25,2.93,3.7,18.9,0.0,0.08,0.15,0.15
2021-03-03,31.04,22.35,26.08,15.32,55.28,3.16,3.93,20.49,0.0,0.08,0.15,0.15
2021-03-04,30.47,21.22,25.54,15.23,58.57,2.4,2.89,21.02,0.05,0.08,0.15,0.15
2021-03-05,36.04,23.23,27.8,10.63,41.37,2.54,3.11,21.69,0.0,0.08,0.15,0.15
2021-03-06,26.13,20.73,23.09,16.16,67.2,6.7,8.01,21.07,0.0,0.07,0.15,0.15
2021-03-07,24.68,19.07,21.73,13.74,61.55,6.1,7.25,22.45,0.0,0.07,0.15,0.15
2021-03-08,24.59,17.72,20.85,13.89,66.08,4.22,5.06,23.14,0.03,0.08,0.15,0.15
2021-03-09,28.53,18.57,23.12,13.35,58.87,3.24,3.96,19.95,0.01,0.08,0.15,0.15
2021-03-10,29.58,21.42,24.59,11.81,49.63,3.88,4.65,19.86,0.02,0.08,0.15,0.15
2021-03-11,29.59,20.14,24.19,15.79,66.26,4.51,5.48,21.63,0.1,0.08,0.15,0.15
2021-03-12,33.34,19.88,26.77,9.98,43.84,2.78,3.6,19.97,0.0,0.08,0.15,0.15
2021-03-13,29.6,21.84,25.14,10.91,44.03,6.53,7.86,18.45,0.0,0.07,0.15,0.15
2021-03-14,26.01,20.05,22.46,14.67,62.41,3.78,4.47,19.82,0.0,0.07,0.15,0.15
2021-03-15,27.46,19.21,22.42,13.99,61.49,2.55,3.04,22.6,0.0,0.08,0.15,0.15
2021-03-16,28.92,18.84,23.56,12.48,54.36,1.46,1.72,18.02,0.0,0.08,0.15,0.15
2021-03-17,31.87,23.4,26.71,8.63,35.65,1.99,2.44,17.84,0.0,0.07,0.15,0.15
2021-03-18,31.92,22.99,27.44,9.82,35.96,2.24,2.81,20.82,0.0,0.07,0.15,0.15
2021-03-19,33.58,23.69,27.97,11.41,40.91,3.28,4.13,20.56,0.0,0.07,0.15,0.15
2021-03-20,30.79,22.42,25.54,17.46,66.15,5.01,6.05,20.92,0.0,0.07,0.15,0.15
2021-03-21,27.99,21.31,24.11,14.68,59.2,7.94,9.58,24.11,0.0,0.07,0.15,0.15
2021-03-22,29.32,21.43,24.81,15.27,59.49,5.37,6.49,23.91,0.0,0.07,0.15,0.15
2021-03-23,29.86,20.16,24.67,16.54,66.33,3.01,3.68,23.07,0.71,0.08,0.15,0.15
2021-03-24,33.88,20.08,26.53,14.41,55.45,3.15,3.89,23.22,1.44,0.13,0.15,0.15
2021-03-25,35.39,22.06,28.15,16.1,56.8,2.89,3.63,22.02,1.06,0.13,0.15,0.15
2021-03-26,34.43,23.09,28.31,14.98,50.01,3.07,3.77,23.07,0.3,0.12,0.15,0.15
2021-03-27,34.26,26.05,29.34,11.87,36.92,2.09,2.64,23.33,0.0,0.11,0.15,0.15
2021-03-28,30.73,23.17,26.6,14.88,51.76,4.47,5.28,23.02,0.0,0.1,0.15,0.15
2021-03-29,28.49,22.54,25.01,17.36,64.2,5.53,6.57,23.39,0.0,0.1,0.15,0.15
2021-03-30,29.94,21.4,25.27,18.56,69.41,3.67,4.42,22.55,0.0,0.1,0.15,0.15
2021-03-31,32.38,22.02,26.17,17.61,65.84,2.25,2.68,24.91,0.0,0.09,0.15,0.15
2021-04-01,31.72,21.86,26.18,15.42,58.17,2.14,2.51,24.39,0.0,0.09,0.15,0.15
2021-04-02,34.56,22.72,27.9,12.8,44.65,2.05,2.42,24.13,0.0,0.09,0.15,0.15
2021-04-03,33.86,24.44,28.21,13.79,45.75,3.04,3.67,23.83,0.0,0.08,0.15,0.15
2021-04-04,29.88,22.92,25.9,18.92,67.7,5.47,6.5,24.43,0.0,0.08,0.15,0.15
2021-04-05,29.84,22.34,25.36,15.63,58.77,6.66,7.97,24.26,0.0,0.08,0.15,0.15
2021-04-06,32.35,21.06,25.92,14.57,54.67,3.03,3.69,25.61,0.0,0.08,0.15,0.15
2021-04-07,31.61,21.88,26.03,16.09,59.55,2.53,3.02,26.27,0.0,0.08,0.15,0.15
2021-04-08,33.52,21.56,26.75,15.16,56.56,1.87,2.21,25.56,0.0,0.07,0.15,0.15
2021-04-09,34.28,23.57,28.23,13.3,44.08,1.87,2.25,25.51,0.0,0.07,0.15,0.15
2021-04-10,36.88,24.57,30.21,14.84,45.73,2.39,3.09,24.85,0.0,0.07,0.15,0.15
2021-04-11,36.28,24.53,30.28,15.92,48.24,2.97,3.68,24.87,0.0,0.07,0.15,0.15
2021-04-12,35.61,25.93,30.61,15.43,43.84,2.53,3.17,24.46,0.0,0.06,0.15,0.15
2021-04-13,36.55,26.55,31.02,15.26,41.73,2.56,3.29,23.51,0.0,0.06,0.15,0.15
2021-04-14,36.48,28.06,31.61,14.14,37.15,2.09,2.66,20.64,0.1,0.06,0.15,0.15
2021-04-15,33.9,25.59,29.65,17.77,52.58,3.6,4.27,21.82,0.0,0.07,0.15,0.15
2021-04-16,31.53,24.37,27.39,17.53,58.25,4.49,5.31,23.64,0.0,0.07,0.15,0.15
2021-04-17,30.08,22.36,26.08,15.99,57.57,4.32,5.08,26.4,0.0,0.07,0.15,0.15
2021-04-18,31.54,22.63,26.87,14.31,52.4,3.28,3.87,23.44,0.0,0.07,0.15,0.15
2021-04-19,30.82,21.95,26.44,14.26,50.94,3.04,3.64,24.9,0.0,0.07,0.15,0.15
2021-04-20,33.33,23.74,27.88,16.96,54.86,2.17,2.53,24.83,0.0,0.07,0.15,0.15
2021-04-21,34.91,24.89,29.4,15.74,49.01,2.02,2.36,24.22,0.0,0.07,0.15,0.15
2021-04-22,35.5,26.15,30.02,15.69,47.24,2.25,2.66,25.44,0.0,0.06,0.15,0.15
2021-04-23,35.57,26.33,30.17,15.51,46.76,3.04,3.6,25.04,0.0,0.06,0.15,0.15
2021-04-24,35.16,25.87,30.41,12.36,38.01,2.35,2.84,25.43,0.0,0.06,0.15,0.15
2021-04-25,36.57,26.74,31.46,9.8,29.83,2.3,2.79,25.55,0.0,0.06,0.15,0.15
2021-04-26,37.19,28.69,32.1,10.46,30.06,2.59,3.26,25.35,0.0,0.06,0.15,0.15
2021-04-27,36.84,28.74,32.62,11.86,31.51,2.54,3.16,24.54,0.0,0.06,0.15,0.15
2021-04-28,36.65,28.3,32.49,15.36,37.6,2.16,2.71,22.94,0.12,0.06,0.15,0.15
2021-04-29,33.98,27.82,30.58,18.89,52.45,4.68,5.6,23.77,0.23,0.07,0.15,0.15
2021-04-30,33.39,26.8,29.75,17.97,53.21,4.08,4.77,23.24,0.22,0.08,0.15,0.15
2021-05-01,33.47,27.04,30.06,17.82,49.05,2.38,2.8,24.68,0.34,0.09,0.15,0.15
2021-05-02,34.09,26.11,29.97,14.49,41.29,2.01,2.35,25.65,0.01,0.09,0.15,0.15
2021-05-03,35.42,25.84,30.17,13.27,38.22,2.33,2.78,25.24,0.28,0.08,0.15,0.15
2021-05-04,36.31,27.34,31.93,17.25,43.38,3.25,4.03,22.32,0.84,0.09,0.15,0.15
2021-05-05,34.88,27.19,30.05,20.31,58.23,5.05,6.0,22.31,0.16,0.12,0.15,0.15
2021-05-06,34.92,25.76,29.88,20.3,61.53,1.86,2.2,24.51,0.01,0.11,0.15,0.15
2021-05-07,35.98,26.54,30.76,20.02,56.45,1.97,2.33,23.51,0.0,0.1,0.15,0.15
2021-05-08,37.37,27.38,31.61,19.14,52.0,2.11,2.56,25.59,0.0,0.09,0.15,0.15
2021-05-09,35.17,26.65,30.51,17.31,49.62,3.57,4.21,25.38,0.01,0.08,0.15,0.15
2021-05-10,33.05,24.67,28.91,19.76,61.83,4.18,4.98,27.61,0.0,0.08,0.15,0.15
2021-05-11,35.54,24.45,29.81,19.01,57.51,2.5,2.98,26.99,0.01,0.08,0.15,0.15
2021-05-12,36.89,26.21,31.21,19.98,57.35,2.03,2.39,26.63,0.02,0.08,0.15,0.15
2021-05-13,37.62,27.43,31.93,19.02,52.15,2.28,2.69,27.38,0.03,0.07,0.15,0.15
2021-05-14,37.92,26.94,31.84,18.03,49.99,2.91,3.47,26.43,0.02,0.07,0.15,0.15
2021-05-15,37.94,27.77,32.5,18.55,49.38,2.35,2.78,25.64,0.01,0.07,0.15,0.15
2021-05-16,38.04,28.25,32.58,17.83,47.13,2.05,2.42,25.95,0.25,0.08,0.15,0.15
2021-05-17,40.03,26.88,33.11,16.12,44.06,1.39,1.69,26.92,0.41,0.09,0.15,0.15
2021-05-18,41.63,28.42,34.31,17.33,44.23,1.95,2.36,26.87,0.18,0.08,0.15,0.15
2021-05-19,38.77,28.95,33.28,20.05,52.67,3.08,3.65,26.16,0.23,0.08,0.15,0.15
2021-05-20,39.0,27.8,33.13,21.46,57.7,3.39,4.07,26.14,0.07,0.08,0.15,0.15
2021-05-21,39.57,28.46,33.44,21.44,57.57,2.18,2.58,26.23,0.03,0.08,0.15,0.15
2021-05-22,42.98,29.35,35.76,16.66,39.34,1.44,1.79,25.17,0.0,0.07,0.15,0.15
2021-05-23,41.67,30.99,35.56,15.08,34.25,2.13,2.55,26.48,0.0,0.06,0.15,0.15
2021-05-24,40.68,31.96,35.79,13.47,29.6,2.1,2.55,25.13,0.0,0.06,0.15,0.15
2021-05-25,41.21,31.63,35.78,14.4,31.67,2.77,3.37,24.78,0.0,0.06,0.15,0.15
2021-05-26,40.86,30.35,35.0,16.86,40.45,3.94,4.73,25.18,0.0,0.06,0.15,0.15
2021-05-27,35.32,28.25,31.69,22.22,60.42,6.37,7.55,28.85,0.0,0.05,0.15,0.15
2021-05-28,40.47,27.63,32.98,21.93,59.08,3.06,3.6,25.22,0.0,0.05,0.15,0.15
2021-05-29,40.62,28.43,33.97,21.04,56.08,1.67,1.93,25.7,0.0,0.05,0.15,0.15
2021-05-30,40.85,29.44,34.49,18.93,48.08,2.16,2.49,26.0,0.0,0.05,0.15,0.15
2021-05-31,40.24,30.06,34.9,18.07,43.78,2.93,3.45,26.93,0.0,0.05,0.15,0.15
2021-06-01,39.62,29.16,34.0,23.3,60.22,3.6,4.26,27.29,0.0,0.05,0.15,0.15
2021-06-02,40.39,28.8,33.99,23.06,60.32,2.88,3.4,27.83,0.0,0.05,0.15,0.15
2021-06-03,40.79,29.41,34.43,22.32,57.87,2.79,3.26,26.64,0.0,0.05,0.15,0.15
2021-06-04,41.79,29.77,35.2,20.18,48.13,2.37,2.8,27.19,0.0,0.05,0.15,0.15
2021-06-05,42.66,29.74,35.52,21.71,50.53,2.37,2.78,27.09,0.0,0.05,0.15,0.15
2021-06-06,43.03,30.59,36.07,23.57,53.93,4.41,5.32,26.79,0.0,0.05,0.15,0.15
2021-06-07,40.06,30.36,34.88,24.63,58.35,4.44,5.27,25.19,0.0,0.05,0.15,0.15
2021-06-08,38.92,30.65,34.34,24.57,59.13,2.79,3.19,26.01,0.0,0.05,0.15,0.15
2021-06-09,41.11,29.54,34.47,22.84,56.36,2.21,2.54,26.38,0.0,0.05,0.15,0.15
2021-06-10,41.12,29.34,34.26,22.57,57.04,2.61,2.99,26.06,0.0,0.05,0.15,0.15
2021-06-11,40.91,29.44,34.51,22.82,55.65,2.61,2.97,26.72,0.0,0.05,0.15,0.15
2021-06-12,39.2,31.04,34.49,23.62,55.65,2.89,3.32,25.93,0.01,0.05,0.15,0.15
2021-06-13,40.18,30.46,34.32,24.96,63.02,4.59,5.33,26.92,0.02,0.05,0.15,0.15
2021-06-14,38.58,29.94,33.74,24.43,62.54,4.2,4.86,27.33,0.0,0.05,0.15,0.15
2021-06-15,39.61,30.16,34.45,21.32,54.03,3.98,4.65,27.04,0.0,0.05,0.15,0.15
2021-06-16,39.38,29.64,34.09,22.12,56.72,3.96,4.63,28.14,0.0,0.05,0.15,0.15
2021-06-17,38.8,29.55,33.34,24.66,63.66,4.06,4.69,25.66,0.0,0.05,0.15,0.15
2021-06-18,42.35,29.34,35.39,23.56,55.74,2.0,2.33,24.73,0.0,0.05,0.15,0.15
2021-06-19,42.02,31.67,36.55,21.12,46.27,2.59,3.12,24.58,0.0,0.05,0.14,0.15
2021-06-20,42.83,30.27,37.38,15.44,33.9,3.24,4.06,25.46,0.0,0.05,0.14,0.15
2021-06-21,44.19,32.72,37.55,15.5,32.1,1.95,2.35,25.29,0.0,0.05,0.14,0.15
2021-06-22,43.03,32.48,37.54,18.43,36.81,1.66,2.05,25.78,0.0,0.04,0.14,0.15
2021-06-23,41.7,31.43,36.85,16.86,34.27,1.95,2.34,25.06,0.0,0.04,0.14,0.15
2021-06-24,41.26,31.7,36.76,17.19,37.21,2.34,2.68,26.46,0.0,0.04,0.14,0.15
2021-06-25,41.24,31.05,35.37,22.77,55.82,3.15,3.67,27.19,0.0,0.04,0.14,0.15
2021-06-26,39.93,30.18,35.72,16.11,37.92,2.83,3.36,27.47,0.0,0.04,0.14,0.15
2021-06-27,41.34,32.83,37.21,15.98,30.4,3.09,3.75,25.59,0.0,0.04,0.14,0.15
2021-06-28,40.91,32.3,36.23,21.17,43.79,3.54,4.2,24.59,0.0,0.04,0.14,0.15
2021-06-29,39.7,33.73,36.28,19.81,39.58,3.67,4.33,24.1,0.0,0.04,0.14,0.15
2021-06-30,40.02,31.88,35.75,19.71,41.71,3.68,4.34,24.91,0.0,0.04,0.14,0.15
2021-07-01,39.24,31.06,35.04,21.97,50.18,2.97,3.48,25.11,0.0,0.04,0.14,0.15
2021-07-02,42.7,31.77,36.61,19.31,41.19,1.86,2.22,25.11,0.0,0.04,0.14,0.15
2021-07-03,43.7,31.52,36.72,22.25,49.9,1.9,2.2,24.97,0.0,0.04,0.14,0.15
2021-07-04,42.94,31.31,36.97,22.18,49.02,2.14,2.55,25.44,0.0,0.04,0.14,0.15
2021-07-05,42.36,32.08,36.9,24.26,51.41,4.59,5.47,23.63,0.0,0.04,0.14,0.15
2021-07-06,40.94,32.15,36.42,24.07,51.93,3.71,4.35,24.14,0.0,0.04,0.14,0.15
2021-07-07,40.45,32.5,36.08,23.4,50.16,3.89,4.57,24.21,0.0,0.04,0.14,0.15
2021-07-08,39.86,33.07,36.0,22.87,48.9,3.83,4.52,24.24,0.0,0.04,0.14,0.15
2021-07-09,39.98,31.83,35.89,22.69,51.36,4.14,4.85,24.88,0.0,0.04,0.14,0.15
2021-07-10,43.42,30.75,37.26,21.02,47.23,1.92,2.29,22.44,0.0,0.04,0.14,0.15
2021-07-11,42.49,33.56,37.57,20.64,40.93,2.9,3.49,24.27,0.0,0.04,0.14,0.15
2021-07-12,42.26,32.36,36.84,24.35,52.09,3.68,4.37,23.45,0.0,0.04,0.14,0.15
2021-07-13,40.44,32.19,36.07,25.05,55.6,6.16,7.33,23.1,0.0,0.04,0.14,0.15
2021-07-14,39.23,33.46,36.41,24.01,50.08,3.36,4.0,22.32,0.01,0.04,0.14,0.15
2021-07-15,40.77,31.29,36.16,23.36,49.69,5.53,6.59,21.38,0.11,0.05,0.14,0.15
2021-07-16,38.26,31.81,34.44,25.25,60.28,7.5,8.9,16.72,0.14,0.05,0.14,0.15
2021-07-17,35.8,31.53,33.17,25.82,66.12,6.85,8.06,21.73,0.2,0.06,0.15,0.15
2021-07-18,36.42,30.92,33.58,25.17,62.38,3.22,3.69,22.65,0.13,0.07,0.15,0.15
2021-07-19,38.06,31.98,34.71,25.12,58.82,3.4,3.89,25.35,0.03,0.07,0.15,0.15
2021-07-20,38.28,32.62,35.21,25.24,58.24,3.56,4.1,23.53,0.17,0.08,0.15,0.15
2021-07-21,38.81,32.39,35.05,25.36,58.85,3.81,4.4,23.76,0.57,0.1,0.15,0.15
2021-07-22,39.06,32.53,35.82,24.52,54.07,4.21,4.95,23.69,0.11,0.1,0.15,0.15
2021-07-23,40.33,33.92,37.36,22.36,43.12,2.63,3.19,24.95,0.12,0.1,0.15,0.15
2021-07-24,40.99,34.02,37.1,22.61,44.22,3.68,4.45,23.77,0.12,0.1,0.15,0.15
2021-07-25,41.13,34.48,37.46,23.35,45.65,2.56,3.09,23.22,0.0,0.09,0.15,0.15
2021-07-26,39.67,32.37,35.8,24.52,55.0,3.16,3.65,24.29,0.01,0.09,0.15,0.15
2021-07-27,40.84,31.86,36.15,24.03,53.52,2.91,3.37,24.48,0.01,0.08,0.15,0.15
2021-07-28,40.71,31.83,36.03,24.47,55.88,3.2,3.77,23.94,0.04,0.08,0.15,0.15
2021-07-29,40.15,33.86,37.14,21.16,41.53,3.32,4.0,22.82,0.04,0.08,0.15,0.15
2021-07-30,40.74,32.69,36.12,24.92,56.78,2.34,2.77,22.4,4.23,0.15,0.15,0.15
2021-07-31,39.31,32.21,35.41,25.88,61.4,2.35,2.75,23.96,2.13,0.18,0.16,0.16
2021-08-01,39.56,30.62,34.94,24.04,59.34,2.77,3.24,25.0,0.58,0.14,0.16,0.16
2021-08-02,40.14,30.75,35.51,24.97,60.65,2.35,2.8,23.23,0.33,0.12,0.15,0.16
2021-08-03,41.32,32.22,36.68,20.61,44.13,1.68,2.02,23.4,0.46,0.11,0.15,0.16
2021-08-04,41.7,32.31,36.59,21.13,45.12,2.13,2.45,23.94,0.06,0.1,0.15,0.15
2021-08-05,42.15,31.46,36.6,19.4,41.74,2.19,2.58,24.19,0.0,0.09,0.15,0.15
2021-08-06,41.85,31.77,37.04,22.61,46.64,1.09,1.26,24.86,0.0,0.08,0.15,0.15
2021-08-07,43.33,33.21,37.89,22.45,44.36,1.22,1.44,24.37,0.0,0.07,0.15,0.15
2021-08-08,44.12,33.43,38.74,21.49,40.48,2.72,3.35,24.3,0.0,0.07,0.15,0.15
2021-08-09,43.6,32.99,38.32,21.71,41.51,2.2,2.63,24.46,0.0,0.07,0.15,0.15
2021-08-10,42.12,33.99,37.56,22.06,43.37,2.71,3.18,23.79,0.0,0.06,0.15,0.15
2021-08-11,42.0,33.46,37.08,21.59,44.31,3.05,3.59,23.1,0.0,0.06,0.15,0.15
2021-08-12,41.74,32.25,36.59,21.7,45.57,2.11,2.48,23.81,0.0,0.06,0.15,0.15
2021-08-13,42.13,32.39,36.78,23.95,51.59,2.28,2.66,24.29,0.0,0.06,0.15,0.15
2021-08-14,42.38,31.94,36.65,24.7,53.29,2.61,3.01,24.73,0.0,0.06,0.15,0.15
2021-08-15,42.64,32.88,37.07,24.6,51.79,1.77,2.03,24.63,0.0,0.06,0.15,0.15
2021-08-16,42.84,32.28,37.03,24.63,53.22,2.58,3.03,22.66,0.0,0.06,0.15,0.15
2021-08-17,40.34,30.88,34.97,25.26,59.62,6.35,7.45,23.07,0.0,0.06,0.15,0.15
2021-08-18,40.37,29.92,34.48,24.21,58.22,5.51,6.44,23.04,0.0,0.06,0.15,0.15
2021-08-19,39.42,30.13,34.48,23.7,56.2,4.12,4.78,22.77,0.0,0.06,0.15,0.15
2021-08-20,39.19,31.68,35.2,23.22,51.46,3.36,3.84,22.64,0.01,0.06,0.15,0.15
2021-08-21,39.32,32.35,35.34,24.17,54.66,3.4,3.92,23.29,0.01,0.06,0.15,0.15
2021-08-22,40.11,31.59,35.58,24.07,54.3,1.91,2.21,23.51,0.0,0.06,0.15,0.15
2021-08-23,40.26,31.86,35.61,23.88,53.32,3.25,3.77,22.89,0.01,0.07,0.15,0.15
2021-08-24,39.87,31.28,35.37,24.08,54.58,2.96,3.41,23.43,0.01,0.07,0.15,0.15
2021-08-25,39.29,32.86,35.6,23.2,51.08,3.12,3.64,22.71,0.0,0.07,0.15,0.15
2021-08-26,41.8,31.78,36.62,18.82,41.06,2.24,2.67,24.17,0.0,0.07,0.15,0.15
2021-08-27,43.07,30.64,37.59,17.37,38.02,2.44,3.01,24.29,0.0,0.06,0.15,0.15
2021-08-28,42.65,32.96,38.17,14.91,28.31,2.76,3.47,22.95,0.0,0.06,0.15,0.15
2021-08-29,41.39,32.4,36.95,17.08,33.58,3.85,4.63,22.72,0.0,0.06,0.15,0.15
2021-08-30,40.21,30.46,35.07,21.66,49.0,3.92,4.62,22.18,0.0,0.06,0.15,0.15
2021-08-31,39.52,29.4,34.59,21.18,49.37,2.86,3.32,23.54,0.01,0.06,0.15,0.15
2021-09-01,40.24,30.52,35.13,20.53,46.28,2.74,3.19,22.98,0.0,0.06,0.15,0.15
2021-09-02,40.3,30.59,35.05,19.35,42.82,2.68,3.16,22.15,0.1,0.06,0.15,0.15
2021-09-03,39.25,31.13,34.77,20.34,46.04,2.79,3.26,22.83,0.11,0.06,0.15,0.15
2021-09-04,38.95,30.83,34.59,21.4,49.72,2.79,3.32,22.81,0.02,0.07,0.15,0.15
2021-09-05,39.45,30.24,34.48,21.15,50.29,2.09,2.48,21.38,0.09,0.07,0.15,0.15
2021-09-06,39.09,30.85,34.33,20.92,49.15,1.89,2.22,22.29,0.02,0.07,0.15,0.15
2021-09-07,39.84,30.19,34.62,23.33,55.12,1.96,2.3,22.17,0.04,0.07,0.15,0.15
2021-09-08,40.55,30.26,34.8,23.71,56.47,2.23,2.6,20.84,0.0,0.07,0.15,0.15
2021-09-09,40.93,31.16,35.42,23.41,54.16,1.93,2.24,20.49,0.0,0.07,0.15,0.15
2021-09-10,40.84,31.57,35.53,23.57,53.94,1.9,2.22,21.82,0.0,0.07,0.15,0.15
2021-09-11,41.08,31.85,36.37,22.6,47.83,2.08,2.49,21.65,0.0,0.06,0.15,0.15
2021-09-12,41.57,31.32,36.04,21.51,47.12,2.07,2.46,22.38,0.0,0.06,0.15,0.15
2021-09-13,40.44,31.4,35.4,23.56,56.9,2.09,2.41,22.17,0.0,0.06,0.15,0.15
2021-09-14,39.27,30.94,34.86,24.73,59.72,1.91,2.2,22.28,0.0,0.06,0.15,0.15
2021-09-15,40.78,31.51,35.57,23.78,54.9,1.87,2.16,22.77,0.0,0.06,0.15,0.15
2021-09-16,40.41,31.45,35.45,23.1,54.6,2.38,2.74,22.11,0.0,0.06,0.15,0.15
2021-09-17,38.89,31.09,34.3,24.74,62.33,2.92,3.4,22.6,0.0,0.06,0.15,0.15
2021-09-18,39.03,30.65,34.34,24.23,60.31,2.48,2.88,22.7,0.0,0.06,0.15,0.15
2021-09-19,40.43,30.2,34.88,21.74,50.78,2.16,2.56,22.65,0.0,0.06,0.15,0.15
2021-09-20,40.02,30.19,34.49,21.65,51.01,2.89,3.37,20.42,0.0,0.06,0.15,0.15
2021-09-21,37.94,29.78,33.46,22.83,56.87,3.46,4.03,21.19,0.0,0.06,0.15,0.15
2021-09-22,36.01,30.43,32.83,23.6,59.52,4.0,4.68,21.38,0.0,0.06,0.15,0.15
2021-09-23,37.01,30.02,33.06,23.05,57.57,2.83,3.32,21.15,0.0,0.06,0.15,0.15
2021-09-24,39.4,30.42,34.36,22.22,51.14,1.64,1.88,20.55,0.0,0.06,0.15,0.15
2021-09-25,38.54,31.32,34.21,23.25,56.09,2.73,3.18,21.31,0.0,0.06,0.15,0.15
2021-09-26,38.49,30.23,33.64,24.33,61.87,3.99,4.68,21.55,0.01,0.06,0.15,0.15
2021-09-27,38.66,30.44,33.84,21.77,51.62,1.71,2.04,20.63,0.01,0.06,0.15,0.15
2021-09-28,39.3,29.75,33.74,22.16,54.53,2.38,2.76,20.88,0.02,0.06,0.15,0.15
2021-09-29,38.47,30.89,33.98,23.44,57.0,2.16,2.5,19.94,0.0,0.06,0.15,0.15
2021-09-30,38.89,30.83,34.21,22.31,53.67,2.21,2.55,19.72,0.0,0.06,0.15,0.15
2021-10-01,39.41,30.82,34.3,23.94,58.64,2.49,2.96,19.33,0.0,0.06,0.15,0.15
2021-10-02,39.6,30.34,34.58,24.35,58.13,2.67,3.11,18.41,0.0,0.06,0.15,0.15
2021-10-03,37.86,30.26,33.87,22.84,54.61,5.49,6.45,17.18,0.03,0.06,0.15,0.15
2021-10-04,36.71,29.02,32.56,21.68,54.68,3.69,4.27,14.13,0.13,0.07,0.15,0.15
2021-10-05,37.02,29.68,33.0,22.38,55.39,2.28,2.63,19.68,0.08,0.07,0.15,0.15
2021-10-06,37.36,28.06,32.68,20.53,51.27,2.5,2.91,20.5,0.01,0.07,0.15,0.15
2021-10-07,37.98,28.5,32.94,20.25,50.3,2.65,3.08,20.27,0.0,0.07,0.15,0.15
2021-10-08,36.96,30.38,32.95,23.52,60.14,2.65,3.11,19.51,0.01,0.07,0.15,0.15
2021-10-09,38.63,29.66,33.3,23.27,59.6,1.94,2.26,19.47,0.0,0.07,0.15,0.15
2021-10-10,39.31,28.84,33.54,20.38,52.37,1.82,2.16,18.89,0.0,0.07,0.15,0.15
2021-10-11,37.72,28.21,32.83,17.69,45.42,3.5,4.14,19.57,0.0,0.06,0.15,0.15
2021-10-12,38.01,28.0,32.57,15.23,41.32,3.4,4.1,20.65,0.0,0.06,0.15,0.15
2021-10-13,36.82,26.87,31.55,16.96,45.4,2.55,3.1,20.63,0.0,0.06,0.15,0.15
2021-10-14,36.64,28.64,31.94,19.44,50.97,2.3,2.72,19.87,0.0,0.06,0.15,0.15
2021-10-15,37.62,28.17,32.02,20.04,54.59,2.21,2.65,19.42,0.0,0.06,0.15,0.15
2021-10-16,36.7,27.26,31.76,17.7,49.68,1.77,2.08,18.97,0.0,0.06,0.15,0.15
2021-10-17,37.43,27.62,32.2,12.38,33.64,2.43,3.05,20.1,0.0,0.06,0.15,0.15
2021-10-18,35.99,26.41,30.78,17.7,50.16,3.1,3.7,19.44,0.0,0.05,0.15,0.15
2021-10-19,35.76,27.69,31.09,22.29,62.62,2.88,3.43,18.34,0.0,0.05,0.15,0.15
2021-10-20,36.15,26.24,30.73,20.19,56.2,1.78,2.1,18.86,0.0,0.05,0.15,0.15
2021-10-21,34.4,26.31,30.32,20.77,58.93,2.88,3.43,18.72,0.0,0.06,0.15,0.15
2021-10-22,35.43,27.58,31.25,18.99,50.22,2.07,2.52,18.61,0.0,0.06,0.15,0.15
2021-10-23,34.55,26.45,30.18,16.12,45.45,2.51,3.01,17.78,0.0,0.06,0.15,0.15
2021-10-24,33.91,28.0,30.17,20.89,58.73,2.61,3.03,18.07,0.0,0.06,0.15,0.15
2021-10-25,33.83,26.34,29.79,20.81,60.35,3.4,4.06,16.6,0.0,0.06,0.15,0.15
2021-10-26,33.59,27.75,29.89,19.14,53.75,2.21,2.59,17.57,0.0,0.06,0.15,0.15
2021-10-27,32.89,27.8,29.69,18.38,51.64,1.86,2.16,17.33,0.0,0.06,0.15,0.15
2021-10-28,33.08,25.75,29.34,19.16,56.84,2.86,3.36,17.38,0.03,0.06,0.15,0.15
2021-10-29,34.0,25.79,29.53,18.21,54.29,2.95,3.48,17.67,0.02,0.06,0.15,0.15
2021-10-30,34.36,24.91,29.31,15.38,46.34,2.24,2.73,17.77,0.0,0.06,0.15,0.15
2021-10-31,35.22,27.12,30.43,18.38,52.42,2.79,3.43,18.12,0.0,0.06,0.15,0.15
2021-11-01,35.31,27.27,30.36,19.6,57.48,2.01,2.45,17.18,0.01,0.06,0.15,0.15
2021-11-02,35.35,26.67,30.83,17.45,49.87,1.53,1.85,16.99,0.07,0.06,0.15,0.15
2021-11-03,34.05,27.46,30.0,19.91,57.36,1.69,1.95,17.05,0.09,0.07,0.15,0.15
2021-11-04,32.67,26.44,29.03,19.47,58.59,1.66,1.91,16.66,0.02,0.07,0.15,0.15
2021-11-05,32.62,25.92,28.9,17.98,53.69,1.64,1.92,16.49,0.03,0.07,0.15,0.15
2021-11-06,32.08,26.85,28.89,17.62,51.89,2.07,2.42,16.13,0.03,0.07,0.15,0.15
2021-11-07,31.36,26.4,28.27,15.44,47.14,2.23,2.65,16.71,0.01,0.07,0.15,0.15
2021-11-08,31.88,24.79,27.95,16.27,50.71,2.63,3.18,15.07,1.49,0.09,0.15,0.15
2021-11-09,30.35,25.22,27.52,16.95,53.29,1.77,2.1,15.83,0.81,0.15,0.15,0.15
2021-11-10,30.43,25.97,27.77,14.64,45.37,1.76,2.08,15.88,0.0,0.14,0.15,0.15
2021-11-11,30.7,25.53,27.81,14.08,43.59,1.64,1.94,16.44,0.0,0.12,0.15,0.15
2021-11-12,31.57,23.18,27.28,12.42,42.01,2.29,2.79,16.39,0.0,0.11,0.15,0.15
2021-11-13,30.82,25.66,27.63,15.86,50.13,2.78,3.26,15.84,0.0,0.11,0.15,0.15
2021-11-14,31.49,25.15,28.06,16.25,50.33,1.88,2.4,16.28,0.0,0.1,0.15,0.15
2021-11-15,31.4,23.5,27.2,13.6,46.77,3.22,3.91,16.46,0.0,0.1,0.15,0.15
2021-11-16,30.61,22.98,26.55,15.14,51.59,2.01,2.47,15.65,0.0,0.1,0.15,0.15
2021-11-17,30.06,24.98,27.16,16.45,52.71,1.28,1.52,14.93,0.08,0.09,0.15,0.15
2021-11-18,30.14,23.32,26.42,14.04,49.28,3.65,4.38,13.57,1.69,0.15,0.15,0.15
2021-11-19,29.08,22.06,25.32,14.0,51.36,2.01,2.52,14.72,0.62,0.16,0.15,0.15
2021-11-20,29.27,21.67,25.32,14.93,53.39,2.32,2.85,15.08,0.04,0.14,0.15,0.15
2021-11-21,31.26,22.11,26.18,15.0,52.82,3.14,3.81,15.24,0.0,0.13,0.15,0.15
2021-11-22,32.76,22.31,27.12,15.41,52.29,2.62,3.25,15.21,0.0,0.12,0.15,0.15
2021-11-23,31.99,24.01,27.43,16.36,53.57,2.28,2.75,15.05,0.0,0.11,0.15,0.15
2021-11-24,31.04,24.75,27.21,19.35,64.24,4.3,5.28,14.75,0.0,0.11,0.15,0.15
2021-11-25,28.98,23.47,25.73,16.35,57.38,3.04,3.78,15.69,0.0,0.11,0.15,0.15
2021-11-26,30.47,23.03,25.95,16.71,59.27,2.29,2.77,15.08,0.0,0.11,0.15,0.15
2021-11-27,30.28,22.62,26.04,19.45,68.51,2.78,3.34,14.58,0.26,0.11,0.15,0.15
2021-11-28,29.67,23.94,26.22,19.63,68.51,2.85,3.54,14.8,0.11,0.12,0.15,0.15
2021-11-29,28.18,22.96,25.13,16.29,59.32,2.27,2.74,14.06,0.46,0.13,0.15,0.15
2021-11-30,27.5,22.9,25.05,16.68,60.27,2.61,3.08,13.58,4.6,0.19,0.15,0.15
2021-12-01,29.04,21.84,25.05,15.52,58.08,2.28,2.85,14.76,0.13,0.2,0.16,0.16
2021-12-02,28.87,20.55,24.5,14.53,56.54,1.9,2.36,13.59,0.0,0.16,0.16,0.16
2021-12-03,28.51,23.11,25.41,15.91,56.82,4.05,4.87,13.09,0.0,0.14,0.16,0.16
2021-12-04,26.2,21.98,23.98,16.71,64.38,4.3,5.16,13.01,0.0,0.14,0.16,0.16
2021-12-05,27.51,21.94,24.25,14.38,54.75,1.33,1.57,14.67,0.0,0.13,0.16,0.16
2021-12-06,27.2,21.96,24.09,16.19,61.93,2.73,3.24,14.45,0.0,0.13,0.16,0.16
2021-12-07,26.73,20.88,23.57,16.13,63.8,2.28,2.82,14.43,0.0,0.12,0.16,0.16
2021-12-08,28.35,21.1,24.21,11.29,48.38,3.06,3.83,13.63,0.0,0.12,0.16,0.16
2021-12-09,28.98,20.01,24.09,11.37,48.6,1.96,2.48,14.47,0.0,0.12,0.16,0.16
2021-12-10,28.28,20.31,23.99,13.44,53.65,1.65,2.06,14.72,0.0,0.11,0.16,0.16
2021-12-11,26.89,21.58,23.84,15.29,60.1,2.32,2.81,13.61,0.0,0.11,0.16,0.16
2021-12-12,26.52,22.38,23.86,15.77,61.01,2.13,2.63,12.97,0.05,0.11,0.16,0.16
2021-12-13,27.91,20.67,23.84,10.18,46.05,2.06,2.5,14.67,0.0,0.11,0.16,0.16
2021-12-14,28.13,20.06,23.78,11.49,48.15,2.22,2.82,14.58,0.01,0.11,0.16,0.16
2021-12-15,27.06,19.95,23.42,11.47,48.43,1.91,2.38,13.66,0.02,0.11,0.16,0.16
2021-12-16,26.91,20.99,23.7,13.01,51.89,1.8,2.25,11.9,0.0,0.11,0.16,0.16
2021-12-17,26.42,20.11,23.16,12.75,53.32,1.67,2.12,13.48,0.0,0.11,0.16,0.16
2021-12-18,27.06,20.11,23.16,15.87,65.81,2.16,2.7,13.04,0.0,0.11,0.16,0.16
2021-12-19,26.95,20.13,23.31,16.12,65.42,1.68,2.13,12.82,0.0,0.11,0.16,0.16
2021-12-20,27.05,20.76,23.39,15.47,62.78,1.75,2.11,13.46,0.0,0.11,0.16,0.16
2021-12-21,27.48,20.66,23.77,16.84,66.18,3.51,4.23,13.92,0.0,0.11,0.16,0.16
2021-12-22,26.98,20.8,23.76,17.72,69.53,4.78,5.75,13.3,0.0,0.11,0.16,0.16
2021-12-23,26.46,21.35,23.62,13.8,55.03,4.48,5.5,14.11,0.0,0.11,0.16,0.16
2021-12-24,27.41,21.61,23.84,15.73,61.67,3.42,4.25,13.91,0.0,0.11,0.15,0.16
2021-12-25,26.01,21.73,23.77,17.08,66.65,3.49,4.31,11.78,0.0,0.11,0.15,0.16
2021-12-26,25.54,22.21,23.86,15.32,59.1,3.43,4.16,11.87,0.0,0.11,0.15,0.16
2021-12-27,25.34,21.0,22.77,14.21,58.76,3.2,3.93,12.88,2.43,0.17,0.16,0.16
2021-12-28,26.16,20.67,22.86,12.2,52.19,1.62,2.04,14.36,0.0,0.16,0.16,0.16
2021-12-29,25.94,20.3,22.85,12.11,51.96,1.43,1.68,11.87,0.0,0.15,0.16,0.16
2021-12-30,25.02,21.91,23.43,14.46,57.54,1.25,1.49,9.06,1.15,0.16,0.16,0.16
2021-12-31,27.05,21.5,23.58,16.82,66.62,2.66,3.18,9.15,6.45,0.26,0.17,0.17
2022-01-01,23.57,20.86,21.86,17.69,77.45,3.43,4.08,9.44,13.78,0.34,0.19,0.18
2022-01-02,26.87,20.89,23.57,17.32,69.36,5.48,6.61,10.61,10.87,0.33,0.21,0.2
2022-01-03,24.95,21.46,22.95,18.64,76.87,5.67,6.87,6.94,10.04,0.37,0.23,0.22
2022-01-04,23.01,19.72,21.44,14.61,65.45,6.48,7.77,11.69,2.85,0.32,0.24,0.24
2022-01-05,22.37,19.67,20.67,13.12,62.35,6.98,8.34,8.93,0.22,0.27,0.23,0.24
2022-01-06,22.26,18.97,20.37,9.15,49.76,6.15,7.38,15.61,0.03,0.25,0.23,0.23
2022-01-07,23.33,15.61,19.79,8.46,48.99,2.22,2.72,15.19,0.0,0.24,0.23,0.23
2022-01-08,22.74,15.91,19.16,9.86,56.07,1.62,1.98,15.53,0.0,0.24,0.22,0.23
2022-01-09,23.42,18.49,20.67,12.48,59.82,1.7,2.06,14.15,0.06,0.24,0.22,0.23
2022-01-10,24.23,19.07,21.13,11.79,55.98,1.63,1.94,15.54,0.0,0.24,0.22,0.23
2022-01-11,24.51,17.02,20.62,10.66,54.66,1.5,1.89,15.85,0.0,0.23,0.22,0.23
2022-01-12,24.02,18.66,20.85,12.02,57.84,1.43,1.71,15.24,0.0,0.23,0.22,0.23
2022-01-13,25.13,19.52,21.72,15.07,66.88,1.04,1.26,15.49,0.0,0.23,0.22,0.23
2022-01-14,26.53,17.75,22.16,14.2,63.58,1.67,2.05,15.39,0.0,0.23,0.22,0.23
2022-01-15,26.2,18.8,21.76,13.69,61.88,4.39,5.37,9.15,0.2,0.23,0.22,0.22
2022-01-16,24.86,19.97,22.17,15.72,67.86,4.9,6.0,6.6,9.21,0.32,0.23,0.23
2022-01-17,26.75,20.36,23.07,17.09,69.92,4.19,5.03,13.41,6.25,0.35,0.24,0.25
2022-01-18,26.8,21.09,23.16,18.45,75.8,5.84,7.05,9.44,0.35,0.3,0.24,0.25
2022-01-19,24.6,21.19,22.55,16.9,70.65,2.51,3.05,9.85,0.09,0.28,0.24,0.25
2022-01-20,24.77,20.9,22.16,14.19,61.12,5.07,6.13,4.79,0.07,0.27,0.24,0.25
2022-01-21,20.42,16.8,18.33,8.74,54.05,9.51,11.51,16.01,0.0,0.26,0.23,0.24
2022-01-22,20.94,15.06,17.61,7.52,52.66,3.09,3.84,15.91,0.0,0.25,0.23,0.24
2022-01-23,21.9,16.26,18.49,10.48,59.86,2.85,3.46,15.7,0.0,0.25,0.23,0.24
2022-01-24,22.15,16.81,18.88,10.35,58.37,2.31,2.83,16.98,0.0,0.25,0.23,0.24
2022-01-25,23.7,17.21,20.04,13.51,66.96,2.35,2.92,16.21,0.0,0.25,0.23,0.24
2022-01-26,25.22,17.17,20.84,12.14,58.95,1.81,2.24,16.82,0.0,0.25,0.23,0.24
2022-01-27,26.88,16.65,21.2,11.49,56.99,2.11,2.67,17.15,0.0,0.24,0.23,0.24
2022-01-28,25.09,17.84,20.84,13.6,64.27,3.22,3.93,16.28,0.0,0.24,0.23,0.23
2022-01-29,23.94,18.23,20.64,13.34,63.78,3.63,4.52,16.2,0.0,0.24,0.22,0.23
2022-01-30,24.42,18.35,20.78,14.28,67.7,3.8,4.71,16.5,0.0,0.24,0.22,0.23
2022-01-31,24.37,18.15,20.96,14.89,69.24,2.83,3.49,15.03,0.0,0.24,0.22,0.23
2022-02-01,25.3,17.75,21.17,14.91,69.44,2.64,3.23,16.46,0.0,0.24,0.22,0.23
2022-02-02,23.56,19.0,20.8,14.77,69.8,2.94,3.66,16.95,0.0,0.24,0.22,0.23
2022-02-03,25.06,17.81,21.21,11.75,56.75,1.98,2.38,17.94,0.0,0.23,0.22,0.23
2022-02-04,25.11,17.84,20.85,12.37,60.21,2.16,2.62,17.51,0.0,0.23,0.22,0.23
2022-02-05,25.76,16.57,20.94,13.5,66.59,3.36,4.07,17.38,0.0,0.23,0.22,0.23
2022-02-06,23.03,18.38,20.45,11.62,58.44,6.36,7.69,18.63,0.0,0.22,0.22,0.22
2022-02-07,22.18,16.92,19.33,10.7,58.21,6.18,7.46,18.54,0.0,0.22,0.21,0.22
2022-02-08,22.7,17.24,19.6,11.15,58.96,5.18,6.31,18.71,0.0,0.22,0.21,0.22
2022-02-09,24.71,17.74,20.74,12.56,60.74,1.42,1.76,18.79,0.0,0.22,0.21,0.22
2022-02-10,25.99,18.67,21.73,12.88,59.58,1.16,1.43,18.32,0.0,0.21,0.21,0.22
2022-02-11,25.89,17.74,21.5,12.31,58.17,1.92,2.42,17.99,0.0,0.21,0.21,0.22
2022-02-12,27.1,18.22,22.01,12.6,58.13,2.19,2.68,17.71,0.0,0.21,0.21,0.22
2022-02-13,22.27,16.74,19.96,13.65,68.44,4.49,5.41,11.45,0.48,0.21,0.21,0.22
2022-02-14,24.77,16.46,20.57,11.73,58.0,3.14,3.78,17.74,0.22,0.21,0.21,0.22
2022-02-15,26.64,18.36,22.25,12.93,57.6,2.64,3.25,18.37,0.01,0.21,0.21,0.21
2022-02-16,26.08,19.48,22.09,14.45,63.96,3.05,3.68,19.33,0.0,0.2,0.21,0.21
2022-02-17,23.72,17.22,20.37,13.05,63.6,4.1,5.06,19.81,0.0,0.2,0.2,0.21
2022-02-18,25.5,18.19,21.0,11.69,57.35,2.26,2.8,19.65,0.0,0.19,0.2,0.21
2022-02-19,28.09,17.38,22.29,10.83,52.92,1.83,2.28,19.47,0.0,0.18,0.2,0.21
2022-02-20,29.59,17.43,23.15,12.0,55.27,2.33,2.97,18.7,0.0,0.18,0.2,0.21
2022-02-21,25.82,19.34,21.86,13.59,60.86,5.75,6.97,16.94,0.01,0.18,0.2,0.21
2022-02-22,23.33,18.39,20.61,13.81,65.75,4.87,5.86,18.26,0.0,0.18,0.2,0.21
2022-02-23,25.54,18.08,21.15,15.36,71.15,2.18,2.65,19.69,0.0,0.18,0.2,0.21
2022-02-24,25.52,17.88,21.09,15.49,73.17,2.34,2.82,20.22,0.0,0.18,0.2,0.21
2022-02-25,26.9,17.32,21.8,14.46,68.13,1.69,2.02,20.21,0.0,0.17,0.2,0.21
2022-02-26,29.39,18.62,23.56,13.05,56.08,2.0,2.48,19.57,0.0,0.17,0.2,0.2
2022-02-27,30.19,21.14,25.0,14.54,55.93,2.62,3.33,19.29,0.0,0.16,0.2,0.2
2022-02-28,28.49,21.24,23.9,17.77,70.45,2.75,3.35,19.47,0.0,0.16,0.19,0.2
2022-03-01,24.89,19.5,21.81,15.3,67.83,4.56,5.49,21.04,0.0,0.16,0.19,0.2
2022-03-02,25.77,17.19,21.25,15.05,70.11,2.48,3.06,21.43,0.0,0.16,0.19,0.2
2022-03-03,27.47,17.4,21.95,14.52,67.18,1.55,1.87,21.5,0.0,0.15,0.19,0.2
2022-03-04,29.64,19.07,24.08,12.68,55.88,3.2,4.03,17.72,0.0,0.15,0.19,0.2
2022-03-05,29.8,20.87,24.79,14.84,57.49,2.39,3.01,16.24,0.0,0.14,0.19,0.2
2022-03-06,28.56,21.27,24.2,15.95,63.65,2.36,2.8,19.07,0.0,0.14,0.19,0.2
2022-03-07,31.61,20.83,25.41,14.12,56.82,2.09,2.58,19.52,0.01,0.14,0.19,0.2
2022-03-08,32.73,22.77,27.03,12.87,44.87,4.36,5.49,16.73,0.0,0.14,0.19,0.2
2022-03-09,31.37,22.46,26.56,13.48,47.55,3.64,4.59,19.8,0.0,0.13,0.19,0.2
2022-03-10,33.22,22.7,27.48,13.58,45.55,2.85,3.69,19.62,0.0,0.13,0.19,0.19
2022-03-11,35.12,23.75,28.41,12.52,41.52,3.57,4.59,20.39,0.0,0.13,0.19,0.19
2022-03-12,31.98,23.76,27.48,13.74,46.73,2.84,3.62,20.45,0.0,0.12,0.19,0.19
2022-03-13,33.94,24.54,28.43,14.45,47.36,1.79,2.15,21.67,0.04,0.12,0.19,0.19
2022-03-14,34.34,24.37,27.9,16.7,56.56,1.89,2.28,22.25,0.06,0.12,0.18,0.19
2022-03-15,33.33,23.99,28.05,12.87,44.62,1.52,1.88,22.14,0.02,0.12,0.18,0.19
2022-03-16,34.2,23.69,28.42,11.79,42.22,3.06,3.79,22.22,0.0,0.11,0.18,0.19
2022-03-17,26.31,21.41,23.78,15.18,59.63,6.97,8.3,21.65,0.0,0.11,0.18,0.19
2022-03-18,24.41,20.19,21.88,12.65,56.69,7.26,8.64,23.65,0.0,0.11,0.18,0.19
2022-03-19,25.2,18.97,21.83,14.01,62.43,6.15,7.35,22.92,0.0,0.11,0.18,0.19
2022-03-20,28.55,19.37,23.24,15.98,67.14,3.01,3.65,23.35,0.0,0.11,0.18,0.19
2022-03-21,31.27,18.27,24.03,14.79,65.18,1.99,2.4,22.84,0.0,0.12,0.18,0.19
2022-03-22,30.96,19.85,24.77,14.97,61.85,2.7,3.25,23.2,0.0,0.11,0.18,0.19
2022-03-23,31.64,22.14,26.27,14.61,54.3,2.22,2.68,21.25,0.0,0.11,0.18,0.18
2022-03-24,32.98,22.53,27.14,13.3,49.05,1.98,2.43,21.89,0.0,0.11,0.18,0.18
2022-03-25,36.82,23.87,28.66,12.93,46.05,2.26,2.78,21.18,0.0,0.1,0.18,0.18
2022-03-26,30.86,22.97,25.89,16.87,61.45,4.08,4.9,21.81,0.0,0.1,0.18,0.18
2022-03-27,28.23,21.85,24.37,16.06,62.64,5.47,6.55,23.67,0.0,0.1,0.18,0.18
2022-03-28,26.29,21.17,23.21,13.76,57.02,6.75,8.06,23.81,0.0,0.1,0.18,0.18
2022-03-29,29.78,20.2,24.37,14.83,58.65,3.46,4.21,24.6,0.0,0.1,0.18,0.18
2022-03-30,32.07,20.63,25.35,13.97,57.31,1.99,2.42,21.72,0.01,0.1,0.17,0.18
2022-03-31,31.63,21.71,25.62,17.18,66.32,2.28,2.7,24.65,0.03,0.1,0.17,0.18
2022-04-01,31.54,20.64,25.54,17.09,66.84,2.98,3.59,23.8,0.01,0.1,0.17,0.18
2022-04-02,36.15,21.16,27.21,17.13,64.12,2.18,2.7,22.08,0.0,0.1,0.17,0.18
2022-04-03,33.26,22.18,26.79,19.1,69.82,2.5,3.01,23.5,0.0,0.1,0.17,0.18
2022-04-04,35.57,23.14,28.03,18.01,63.47,1.87,2.21,23.72,0.0,0.1,0.17,0.18
2022-04-05,35.59,24.35,28.91,17.3,56.08,1.74,2.06,23.89,0.0,0.09,0.17,0.18
2022-04-06,34.66,24.26,28.88,14.61,49.53,2.04,2.46,23.92,0.0,0.09,0.17,0.18
2022-04-07,35.41,24.18,29.27,11.69,40.51,2.51,3.02,22.32,0.0,0.09,0.17,0.18
2022-04-08,34.77,25.29,29.66,11.57,38.01,2.73,3.28,23.73,0.0,0.09,0.17,0.18
2022-04-09,34.38,24.11,28.46,15.56,51.93,3.1,3.76,23.13,0.0,0.09,0.17,0.17
2022-04-10,34.73,24.92,28.9,15.82,50.66,3.12,3.81,20.02,0.0,0.09,0.17,0.17
2022-04-11,32.13,23.08,27.07,19.32,68.64,3.99,4.81,26.04,0.0,0.09,0.17,0.17
2022-04-12,34.74,23.5,28.33,19.46,66.91,3.87,4.73,22.01,0.0,0.09,0.17,0.17
2022-04-13,35.39,24.94,29.87,17.42,53.79,2.21,2.84,20.68,0.0,0.09,0.17,0.17
2022-04-14,36.97,26.76,30.72,15.78,45.53,2.09,2.54,22.0,0.0,0.09,0.17,0.17
2022-04-15,37.23,27.16,31.24,15.67,43.46,2.39,3.02,21.45,0.0,0.09,0.17,0.17
2022-04-16,36.03,26.53,30.65,18.27,52.55,3.63,4.43,21.76,0.0,0.09,0.17,0.17
2022-04-17,34.87,25.4,29.33,19.47,60.25,4.66,5.56,21.22,0.0,0.08,0.17,0.17
2022-04-18,29.94,23.79,26.62,16.49,56.45,6.31,7.51,23.01,0.0,0.08,0.17,0.17
2022-04-19,31.58,22.04,26.22,16.5,59.21,3.36,4.02,23.7,0.0,0.08,0.17,0.17
2022-04-20,33.58,20.61,26.46,13.95,54.85,2.22,2.63,23.39,0.0,0.08,0.16,0.17
2022-04-21,34.94,22.22,28.08,14.35,51.47,1.88,2.19,24.42,0.0,0.08,0.16,0.17
2022-04-22,35.49,24.73,29.02,15.4,49.04,2.59,3.09,24.44,0.02,0.08,0.16,0.17
2022-04-23,34.22,24.86,29.1,17.42,53.46,2.92,3.5,20.27,0.01,0.08,0.16,0.17
2022-04-24,36.2,25.43,30.37,15.39,46.41,1.69,2.04,21.89,0.03,0.08,0.16,0.17
2022-04-25,37.35,27.51,31.37,15.67,43.03,2.36,2.88,23.82,0.02,0.08,0.16,0.17
2022-04-26,35.8,27.91,31.07,16.78,44.87,2.87,3.48,21.91,0.34,0.09,0.16,0.17
2022-04-27,34.4,27.12,30.55,17.24,47.36,2.73,3.19,23.12,1.82,0.13,0.17,0.17
2022-04-28,34.92,27.41,30.69,15.19,42.38,1.9,2.25,23.66,0.39,0.13,0.17,0.17
2022-04-29,37.14,27.69,31.77,14.94,39.53,2.36,2.81,22.65,0.64,0.12,0.17,0.17
2022-04-30,32.52,26.18,28.96,20.28,62.87,5.05,5.94,22.52,1.23,0.15,0.17,0.17
2022-05-01,31.92,25.21,28.24,19.63,61.89,5.29,6.31,25.69,0.0,0.14,0.17,0.17
2022-05-02,34.33,24.39,29.09,18.28,57.38,4.53,5.44,22.42,0.0,0.13,0.17,0.17
2022-05-03,32.49,24.78,28.4,19.17,60.99,7.15,8.58,23.83,0.0,0.12,0.17,0.17
2022-05-04,31.78,24.73,27.95,20.18,65.03,4.89,5.8,24.42,0.0,0.11,0.16,0.17
2022-05-05,36.53,24.01,29.9,18.35,56.84,1.83,2.24,23.89,0.14,0.11,0.16,0.17
2022-05-06,39.09,27.89,32.8,14.97,37.6,2.33,3.07,22.73,0.0,0.1,0.16,0.17
2022-05-07,39.36,26.2,32.56,17.12,44.84,3.37,4.13,22.72,0.0,0.09,0.16,0.17
2022-05-08,37.62,27.93,31.92,17.76,46.84,2.95,3.6,22.98,0.0,0.09,0.16,0.17
2022-05-09,34.66,26.56,29.74,18.65,58.76,5.68,6.75,24.74,0.0,0.08,0.16,0.17
2022-05-10,32.62,25.42,28.54,17.96,55.99,6.23,7.41,28.2,0.0,0.08,0.16,0.16
2022-05-11,34.54,23.84,28.67,19.57,62.96,3.53,4.2,28.16,0.0,0.08,0.16,0.16
2022-05-12,36.72,24.33,29.65,19.44,61.9,3.46,4.12,27.91,0.0,0.08,0.16,0.16
2022-05-13,34.54,24.3,28.85,20.09,63.98,5.35,6.3,27.71,0.0,0.08,0.16,0.16
2022-05-14,31.7,24.67,28.02,19.01,60.22,6.02,7.14,26.42,0.0,0.08,0.16,0.16
2022-05-15,35.85,22.34,28.92,17.89,57.9,3.49,4.12,21.97,0.0,0.08,0.16,0.16
2022-05-16,38.12,26.27,31.36,15.49,46.83,2.81,3.49,25.87,0.0,0.08,0.16,0.16
2022-05-17,35.58,25.39,30.02,18.11,53.83,3.63,4.28,27.27,0.0,0.08,0.16,0.16
2022-05-18,37.62,25.0,30.21,21.46,65.68,3.7,4.36,22.63,0.0,0.08,0.16,0.16
2022-05-19,36.91,25.92,30.92,21.05,59.95,3.51,4.22,25.25,0.0,0.08,0.16,0.16
2022-05-20,39.99,26.57,32.13,21.98,61.99,3.11,3.72,23.76,0.0,0.08,0.16,0.16
2022-05-21,40.87,26.83,32.65,19.08,52.82,3.31,3.93,26.32,0.0,0.08,0.16,0.16
2022-05-22,38.77,26.69,31.82,20.78,58.6,3.76,4.43,26.11,0.0,0.07,0.16,0.16
2022-05-23,42.69,26.01,33.65,16.62,45.57,2.29,2.73,24.64,0.0,0.07,0.16,0.16
2022-05-24,38.08,28.17,32.47,18.56,49.14,3.77,4.44,24.31,0.0,0.07,0.16,0.16
2022-05-25,35.82,26.88,30.79,21.97,64.01,5.31,6.26,22.91,0.0,0.07,0.16,0.16
2022-05-26,36.49,26.55,30.57,20.92,62.12,5.88,6.95,23.1,0.0,0.07,0.16,0.16
2022-05-27,37.42,26.63,31.2,20.86,60.75,5.75,6.84,25.89,0.0,0.07,0.16,0.16
2022-05-28,38.74,26.19,31.48,20.72,59.08,3.05,3.65,25.44,0.0,0.07,0.16,0.16
2022-05-29,39.13,26.63,32.49,19.71,55.06,3.64,4.36,24.16,0.17,0.08,0.16,0.16
2022-05-30,35.46,26.69,30.78,19.2,54.61,4.71,5.58,27.38,0.04,0.08,0.16,0.16
2022-05-31,37.99,25.49,31.92,18.93,54.2,1.86,2.23,23.89,0.03,0.08,0.15,0.16
2022-06-01,40.4,28.4,34.74,16.13,38.34,2.29,2.94,23.55,0.0,0.07,0.15,0.16
2022-06-02,38.16,29.19,33.48,19.05,45.17,2.6,3.21,23.87,0.0,0.07,0.15,0.16
2022-06-03,38.26,28.46,32.7,18.82,48.82,2.71,3.19,26.02,0.0,0.07,0.15,0.16
2022-06-04,40.12,28.09,33.66,15.39,39.31,2.12,2.56,25.84,0.0,0.07,0.15,0.16
2022-06-05,39.98,28.54,34.08,14.49,37.27,1.81,2.14,25.48,0.0,0.07,0.15,0.16
2022-06-06,40.93,29.06,34.72,15.17,36.45,2.06,2.53,25.04,0.0,0.06,0.15,0.16
2022-06-07,41.11,30.25,35.48,14.28,31.86,2.13,2.62,25.95,0.0,0.06,0.15,0.16
2022-06-08,40.36,31.18,35.38,15.87,34.09,2.47,2.94,25.25,0.0,0.06,0.15,0.16
2022-06-09,38.8,29.27,33.91,16.82,41.44,3.7,4.37,24.17,0.0,0.06,0.15,0.15
2022-06-10,41.07,29.0,34.1,22.54,57.17,3.7,4.41,23.46,0.33,0.07,0.15,0.16
2022-06-11,38.06,29.09,32.83,23.16,61.75,4.46,5.23,26.3,0.05,0.08,0.15,0.16
2022-06-12,38.64,27.27,32.97,23.25,60.72,4.38,5.2,25.83,0.14,0.08,0.15,0.16
2022-06-13,38.89,29.65,33.76,24.07,59.86,6.39,7.62,25.19,0.37,0.09,0.15,0.16
2022-06-14,39.83,29.13,34.33,22.92,55.69,2.86,3.33,24.03,0.1,0.09,0.15,0.16
2022-06-15,39.28,30.92,34.85,21.5,50.21,2.4,2.78,23.7,0.14,0.09,0.15,0.16
2022-06-16,39.19,29.24,34.13,22.13,55.13,2.94,3.47,23.67,0.2,0.09,0.15,0.15
2022-06-17,40.0,29.76,34.29,23.52,60.14,2.29,2.66,24.28,1.71,0.13,0.16,0.16
2022-06-18,42.68,29.63,36.05,22.87,52.6,1.85,2.31,24.8,0.74,0.13,0.16,0.16
2022-06-19,44.22,32.31,38.06,20.63,39.98,1.42,1.87,25.02,0.09,0.1,0.15,0.16
2022-06-20,42.14,32.5,36.85,21.79,44.58,2.29,2.78,25.18,0.01,0.09,0.15,0.16
2022-06-21,40.63,31.65,35.9,18.44,39.44,2.18,2.64,23.46,0.0,0.08,0.15,0.16
2022-06-22,41.15,32.75,36.57,16.74,33.96,1.96,2.39,23.76,0.0,0.08,0.15,0.15
2022-06-23,42.38,30.56,35.96,23.04,52.21,4.85,5.85,23.19,0.0,0.07,0.15,0.15
2022-06-24,40.35,31.38,35.49,23.32,52.01,3.64,4.3,21.81,0.0,0.07,0.15,0.15
2022-06-25,39.79,30.2,34.69,23.67,57.61,3.01,3.48,21.82,0.01,0.07,0.15,0.15
2022-06-26,39.78,30.48,34.76,24.51,59.9,2.69,3.14,21.34,0.05,0.07,0.15,0.15
2022-06-27,39.08,31.32,34.81,25.87,62.48,2.69,3.22,21.8,0.01,0.08,0.15,0.15
2022-06-28,39.21,31.4,34.77,25.91,62.21,3.02,3.5,21.41,0.01,0.08,0.15,0.15
2022-06-29,39.58,31.91,34.86,24.58,56.94,2.41,2.75,21.49,0.0,0.08,0.15,0.15
2022-06-30,38.94,31.16,34.62,22.86,53.68,2.43,2.82,21.57,0.0,0.08,0.15,0.15
2022-07-01,42.96,30.69,36.56,20.64,44.87,1.85,2.31,23.32,0.0,0.08,0.15,0.15
2022-07-02,41.33,31.69,35.78,24.88,56.21,3.06,3.57,22.17,0.0,0.07,0.15,0.15
2022-07-03,41.19,32.56,36.0,25.68,57.81,2.16,2.5,23.72,0.0,0.07,0.15,0.15
2022-07-04,40.72,32.19,35.74,25.74,58.78,3.29,3.86,22.62,0.02,0.07,0.15,0.15
2022-07-05,39.6,33.22,36.02,25.06,54.69,3.37,3.97,20.49,0.29,0.08,0.15,0.15
2022-07-06,36.63,32.89,34.56,25.02,58.16,3.57,4.18,11.97,0.46,0.11,0.15,0.15
2022-07-07,37.59,30.77,34.17,24.51,58.08,5.51,6.51,17.07,0.1,0.11,0.15,0.15
2022-07-08,36.86,30.83,33.72,24.42,59.12,4.96,5.78,17.2,0.17,0.11,0.15,0.15
2022-07-09,37.81,31.07,34.41,23.82,55.16,1.7,1.91,21.75,0.01,0.11,0.15,0.15
2022-07-10,35.07,31.97,33.56,25.23,62.07,4.59,5.37,23.56,0.07,0.1,0.15,0.15
2022-07-11,36.94,30.99,33.94,25.52,62.8,3.91,4.58,20.7,0.02,0.1,0.15,0.15
2022-07-12,38.62,32.06,34.77,25.06,58.84,2.82,3.26,21.09,0.02,0.1,0.15,0.15
2022-07-13,37.93,32.54,34.8,25.92,61.37,3.18,3.65,20.47,0.02,0.1,0.15,0.15
2022-07-14,39.03,32.4,35.79,24.2,53.67,2.48,2.84,22.39,0.0,0.1,0.15,0.15
2022-07-15,41.67,32.35,37.03,23.03,48.08,3.19,3.82,20.89,0.24,0.09,0.15,0.15
2022-07-16,40.63,32.68,36.34,22.7,47.39,2.09,2.51,22.44,0.32,0.1,0.15,0.15
2022-07-17,40.46,32.0,35.93,23.68,51.8,2.77,3.26,21.6,0.22,0.11,0.15,0.15
2022-07-18,39.48,33.0,36.07,21.53,44.35,2.72,3.26,21.77,0.15,0.11,0.15,0.15
2022-07-19,39.18,32.65,36.01,21.89,45.58,2.54,3.13,21.93,0.08,0.1,0.15,0.15
2022-07-20,38.22,31.46,35.15,24.59,55.81,3.19,3.75,21.9,0.05,0.1,0.15,0.15
2022-07-21,39.37,31.91,35.41,24.48,55.06,3.13,3.64,23.03,0.0,0.1,0.15,0.15
2022-07-22,41.25,32.39,36.77,24.69,52.21,2.85,3.36,20.63,0.0,0.1,0.15,0.15
2022-07-23,40.68,33.49,36.68,24.5,51.33,3.66,4.4,21.52,0.0,0.09,0.15,0.15
2022-07-24,42.47,32.02,37.13,23.52,48.38,2.84,3.39,21.76,0.0,0.09,0.15,0.15
2022-07-25,42.32,33.02,36.76,23.96,50.82,4.35,5.2,21.72,0.38,0.09,0.15,0.15
2022-07-26,39.33,31.4,35.5,23.6,52.71,4.66,5.63,8.32,17.26,0.2,0.16,0.16
2022-07-27,35.38,28.47,31.99,24.48,65.73,3.77,4.37,12.64,25.81,0.4,0.22,0.21
2022-07-28,35.35,29.87,32.11,25.44,68.56,4.92,5.73,20.18,4.6,0.33,0.24,0.23
2022-07-29,36.38,29.46,32.83,25.27,65.59,4.3,5.06,23.06,3.95,0.32,0.24,0.23
2022-07-30,37.12,30.13,33.63,24.77,61.56,3.07,3.6,21.94,0.08,0.25,0.23,0.23
2022-07-31,38.34,30.27,33.8,25.46,63.66,3.23,3.8,22.18,0.23,0.24,0.23,0.23
2022-08-01,37.73,31.48,34.84,22.84,52.24,2.99,3.6,21.09,0.59,0.24,0.22,0.23
2022-08-02,39.16,31.38,35.14,23.45,52.73,2.23,2.6,21.91,0.55,0.23,0.22,0.23
2022-08-03,40.72,33.2,36.47,23.85,50.28,1.86,2.38,20.25,0.13,0.22,0.22,0.23
2022-08-04,41.42,32.94,36.65,23.57,49.08,1.78,2.27,23.64,0.32,0.21,0.21,0.22
2022-08-05,40.4,32.39,36.01,22.91,48.22,1.91,2.31,24.15,0.04,0.2,0.21,0.22
2022-08-06,40.18,33.08,36.51,22.89,46.96,1.67,2.01,23.98,0.03,0.19,0.21,0.22
2022-08-07,41.32,31.25,35.99,24.67,55.09,3.53,4.26,23.63,0.02,0.19,0.21,0.22
2022-08-08,42.23,31.71,36.85,21.47,44.75,1.88,2.32,23.89,0.01,0.18,0.2,0.21
2022-08-09,42.03,32.51,36.72,22.82,50.16,1.99,2.4,22.89,0.0,0.18,0.2,0.21
2022-08-10,41.35,31.58,35.82,25.07,57.01,2.67,3.21,23.1,0.0,0.18,0.2,0.21
2022-08-11,41.02,32.59,36.59,24.28,51.39,1.92,2.41,22.8,0.0,0.18,0.2,0.21
2022-08-12,39.75,32.74,36.2,23.41,49.54,4.09,5.01,21.23,0.0,0.17,0.2,0.2
2022-08-13,41.11,32.54,36.23,20.11,43.16,3.37,4.15,21.06,0.0,0.16,0.19,0.2
2022-08-14,39.4,32.38,35.1,22.78,51.55,2.37,2.91,17.94,0.01,0.16,0.19,0.2
2022-08-15,39.82,30.57,34.79,23.66,58.88,2.39,2.79,16.74,0.02,0.16,0.19,0.2
2022-08-16,42.03,31.45,35.95,21.73,48.94,2.09,2.52,19.8,0.05,0.15,0.19,0.2
2022-08-17,39.06,31.13,34.88,23.36,53.83,2.32,2.76,21.85,0.05,0.14,0.19,0.2
2022-08-18,40.54,31.06,35.18,23.24,52.85,1.62,1.92,22.91,0.02,0.14,0.19,0.2
2022-08-19,41.16,30.94,35.45,22.12,49.58,1.8,2.14,22.73,0.0,0.13,0.19,0.2
2022-08-20,42.35,31.35,36.33,20.4,43.66,1.51,1.87,24.13,0.0,0.12,0.19,0.19
2022-08-21,41.01,31.84,35.98,20.17,42.01,2.09,2.58,22.54,0.0,0.12,0.19,0.19
2022-08-22,41.69,31.18,35.88,21.54,47.07,2.37,2.85,23.01,0.0,0.11,0.18,0.19
2022-08-23,40.24,31.15,35.59,21.83,47.62,1.9,2.32,22.93,0.0,0.11,0.18,0.19
2022-08-24,42.1,32.15,37.06,19.51,39.27,2.48,3.13,21.64,0.0,0.11,0.18,0.19
2022-08-25,41.62,32.32,36.68,15.34,31.49,3.08,3.88,22.26,0.01,0.1,0.18,0.19
2022-08-26,40.31,29.76,34.97,16.37,36.37,3.52,4.36,23.83,0.0,0.1,0.18,0.19
2022-08-27,39.2,27.8,33.6,19.39,48.16,2.78,3.31,23.31,0.0,0.09,0.18,0.19
2022-08-28,39.0,29.07,33.93,18.46,43.54,2.63,3.13,23.3,0.0,0.09,0.18,0.18
2022-08-29,39.36,29.87,34.35,19.93,47.78,1.75,2.1,22.97,0.0,0.09,0.18,0.18
2022-08-30,39.34,29.41,34.17,18.51,43.68,2.35,2.85,21.68,0.0,0.09,0.18,0.18
2022-08-31,38.24,29.04,33.13,19.74,51.11,2.55,3.07,23.06,0.0,0.09,0.18,0.18
2022-09-01,39.31,28.88,33.72,22.15,57.04,2.31,2.69,23.73,0.0,0.1,0.18,0.18
2022-09-02,39.86,29.35,34.18,21.92,52.68,2.18,2.57,22.75,0.0,0.09,0.17,0.18
2022-09-03,39.97,29.41,34.39,21.72,51.87,2.33,2.75,22.79,0.0,0.09,0.17,0.18
2022-09-04,39.2,29.66,33.8,22.29,54.85,3.26,3.83,21.81,0.0,0.09,0.17,0.18
2022-09-05,39.37,28.99,33.8,20.8,52.81,2.87,3.37,22.08,0.0,0.09,0.17,0.18
2022-09-06,39.76,30.02,34.45,19.51,44.79,2.62,3.18,21.84,0.0,0.09,0.17,0.18
2022-09-07,38.9,29.94,34.16,23.39,56.35,3.9,4.64,21.27,0.02,0.09,0.17,0.18
2022-09-08,37.95,29.1,33.26,23.23,58.21,3.34,3.88,20.96,0.0,0.09,0.17,0.18
2022-09-09,39.27,29.37,33.8,22.23,53.71,3.14,3.67,20.79,0.0,0.09,0.17,0.18
2022-09-10,39.54,29.83,34.28,20.7,48.09,2.19,2.61,20.16,0.0,0.09,0.17,0.18
2022-09-11,38.28,30.17,33.68,21.8,52.79,2.58,2.99,21.78,0.0,0.09,0.17,0.17
2022-09-12,38.4,29.23,33.19,23.06,59.77,2.03,2.36,21.38,0.0,0.09,0.17,0.17
2022-09-13,40.73,29.13,34.68,21.84,52.65,2.05,2.5,21.08,0.0,0.09,0.17,0.17
2022-09-14,40.66,30.29,34.84,23.37,55.48,2.46,2.93,21.27,0.0,0.09,0.17,0.17
2022-09-15,39.63,30.91,34.47,24.58,62.17,3.83,4.5,19.19,0.0,0.09,0.17,0.17
2022-09-16,38.11,30.61,33.77,26.13,67.79,4.74,5.65,20.88,0.0,0.09,0.17,0.17
2022-09-17,37.14,29.8,33.09,23.12,58.57,3.84,4.54,21.55,0.0,0.09,0.17,0.17
2022-09-18,39.58,29.97,34.12,22.25,53.29,1.54,1.8,20.68,0.0,0.09,0.17,0.17
2022-09-19,39.97,29.37,34.31,21.49,51.78,3.36,3.99,19.52,0.0,0.09,0.17,0.17
2022-09-20,39.2,29.77,34.08,21.67,51.64,2.83,3.36,20.11,0.0,0.08,0.17,0.17
2022-09-21,38.42,31.04,34.27,20.64,48.0,1.8,2.15,19.94,0.0,0.08,0.17,0.17
2022-09-22,39.09,29.72,33.79,20.85,52.41,2.42,2.9,21.07,0.0,0.08,0.16,0.17
2022-09-23,38.41,29.28,33.38,21.55,56.07,2.66,3.13,21.01,0.0,0.08,0.16,0.17
2022-09-24,37.27,28.66,32.53,23.92,66.17,3.18,3.76,19.29,0.0,0.08,0.16,0.17
2022-09-25,37.4,28.62,32.39,24.58,67.41,2.4,2.82,18.93,0.0,0.08,0.16,0.17
2022-09-26,39.81,28.89,33.73,22.84,58.76,2.09,2.51,19.48,0.0,0.08,0.16,0.17
2022-09-27,37.47,28.34,32.05,23.17,62.67,3.23,3.71,20.14,0.0,0.08,0.16,0.17
2022-09-28,34.73,28.85,31.35,24.22,67.07,1.93,2.21,19.7,0.0,0.08,0.16,0.17
2022-09-29,36.5,29.08,32.15,22.37,57.85,1.69,1.92,19.58,0.0,0.08,0.16,0.17
2022-09-30,36.68,29.31,32.5,22.27,56.53,2.24,2.61,19.69,0.0,0.08,0.16,0.17
2022-10-01,36.01,29.65,32.3,21.12,54.36,2.27,2.67,19.07,0.0,0.08,0.16,0.17
2022-10-02,36.41,29.5,32.45,21.52,54.59,1.45,1.71,19.12,0.0,0.08,0.16,0.17
2022-10-03,38.19,28.73,33.05,20.93,52.26,2.53,3.05,19.69,0.01,0.08,0.16,0.16
2022-10-04,36.74,28.3,32.35,20.6,52.77,2.23,2.62,19.88,0.0,0.08,0.16,0.16
2022-10-05,37.15,29.27,32.5,22.14,57.85,2.11,2.49,19.37,0.0,0.08,0.16,0.16
2022-10-06,38.0,28.39,32.86,20.13,53.87,1.52,1.79,18.64,0.01,0.08,0.16,0.16
2022-10-07,37.96,28.59,32.85,17.89,45.08,3.28,4.1,19.87,0.0,0.08,0.16,0.16
2022-10-08,37.55,26.81,31.78,17.83,48.41,3.23,3.92,20.33,0.0,0.08,0.16,0.16
2022-10-09,36.15,25.91,30.67,15.51,43.65,2.72,3.27,20.61,0.0,0.08,0.16,0.16
2022-10-10,35.98,26.94,31.12,21.26,60.0,2.43,2.83,20.01,0.0,0.08,0.16,0.16
2022-10-11,35.05,26.81,30.64,22.19,63.89,1.91,2.22,19.01,0.0,0.08,0.16,0.16
2022-10-12,36.67,27.18,31.31,20.63,58.21,2.06,2.42,19.43,0.0,0.08,0.16,0.16
2022-10-13,36.89,27.76,31.63,18.27,50.13,1.67,1.95,20.09,0.0,0.08,0.16,0.16
2022-10-14,36.15,26.61,31.11,15.13,44.08,1.88,2.22,20.55,0.0,0.08,0.16,0.16
2022-10-15,35.27,27.46,30.77,19.67,56.04,2.07,2.42,19.73,0.0,0.08,0.16,0.16
2022-10-16,35.23,27.5,30.8,21.22,60.5,2.82,3.41,18.39,0.0,0.08,0.16,0.16
2022-10-17,37.25,28.15,31.67,20.11,54.91,1.85,2.2,18.74,0.0,0.08,0.16,0.16
2022-10-18,37.69,27.17,31.38,19.31,55.97,2.4,2.89,18.63,0.0,0.08,0.16,0.16
2022-10-19,36.46,27.31,31.05,20.97,59.99,1.61,1.89,18.55,0.0,0.08,0.16,0.16
2022-10-20,35.59,28.29,31.22,20.18,55.03,1.71,2.01,18.3,0.0,0.08,0.16,0.16
2022-10-21,35.96,28.15,31.22,19.55,53.56,1.66,1.96,18.25,0.0,0.08,0.16,0.16
2022-10-22,35.52,26.63,30.83,20.48,57.58,1.94,2.28,17.69,0.0,0.08,0.16,0.16
2022-10-23,34.56,26.21,30.09,20.26,59.56,2.32,2.78,18.0,0.05,0.08,0.16,0.16
2022-10-24,34.29,27.15,30.25,20.59,59.91,2.33,2.74,18.3,0.0,0.08,0.16,0.16
2022-10-25,34.14,27.54,30.25,19.16,54.27,2.29,2.74,18.09,0.0,0.08,0.16,0.16
2022-10-26,34.59,27.27,30.24,18.63,52.74,2.29,2.75,17.98,0.0,0.08,0.16,0.16
2022-10-27,34.54,27.17,30.27,19.69,55.74,3.1,3.73,16.37,0.0,0.08,0.16,0.16
2022-10-28,33.05,27.68,29.78,20.27,58.07,3.43,4.16,16.06,0.0,0.08,0.16,0.16
2022-10-29,34.08,27.7,30.06,20.62,58.61,1.73,2.07,17.2,0.0,0.08,0.16,0.16
2022-10-30,34.27,25.83,29.57,20.46,61.17,1.77,2.1,16.9,0.01,0.08,0.16,0.16
2022-10-31,33.66,26.34,29.34,20.32,61.33,1.97,2.26,16.51,0.01,0.08,0.16,0.16
2022-11-01,33.21,26.32,29.04,21.59,66.51,2.72,3.2,16.1,0.01,0.08,0.16,0.16
2022-11-02,33.61,24.93,28.91,19.42,59.93,1.88,2.19,15.49,0.0,0.08,0.16,0.16
2022-11-03,34.18,24.65,29.36,16.45,49.29,1.54,1.91,16.32,0.01,0.08,0.15,0.16
2022-11-04,33.94,25.81,29.64,17.29,50.07,3.15,3.82,16.11,0.24,0.09,0.15,0.16
2022-11-05,32.4,26.41,29.01,20.82,62.65,3.44,4.09,12.66,0.07,0.1,0.16,0.16
2022-11-06,31.9,27.19,29.03,19.39,56.73,4.74,5.72,14.79,0.28,0.1,0.16,0.16
2022-11-07,32.58,26.93,29.43,19.28,55.61,4.75,5.76,12.79,0.22,0.11,0.16,0.16
2022-11-08,33.37,26.62,29.29,19.18,56.39,2.16,2.56,15.14,0.8,0.13,0.16,0.16
2022-11-09,33.95,25.73,29.27,16.31,49.24,3.55,4.38,15.03,0.35,0.14,0.16,0.16
2022-11-10,33.25,25.43,29.07,16.93,50.59,2.46,3.04,15.28,0.33,0.13,0.16,0.16
2022-11-11,34.01,25.99,29.28,18.53,56.07,1.72,2.05,15.45,0.17,0.12,0.16,0.16
2022-11-12,33.01,24.41,28.43,19.82,64.02,2.11,2.51,15.09,0.03,0.12,0.16,0.16
2022-11-13,32.58,24.97,28.41,21.78,69.73,3.97,4.79,15.25,0.0,0.11,0.16,0.16
2022-11-14,31.54,26.53,28.37,19.99,61.73,3.68,4.49,15.96,0.0,0.11,0.16,0.16
2022-11-15,31.75,26.02,28.6,20.0,60.54,5.21,6.35,15.95,0.0,0.11,0.16,0.16
2022-11-16,31.39,25.92,28.28,19.52,60.29,2.78,3.4,15.53,0.0,0.11,0.16,0.16
2022-11-17,32.7,23.79,27.96,19.08,61.31,1.89,2.28,15.35,0.0,0.11,0.16,0.16
2022-11-18,32.34,24.57,27.98,18.54,59.71,1.98,2.42,14.87,0.0,0.1,0.16,0.16
2022-11-19,31.32,25.41,27.83,21.32,69.72,2.93,3.5,13.91,0.0,0.1,0.16,0.16
2022-11-20,30.63,26.01,27.84,19.68,62.12,3.46,4.2,14.25,0.0,0.1,0.16,0.16
2022-11-21,30.26,25.25,27.45,17.66,56.05,1.19,1.47,14.52,0.03,0.1,0.16,0.16
2022-11-22,31.56,25.13,27.92,16.48,52.01,3.14,3.75,13.32,1.33,0.13,0.16,0.16
2022-11-23,31.01,24.39,27.71,16.61,52.25,1.56,1.91,14.94,0.56,0.15,0.16,0.16
2022-11-24,30.23,25.17,27.51,18.03,57.09,2.3,2.74,15.09,0.04,0.14,0.16,0.16
2022-11-25,30.29,24.45,26.63,16.64,55.89,2.29,2.77,15.49,0.0,0.13,0.16,0.16
2022-11-26,29.96,24.43,26.53,16.57,55.3,2.44,2.98,15.05,0.0,0.12,0.16,0.16
2022-11-27,30.08,24.66,26.65,18.47,62.46,1.56,1.91,14.21,0.01,0.12,0.16,0.16
2022-11-28,31.62,23.84,27.22,17.84,60.2,1.32,1.63,14.78,0.02,0.12,0.16,0.16
2022-11-29,32.22,22.94,27.44,16.9,55.12,2.52,3.06,14.98,0.01,0.11,0.16,0.16
2022-11-30,30.64,23.1,26.44,18.87,65.6,2.26,2.76,14.13,0.04,0.11,0.16,0.16
2022-12-01,29.97,24.53,26.55,18.23,61.9,2.7,3.26,13.52,0.02,0.11,0.16,0.16
2022-12-02,29.34,24.11,26.0,18.36,63.63,1.54,1.89,14.16,0.02,0.11,0.16,0.16
2022-12-03,29.7,22.94,25.98,17.64,62.64,1.47,1.78,14.24,0.05,0.11,0.16,0.16
2022-12-04,28.44,23.78,25.55,17.82,63.56,2.08,2.46,13.18,0.02,0.11,0.16,0.16
2022-12-05,29.34,22.81,25.96,18.29,63.89,2.2,2.62,13.44,0.04,0.11,0.16,0.16
2022-12-06,29.81,22.66,26.16,17.3,60.1,1.55,1.86,13.29,0.01,0.11,0.16,0.16
2022-12-07,29.81,23.11,26.01,17.11,60.69,2.09,2.55,13.73,0.04,0.11,0.16,0.16
2022-12-08,28.66,23.59,25.67,17.37,61.36,2.73,3.25,13.41,0.11,0.11,0.16,0.16
2022-12-09,28.33,23.58,25.54,16.8,59.11,3.97,4.86,12.97,0.2,0.12,0.16,0.16
2022-12-10,26.31,21.87,24.06,14.64,56.23,4.52,5.42,11.54,1.15,0.13,0.16,0.16
2022-12-11,25.68,21.78,23.46,13.83,55.18,4.43,5.36,13.16,0.14,0.16,0.16,0.16
2022-12-12,26.67,21.74,24.08,11.21,44.79,1.1,1.31,13.74,0.1,0.14,0.16,0.16
2022-12-13,27.13,20.24,23.75,12.8,51.16,1.68,2.06,13.78,0.17,0.13,0.16,0.16
2022-12-14,27.39,21.28,24.46,13.61,51.68,1.61,2.01,13.19,0.15,0.13,0.16,0.16
2022-12-15,27.94,21.33,24.67,13.51,51.06,1.94,2.35,13.73,0.43,0.13,0.16,0.16
2022-12-16,27.43,22.45,24.57,13.22,49.82,1.97,2.34,14.51,0.01,0.14,0.16,0.16
2022-12-17,27.5,22.36,24.49,16.87,63.0,2.75,3.35,13.54,0.41,0.14,0.16,0.16
2022-12-18,26.8,22.14,23.97,14.42,56.28,1.78,2.24,13.12,0.04,0.14,0.16,0.16
2022-12-19,27.09,21.2,24.04,13.16,51.77,1.07,1.31,13.42,0.18,0.14,0.16,0.16
2022-12-20,26.84,21.57,24.14,12.38,48.56,2.16,2.57,13.55,0.04,0.14,0.16,0.16
2022-12-21,26.91,20.85,23.43,10.63,45.4,3.48,4.24,12.68,0.01,0.13,0.16,0.16
2022-12-22,27.34,20.3,23.63,12.2,50.25,2.28,2.75,12.48,0.05,0.13,0.16,0.16
2022-12-23,27.28,20.09,23.9,14.53,57.37,2.54,3.03,11.87,0.01,0.12,0.16,0.16
2022-12-24,28.02,21.7,24.72,15.82,59.42,3.32,3.98,9.6,0.33,0.12,0.16,0.16
2022-12-25,26.49,21.85,23.9,16.68,64.32,4.09,4.92,11.65,0.6,0.16,0.16,0.16
2022-12-26,25.15,19.18,21.63,15.91,70.46,4.05,4.82,4.03,7.54,0.23,0.17,0.17
2022-12-27,20.92,18.79,19.78,15.51,76.45,3.1,3.58,7.09,21.17,0.38,0.21,0.2
2022-12-28,23.99,19.61,21.32,16.14,73.31,5.03,5.98,11.61,7.62,0.36,0.24,0.23
2022-12-29,24.04,18.98,21.1,12.09,57.39,3.35,4.1,14.84,0.01,0.27,0.23,0.23
2022-12-30,25.18,17.71,21.16,11.05,53.88,2.38,2.96,13.19,0.0,0.24,0.22,0.22
2022-12-31,24.28,19.7,21.5,10.68,50.56,2.51,3.06,9.42,0.01,0.24,0.22,0.22
2023-01-01,24.55,18.96,21.44,13.68,61.65,2.46,2.99,14.64,0.0,0.23,0.22,0.22
2023-01-02,26.27,19.48,22.38,12.47,55.04,2.51,3.02,13.78,0.0,0.23,0.22,0.22
2023-01-03,25.71,20.05,22.34,10.07,47.07,2.39,3.0,11.23,0.05,0.23,0.21,0.22
2023-01-04,26.53,18.39,21.89,10.14,48.35,4.9,5.98,13.29,0.0,0.22,0.21,0.22
2023-01-05,26.4,19.27,22.75,12.24,52.76,3.43,4.16,11.25,0.01,0.22,0.21,0.22
2023-01-06,25.34,20.04,22.26,16.32,70.08,3.33,4.04,6.38,8.42,0.27,0.22,0.22
2023-01-07,22.72,18.66,20.54,16.4,77.44,2.34,2.82,3.8,22.96,0.45,0.26,0.25
2023-01-08,23.84,18.71,21.04,14.9,68.37,2.82,3.44,12.92,0.62,0.36,0.27,0.27
2023-01-09,24.01,19.12,21.22,14.81,67.21,2.35,2.88,12.67,0.16,0.33,0.27,0.27
2023-01-10,26.74,19.55,22.63,16.93,71.38,5.36,6.51,10.44,0.66,0.32,0.26,0.27
2023-01-11,22.65,19.59,21.16,14.77,67.11,4.36,5.18,11.57,0.08,0.32,0.26,0.27
2023-01-12,22.56,17.33,20.04,11.15,57.11,3.46,4.15,14.99,0.84,0.32,0.26,0.27
2023-01-13,22.05,15.33,18.53,7.91,51.48,3.55,4.31,14.38,0.0,0.3,0.26,0.27
2023-01-14,23.41,15.8,19.33,9.64,54.88,3.57,4.41,14.43,0.0,0.29,0.25,0.26
2023-01-15,24.4,17.42,20.72,11.11,54.95,2.71,3.38,11.64,11.05,0.39,0.26,0.28
2023-01-16,25.11,19.4,21.79,13.45,59.83,1.92,2.39,14.69,0.0,0.34,0.27,0.28
2023-01-17,27.41,18.75,22.91,15.98,66.56,2.65,3.23,11.84,0.04,0.32,0.27,0.28
2023-01-18,22.61,19.85,21.35,15.31,68.9,5.89,7.1,12.8,0.06,0.32,0.26,0.27
2023-01-19,23.69,18.87,21.05,13.12,61.34,2.99,3.64,14.08,0.02,0.31,0.26,0.27
2023-01-20,23.7,17.28,20.29,10.5,54.45,2.39,2.89,15.5,0.0,0.31,0.26,0.27
2023-01-21,23.61,16.75,19.81,9.83,53.85,2.42,3.03,14.57,0.01,0.3,0.26,0.27
2023-01-22,23.72,16.84,19.84,10.6,56.27,2.56,3.16,15.39,0.0,0.3,0.25,0.27
2023-01-23,22.73,17.01,19.47,9.21,52.91,4.06,4.94,9.43,1.92,0.31,0.25,0.27
2023-01-24,22.57,16.83,19.05,9.58,55.54,4.03,4.89,14.18,0.82,0.33,0.26,0.27
2023-01-25,21.98,16.65,18.7,9.34,55.57,4.89,5.92,8.11,2.63,0.33,0.26,0.27
2023-01-26,19.36,17.01,17.94,14.05,78.2,4.25,5.07,5.37,15.29,0.44,0.27,0.28
2023-01-27,20.2,16.19,17.74,14.69,82.51,4.33,5.18,4.58,28.8,0.55,0.32,0.32
2023-01-28,20.1,16.02,17.91,12.6,71.9,3.18,3.82,15.73,2.35,0.47,0.34,0.34
2023-01-29,21.79,16.83,18.72,9.72,56.52,1.6,1.94,16.59,0.0,0.44,0.33,0.34
2023-01-30,22.0,15.74,18.73,13.41,71.73,1.95,2.31,16.56,0.0,0.43,0.32,0.33
2023-01-31,25.52,14.91,19.99,12.75,66.0,1.83,2.32,16.92,0.02,0.42,0.32,0.33
2023-02-01,25.73,17.0,21.12,13.88,66.46,3.15,3.97,16.3,0.01,0.41,0.31,0.33
2023-02-02,25.72,18.42,21.66,16.95,76.81,2.88,3.62,14.68,0.22,0.41,0.31,0.33
2023-02-03,25.84,19.08,21.86,16.88,75.69,2.46,3.09,15.56,0.88,0.42,0.31,0.33
2023-02-04,22.73,17.88,20.07,15.2,74.93,3.51,4.32,16.33,0.15,0.41,0.31,0.32
2023-02-05,22.76,17.58,19.77,14.38,71.78,3.87,4.79,16.03,0.0,0.4,0.3,0.32
2023-02-06,25.37,18.67,21.46,12.91,59.77,1.33,1.65,17.03,0.0,0.39,0.3,0.32
2023-02-07,28.74,18.1,23.0,12.14,51.92,2.42,3.15,17.21,0.0,0.38,0.3,0.32
2023-02-08,26.8,18.54,21.97,14.99,67.18,5.24,6.42,16.12,0.12,0.38,0.3,0.31
2023-02-09,22.29,18.72,20.21,11.04,56.48,7.38,8.99,18.62,0.0,0.37,0.29,0.31
2023-02-10,20.78,17.01,18.84,9.74,56.22,7.24,8.77,18.07,0.0,0.36,0.29,0.31
2023-02-11,23.76,16.75,20.01,11.87,60.78,1.85,2.33,17.71,0.0,0.36,0.29,0.3
2023-02-12,28.3,16.75,21.91,14.52,65.21,1.96,2.55,18.15,0.0,0.36,0.29,0.3
2023-02-13,29.15,17.65,22.72,14.96,66.66,2.6,3.43,18.21,0.0,0.35,0.28,0.3
2023-02-14,29.3,18.09,23.18,15.55,66.75,2.73,3.58,18.62,0.0,0.34,0.28,0.3
2023-02-15,30.49,19.33,24.02,13.08,54.43,2.72,3.56,19.32,0.0,0.33,0.28,0.29
2023-02-16,28.97,19.12,23.26,13.02,56.03,3.44,4.31,18.96,0.0,0.33,0.27,0.29
2023-02-17,26.03,19.25,21.88,18.13,81.2,2.57,3.09,18.78,0.0,0.33,0.27,0.29
2023-02-18,23.98,18.67,21.0,15.64,72.31,4.46,5.49,19.4,0.0,0.33,0.27,0.29
2023-02-19,23.33,18.33,20.51,13.29,64.56,5.59,6.81,18.54,0.0,0.32,0.27,0.28
2023-02-20,22.74,18.09,20.27,12.84,63.21,4.98,6.09,18.87,0.0,0.32,0.27,0.28
2023-02-21,23.56,17.16,20.2,14.01,68.81,4.51,5.58,18.22,0.0,0.31,0.26,0.28
2023-02-22,24.48,18.13,20.8,15.43,73.13,3.68,4.56,16.77,0.0,0.31,0.26,0.28
2023-02-23,26.39,17.08,21.59,14.24,66.98,2.63,3.22,18.44,0.0,0.31,0.26,0.27
2023-02-24,30.37,19.73,24.24,8.85,40.48,2.04,2.71,19.78,0.0,0.3,0.26,0.27
2023-02-25,30.47,19.93,24.3,13.62,55.31,2.82,3.71,18.85,0.01,0.29,0.26,0.27
2023-02-26,30.62,20.8,24.89,14.77,56.26,2.43,3.19,18.92,0.0,0.29,0.25,0.27
2023-02-27,32.32,21.46,25.38,13.85,51.68,1.98,2.65,17.0,0.0,0.28,0.25,0.26
2023-02-28,30.77,23.25,25.88,15.31,54.19,2.13,2.78,18.0,0.01,0.28,0.25,0.26
2023-03-01,26.45,21.72,23.6,16.72,66.21,1.64,1.98,15.6,0.17,0.29,0.25,0.26
2023-03-02,28.08,20.56,23.47,16.73,67.08,2.03,2.56,15.02,0.38,0.3,0.25,0.26
2023-03-03,29.42,20.58,23.91,18.48,73.92,3.01,3.73,20.02,0.14,0.29,0.25,0.26
2023-03-04,26.71,19.96,22.64,16.18,69.63,2.4,2.85,20.08,0.02,0.28,0.24,0.26
2023-03-05,28.01,19.07,23.01,16.81,71.19,2.01,2.43,20.65,0.01,0.27,0.24,0.25
2023-03-06,28.54,19.13,23.27,16.07,67.96,2.74,3.38,21.12,0.02,0.27,0.24,0.25
2023-03-07,29.17,19.52,23.99,11.57,49.54,1.76,2.12,21.29,0.04,0.26,0.24,0.25
2023-03-08,33.03,20.39,25.92,12.22,46.19,2.11,2.79,19.73,0.0,0.25,0.24,0.25
2023-03-09,32.28,22.61,26.77,14.46,51.85,2.36,3.15,20.38,0.0,0.25,0.23,0.25
2023-03-10,30.47,22.94,26.12,16.66,58.85,2.93,3.77,14.77,0.0,0.25,0.23,0.24
2023-03-11,30.17,22.09,25.98,17.72,62.92,2.38,2.97,20.93,0.0,0.25,0.23,0.24
2023-03-12,31.09,23.55,27.14,13.26,44.85,1.58,2.06,21.09,0.01,0.24,0.23,0.24
2023-03-13,29.61,22.91,25.45,16.79,62.39,3.12,4.02,12.65,0.02,0.25,0.23,0.24
2023-03-14,29.7,22.15,25.43,16.99,62.99,2.35,2.93,19.59,0.1,0.24,0.23,0.24
2023-03-15,29.01,21.96,25.37,16.65,60.4,1.94,2.31,20.66,0.0,0.24,0.22,0.23
2023-03-16,29.49,22.59,25.54,16.9,61.42,2.66,3.15,22.08,0.01,0.23,0.22,0.23
2023-03-17,28.58,21.18,24.14,16.27,65.8,5.56,6.71,23.74,0.0,0.22,0.22,0.23
2023-03-18,26.71,19.84,22.77,16.16,68.0,4.98,5.98,23.48,0.0,0.22,0.22,0.23
2023-03-19,27.78,19.35,22.87,16.39,69.78,3.57,4.33,19.14,0.0,0.22,0.22,0.23
2023-03-20,29.17,19.89,24.48,16.6,64.9,3.14,3.84,21.66,0.11,0.21,0.22,0.23
2023-03-21,31.74,22.19,26.36,13.94,49.85,2.74,3.49,14.96,0.5,0.21,0.21,0.22
2023-03-22,25.02,20.63,22.7,13.1,56.52,6.92,8.32,24.42,0.02,0.2,0.21,0.22
2023-03-23,24.21,20.37,22.07,12.9,56.71,7.55,9.09,23.45,0.0,0.19,0.21,0.22
2023-03-24,26.12,19.61,22.48,15.09,64.18,3.91,4.65,23.26,0.0,0.19,0.21,0.22
2023-03-25,27.26,19.07,22.89,15.14,64.33,1.86,2.2,22.69,0.01,0.18,0.21,0.22
2023-03-26,31.11,20.79,25.55,14.79,54.92,1.44,1.81,22.28,0.0,0.17,0.21,0.22
2023-03-27,30.73,22.48,26.41,17.39,60.94,2.64,3.27,19.04,1.04,0.17,0.21,0.22
2023-03-28,27.87,22.17,24.99,16.25,61.46,5.24,6.32,21.27,1.88,0.24,0.21,0.22
2023-03-29,26.39,21.32,23.44,16.39,65.48,6.58,7.86,24.16,0.0,0.2,0.21,0.22
2023-03-30,26.6,19.79,22.85,17.07,71.58,4.43,5.28,24.25,0.0,0.19,0.21,0.22
2023-03-31,27.74,18.58,23.35,15.75,66.64,2.81,3.42,21.68,0.04,0.18,0.21,0.22
2023-04-01,29.03,20.7,24.29,16.39,65.26,3.88,4.58,23.12,0.01,0.17,0.2,0.21
2023-04-02,25.07,20.41,22.47,13.41,57.9,7.52,9.0,20.84,0.0,0.17,0.2,0.21
2023-04-03,24.84,19.77,21.92,12.32,55.84,8.26,9.92,26.3,0.0,0.16,0.2,0.21
2023-04-04,26.12,19.35,22.59,14.4,61.4,5.82,7.0,25.02,0.0,0.16,0.2,0.21
2023-04-05,28.15,19.33,23.23,15.49,64.41,2.62,3.19,23.19,0.0,0.16,0.2,0.21
2023-04-06,29.47,19.51,24.23,15.76,63.73,2.43,2.92,24.11,0.0,0.15,0.2,0.21
2023-04-07,31.09,20.66,25.85,15.39,56.58,2.22,2.82,24.85,0.0,0.15,0.2,0.21
2023-04-08,31.4,22.05,26.32,16.16,59.87,1.85,2.33,20.74,0.0,0.14,0.2,0.2
2023-04-09,31.87,22.62,26.34,17.47,63.92,1.9,2.26,24.15,0.0,0.14,0.2,0.2
2023-04-10,31.99,22.73,26.77,16.72,58.42,2.02,2.42,22.19,0.0,0.14,0.19,0.2
2023-04-11,33.95,23.34,27.82,15.51,52.49,1.8,2.21,20.74,0.07,0.14,0.19,0.2
2023-04-12,33.21,24.2,28.55,14.16,44.71,2.19,2.76,22.36,0.08,0.14,0.19,0.2
2023-04-13,34.28,26.1,29.75,16.33,45.72,3.2,4.14,16.97,0.01,0.13,0.19,0.2
2023-04-14,31.84,25.04,27.91,19.26,61.12,3.86,4.61,19.47,0.03,0.13,0.19,0.2
2023-04-15,28.41,22.37,25.26,17.17,63.23,6.12,7.22,23.57,0.0,0.13,0.19,0.2
2023-04-16,27.87,20.79,24.37,17.09,65.08,5.44,6.43,22.25,0.0,0.13,0.19,0.2
2023-04-17,28.31,22.94,25.31,16.57,60.14,6.04,7.14,23.04,0.0,0.13,0.19,0.2
2023-04-18,29.08,22.41,25.35,15.36,57.19,3.82,4.52,23.79,0.0,0.13,0.19,0.2
2023-04-19,30.13,21.36,25.22,16.27,60.71,2.58,2.99,23.6,0.0,0.12,0.19,0.19
2023-04-20,31.26,21.05,25.35,16.46,62.34,2.95,3.54,23.33,0.0,0.12,0.19,0.19
2023-04-21,30.51,21.5,25.96,15.04,55.11,3.31,3.96,24.88,0.0,0.12,0.19,0.19
2023-04-22,32.54,22.71,27.37,12.94,45.87,2.16,2.56,25.07,0.01,0.12,0.18,0.19
2023-04-23,32.44,23.64,27.35,13.92,48.4,2.74,3.21,19.78,0.01,0.11,0.18,0.19
2023-04-24,31.92,23.42,27.8,13.08,44.13,2.94,3.56,23.26,0.01,0.11,0.18,0.19
2023-04-25,33.74,26.43,29.59,12.19,36.91,1.76,2.26,24.88,0.0,0.11,0.18,0.19
2023-04-26,32.91,24.8,28.61,18.46,58.06,3.17,3.83,21.02,0.05,0.1,0.18,0.19
2023-04-27,31.33,24.04,27.33,16.32,56.36,3.58,4.24,23.51,0.0,0.11,0.18,0.19
2023-04-28,30.79,22.66,26.71,15.73,54.92,3.57,4.28,26.08,0.04,0.11,0.18,0.19
2023-04-29,32.54,22.82,27.65,15.53,53.61,3.02,3.64,26.32,0.01,0.11,0.18,0.19
2023-04-30,33.64,24.52,28.83,11.35,37.24,2.86,3.48,26.27,0.01,0.1,0.18,0.18
2023-05-01,34.06,24.86,28.96,16.93,52.92,3.46,4.27,25.72,0.0,0.1,0.18,0.18
2023-05-02,33.87,24.07,28.6,19.22,62.7,4.43,5.36,26.8,0.0,0.1,0.18,0.18
2023-05-03,32.2,23.31,27.37,17.99,61.16,4.66,5.56,28.23,0.0,0.1,0.18,0.18
2023-05-04,33.64,22.9,27.9,19.2,65.2,2.66,3.21,27.39,0.0,0.1,0.18,0.18
2023-05-05,34.61,22.85,28.35,18.33,60.8,2.36,2.82,26.89,0.0,0.1,0.18,0.18
2023-05-06,35.94,24.4,29.52,17.88,54.56,1.76,2.04,26.88,0.0,0.09,0.17,0.18
2023-05-07,35.36,25.71,29.8,19.04,56.65,1.84,2.15,25.92,0.0,0.09,0.17,0.18
2023-05-08,37.09,24.56,30.46,16.02,46.83,1.89,2.25,25.77,0.0,0.09,0.17,0.18
2023-05-09,36.95,28.5,32.18,10.93,29.41,2.57,3.14,23.89,0.0,0.09,0.17,0.18
2023-05-10,36.68,29.39,32.78,12.65,32.91,2.41,3.01,26.26,0.0,0.09,0.17,0.18
2023-05-11,36.16,28.15,31.88,14.33,38.38,3.15,3.8,25.45,0.0,0.09,0.17,0.18
2023-05-12,36.4,26.33,31.3,20.2,55.55,2.85,3.46,24.4,0.0,0.09,0.17,0.18
2023-05-13,37.0,26.96,31.44,21.47,60.11,3.49,4.21,25.3,0.0,0.09,0.17,0.18
2023-05-14,36.78,26.56,31.25,20.75,60.76,4.88,5.88,26.99,0.0,0.09,0.17,0.17
2023-05-15,34.8,26.32,29.98,20.64,62.18,5.77,6.87,27.98,0.0,0.09,0.17,0.17
2023-05-16,34.8,25.42,29.85,19.79,60.28,6.32,7.51,23.39,0.01,0.09,0.17,0.17
2023-05-17,36.48,26.49,31.22,19.03,55.13,5.01,5.97,26.02,0.0,0.09,0.17,0.17
2023-05-18,37.05,27.13,31.84,17.67,48.13,2.71,3.3,22.21,0.0,0.08,0.17,0.17
2023-05-19,36.87,28.17,32.62,16.21,40.78,2.66,3.24,24.83,0.0,0.08,0.17,0.17
2023-05-20,38.57,30.46,33.78,16.64,37.88,2.49,3.06,23.72,0.16,0.08,0.17,0.17
2023-05-21,35.53,27.77,32.31,19.11,49.31,2.4,2.87,17.64,0.34,0.1,0.17,0.17
2023-05-22,35.5,29.39,32.51,19.06,46.24,2.87,3.36,16.07,0.21,0.1,0.17,0.17
2023-05-23,35.88,29.7,32.53,18.61,45.41,2.56,2.98,23.58,0.01,0.1,0.17,0.17
2023-05-24,37.32,28.73,32.76,18.27,45.08,2.7,3.17,23.15,0.01,0.09,0.17,0.17
2023-05-25,37.67,28.9,32.68,18.23,46.81,3.04,3.6,23.48,0.02,0.09,0.17,0.17
2023-05-26,37.54,27.61,32.45,21.35,57.59,4.69,5.55,25.47,0.01,0.09,0.17,0.17
2023-05-27,37.56,28.82,32.67,21.41,56.94,5.85,7.01,26.01,0.0,0.09,0.16,0.17
2023-05-28,36.01,27.38,31.55,21.99,61.57,4.5,5.33,25.23,0.0,0.08,0.16,0.17
2023-05-29,39.25,27.36,32.58,22.04,60.56,2.58,3.05,24.43,0.01,0.08,0.16,0.17
2023-05-30,39.19,29.71,34.04,18.39,43.46,2.5,2.93,23.42,0.0,0.08,0.16,0.17
2023-05-31,38.63,29.57,33.56,20.38,50.27,4.25,5.03,24.16,0.0,0.08,0.16,0.17
2023-06-01,36.14,28.73,32.29,23.95,65.46,5.94,7.02,24.21,0.0,0.08,0.16,0.17
2023-06-02,35.08,28.96,31.62,23.26,63.45,5.71,6.71,24.51,0.0,0.08,0.16,0.17
2023-06-03,38.09,27.27,32.09,21.55,58.59,3.57,4.15,24.54,0.0,0.08,0.16,0.17
2023-06-04,39.65,29.15,33.93,21.08,52.51,2.93,3.49,25.12,0.0,0.08,0.16,0.17
2023-06-05,40.17,31.3,34.97,19.07,42.37,3.71,4.54,25.84,0.0,0.08,0.16,0.16
2023-06-06,40.05,31.85,35.32,18.2,38.94,3.62,4.39,26.92,0.0,0.08,0.16,0.16
2023-06-07,39.0,29.4,33.92,21.11,51.32,3.04,3.54,27.13,0.0,0.07,0.16,0.16
2023-06-08,36.99,28.15,32.54,21.14,54.51,3.69,4.36,24.84,0.0,0.07,0.16,0.16
2023-06-09,37.89,29.43,33.76,19.71,47.37,3.15,3.81,26.25,0.0,0.07,0.16,0.16
2023-06-10,39.44,29.1,34.12,21.52,54.5,2.35,2.77,26.48,0.0,0.08,0.16,0.16
2023-06-11,40.91,28.6,34.6,21.77,54.49,2.33,2.71,24.94,0.0,0.07,0.16,0.16
2023-06-12,41.37,30.38,35.26,23.45,57.75,2.51,2.93,24.91,0.0,0.07,0.16,0.16
2023-06-13,41.05,31.1,35.64,24.15,58.3,3.75,4.45,23.54,0.0,0.07,0.16,0.16
2023-06-14,40.31,31.59,35.23,24.16,57.31,5.1,6.03,25.56,0.0,0.07,0.16,0.16
2023-06-15,42.03,29.78,34.88,23.43,57.71,3.83,4.47,24.52,0.0,0.07,0.16,0.16
2023-06-16,40.53,30.19,34.37,24.35,62.17,3.94,4.56,25.39,0.0,0.07,0.16,0.16
2023-06-17,38.65,29.69,33.44,24.24,63.42,4.65,5.41,26.04,0.0,0.07,0.16,0.16
2023-06-18,38.35,29.07,33.56,21.99,54.91,3.08,3.55,25.4,0.0,0.07,0.16,0.16
2023-06-19,39.59,31.48,35.2,22.6,49.4,2.09,2.4,22.72,0.0,0.07,0.16,0.16
2023-06-20,40.38,31.76,35.63,22.31,48.71,2.24,2.56,24.37,0.0,0.07,0.16,0.16
2023-06-21,40.69,31.03,35.37,21.79,51.25,3.35,3.88,25.74,0.0,0.07,0.16,0.16
2023-06-22,40.64,30.38,34.9,23.53,59.49,4.07,4.74,24.19,0.0,0.07,0.16,0.16
2023-06-23,40.99,29.37,34.48,23.41,59.04,3.54,4.1,24.16,0.0,0.07,0.16,0.16
2023-06-24,40.73,30.46,34.62,24.95,61.96,3.27,3.8,23.49,0.0,0.07,0.15,0.16
2023-06-25,40.23,30.71,35.12,23.75,55.97,2.53,2.93,24.32,0.0,0.07,0.15,0.16
2023-06-26,40.37,31.06,35.59,24.11,55.6,2.73,3.22,22.84,0.0,0.07,0.15,0.16
2023-06-27,39.97,32.58,35.8,25.25,56.68,4.63,5.54,20.87,0.0,0.07,0.15,0.16
2023-06-28,40.36,32.04,35.78,24.71,55.16,2.81,3.31,21.15,0.0,0.07,0.15,0.16
2023-06-29,38.89,32.84,35.62,24.35,53.99,2.14,2.46,21.35,0.0,0.07,0.15,0.16
2023-06-30,38.98,30.79,34.63,23.1,56.99,3.21,3.7,24.2,0.0,0.07,0.15,0.16
2023-07-01,39.7,30.22,34.62,22.21,54.15,3.0,3.54,27.14,0.0,0.07,0.15,0.16
2023-07-02,39.23,29.85,34.08,23.53,59.78,2.84,3.29,27.38,0.0,0.07,0.15,0.16
2023-07-03,40.99,30.71,35.75,23.32,52.31,1.33,1.54,25.0,0.0,0.07,0.15,0.16
2023-07-04,41.3,31.92,35.83,24.63,56.73,1.86,2.13,23.49,0.0,0.07,0.15,0.16
2023-07-05,42.2,31.02,36.08,23.05,52.37,2.28,2.62,21.71,0.0,0.07,0.15,0.15
2023-07-06,44.69,31.27,37.98,21.97,45.73,1.4,1.7,23.13,0.0,0.07,0.15,0.15
2023-07-07,43.5,33.05,37.86,22.92,45.01,2.54,3.08,22.12,0.0,0.06,0.15,0.15
2023-07-08,43.78,33.11,38.42,22.63,43.6,2.03,2.4,22.0,0.0,0.06,0.15,0.15
2023-07-09,43.66,33.71,38.42,23.31,44.45,2.8,3.37,22.7,0.0,0.06,0.15,0.15
2023-07-10,43.09,32.86,37.35,23.22,47.08,3.38,4.01,22.08,0.0,0.06,0.15,0.15
2023-07-11,41.75,33.56,36.83,23.81,50.03,3.4,4.02,20.31,0.0,0.06,0.15,0.15
2023-07-12,39.7,32.28,36.1,22.5,48.24,2.77,3.23,23.3,0.0,0.06,0.15,0.15
2023-07-13,42.67,32.36,37.05,24.8,53.16,2.11,2.44,21.66,0.0,0.06,0.15,0.15
2023-07-14,43.2,34.43,38.68,23.31,44.81,2.86,3.4,22.11,0.0,0.06,0.15,0.15
2023-07-15,41.99,34.49,37.84,23.21,45.57,3.22,3.79,20.0,0.0,0.06,0.15,0.15
2023-07-16,42.53,33.56,37.71,24.12,49.5,3.74,4.43,22.4,0.0,0.06,0.15,0.15
2023-07-17,41.04,32.72,36.42,22.94,50.03,2.88,3.33,23.92,0.0,0.06,0.15,0.15
2023-07-18,44.0,31.81,37.34,21.13,42.76,2.33,2.79,23.57,0.0,0.06,0.15,0.15
2023-07-19,42.31,31.55,36.43,24.11,55.02,2.47,2.86,23.5,0.0,0.06,0.15,0.15
2023-07-20,41.92,31.87,36.67,25.08,57.39,2.98,3.5,22.1,0.0,0.06,0.15,0.15
2023-07-21,40.58,32.66,36.55,25.47,55.33,4.03,4.78,20.21,0.0,0.06,0.15,0.15
2023-07-22,42.51,32.28,36.62,26.04,57.37,4.0,4.7,20.17,0.0,0.06,0.15,0.15
2023-07-23,40.95,32.53,36.79,25.23,53.35,3.38,3.99,22.83,0.0,0.06,0.15,0.15
2023-07-24,41.14,32.29,35.97,25.41,57.07,3.35,3.88,20.24,0.0,0.06,0.15,0.15
2023-07-25,40.24,33.51,36.99,25.79,54.48,2.81,3.38,20.61,0.0,0.06,0.15,0.15
2023-07-26,40.54,33.66,37.15,24.42,49.65,4.89,5.85,21.38,0.0,0.06,0.15,0.15
2023-07-27,40.37,32.79,36.57,24.43,51.35,3.55,4.16,21.9,0.04,0.07,0.15,0.15
2023-07-28,41.29,32.59,36.71,24.44,51.49,3.15,3.68,22.85,0.0,0.07,0.15,0.15
2023-07-29,41.11,33.72,36.68,24.82,52.53,2.85,3.32,20.74,0.0,0.07,0.15,0.15
2023-07-30,40.73,32.15,35.86,23.69,53.21,2.89,3.37,22.15,0.07,0.07,0.15,0.15
2023-07-31,39.77,31.54,35.58,24.77,57.67,2.67,3.08,22.37,0.09,0.07,0.15,0.15
2023-08-01,40.16,31.5,35.99,23.63,53.11,2.37,2.77,21.32,0.08,0.07,0.15,0.15
2023-08-02,43.82,33.41,38.25,19.96,37.76,1.78,2.21,23.93,0.01,0.07,0.15,0.15
2023-08-03,45.01,34.82,39.39,20.02,34.82,1.77,2.25,23.78,0.04,0.07,0.15,0.15
2023-08-04,43.95,35.89,39.6,18.49,31.55,2.65,3.31,22.42,0.04,0.06,0.15,0.15
2023-08-05,44.39,33.75,38.72,22.86,42.73,4.48,5.39,20.98,0.01,0.06,0.15,0.15
2023-08-06,42.78,34.67,38.34,21.9,41.0,2.88,3.44,20.69,0.0,0.06,0.15,0.15
2023-08-07,41.54,34.97,37.85,22.27,43.05,2.84,3.35,19.76,0.0,0.06,0.15,0.15
2023-08-08,41.24,33.18,36.94,23.77,51.15,2.91,3.4,21.78,0.0,0.06,0.15,0.15
2023-08-09,42.26,32.01,37.1,22.14,46.58,1.61,1.85,22.78,0.0,0.06,0.15,0.15
2023-08-10,43.19,33.9,38.07,23.87,46.94,2.35,2.78,22.65,0.0,0.06,0.15,0.15
2023-08-11,42.74,34.8,38.25,22.57,42.77,1.97,2.36,21.71,0.0,0.06,0.15,0.15
2023-08-12,40.96,34.27,37.21,22.71,45.47,2.87,3.36,21.95,0.0,0.06,0.15,0.15
2023-08-13,40.43,33.13,36.48,23.18,49.42,3.4,4.0,22.85,0.0,0.06,0.15,0.15
2023-08-14,42.74,32.73,37.44,20.51,41.48,1.82,2.18,22.51,0.0,0.06,0.15,0.15
2023-08-15,43.79,33.56,38.53,19.87,38.78,2.24,2.76,21.04,0.0,0.06,0.15,0.15
2023-08-16,42.65,32.46,37.07,21.47,43.6,5.57,6.65,21.29,0.0,0.05,0.15,0.15
2023-08-17,39.44,32.33,35.68,22.37,47.62,2.55,2.96,22.14,0.0,0.05,0.15,0.15
2023-08-18,39.62,32.04,35.39,22.16,47.81,3.34,3.84,22.88,0.01,0.05,0.15,0.15
2023-08-19,39.51,32.14,35.18,23.67,53.18,2.27,2.57,23.59,0.12,0.06,0.15,0.15
2023-08-20,40.41,32.39,35.81,23.72,52.16,2.42,2.76,23.95,0.0,0.06,0.15,0.15
2023-08-21,40.54,32.24,36.0,22.02,47.15,2.64,3.06,23.32,0.0,0.06,0.15,0.15
2023-08-22,40.76,32.19,36.08,23.31,51.22,2.56,2.97,22.93,0.02,0.06,0.15,0.15
2023-08-23,40.56,31.61,35.72,25.84,61.78,3.22,3.74,21.99,0.03,0.06,0.15,0.15
2023-08-24,44.79,31.98,37.57,21.32,47.56,1.44,1.66,21.93,0.01,0.06,0.15,0.15
2023-08-25,43.83,32.3,37.51,22.79,48.31,1.55,1.81,22.53,0.0,0.06,0.15,0.15
2023-08-26,43.59,34.59,38.13,22.46,43.55,2.2,2.7,23.04,0.0,0.06,0.15,0.15
2023-08-27,43.52,33.59,37.97,22.24,43.61,1.62,1.93,22.16,0.0,0.05,0.15,0.15
2023-08-28,42.9,33.0,37.02,24.05,50.38,2.6,3.07,21.95,0.0,0.05,0.15,0.15
2023-08-29,41.55,32.24,36.32,22.28,48.11,2.69,3.17,22.91,0.0,0.05,0.15,0.15
2023-08-30,41.26,31.59,36.29,22.56,49.15,3.0,3.55,23.17,0.0,0.05,0.15,0.15
2023-08-31,40.15,30.65,35.15,23.16,52.98,3.02,3.46,22.37,0.0,0.05,0.15,0.15
2023-09-01,40.03,32.33,35.59,23.77,51.89,1.52,1.73,20.71,0.01,0.05,0.15,0.15
2023-09-02,39.63,31.76,35.12,24.65,56.21,4.27,4.91,20.05,0.02,0.05,0.15,0.15
2023-09-03,40.49,29.98,34.89,23.97,56.03,3.39,3.88,20.75,0.0,0.06,0.15,0.15
2023-09-04,39.62,30.73,34.86,23.94,55.5,3.03,3.43,20.04,0.0,0.06,0.15,0.15
2023-09-05,38.36,32.22,35.0,24.82,56.97,2.01,2.28,21.8,0.0,0.06,0.15,0.15
2023-09-06,41.11,32.53,35.93,23.66,52.26,2.61,3.07,22.15,0.0,0.06,0.15,0.15
2023-09-07,40.8,30.41,35.24,22.42,50.87,3.55,4.14,21.03,0.0,0.06,0.15,0.15
2023-09-08,40.31,30.46,34.72,21.97,51.05,3.33,3.85,20.93,0.0,0.06,0.15,0.15
2023-09-09,38.46,31.89,34.65,23.26,53.72,2.89,3.39,21.7,0.0,0.06,0.15,0.15
2023-09-10,38.84,31.13,34.64,24.19,57.13,2.72,3.12,21.51,0.0,0.06,0.15,0.15
2023-09-11,40.9,31.0,35.57,23.33,52.68,3.77,4.44,21.8,0.0,0.06,0.15,0.15
2023-09-12,40.84,32.12,35.58,23.31,52.71,3.04,3.59,20.71,0.0,0.06,0.15,0.15
2023-09-13,39.37,30.89,34.64,24.52,59.4,2.41,2.79,20.72,0.0,0.06,0.15,0.15
2023-09-14,40.73,30.34,35.07,24.45,57.31,2.14,2.5,20.54,0.0,0.06,0.15,0.15
2023-09-15,41.0,30.77,35.37,24.13,55.45,3.27,3.84,20.33,0.0,0.06,0.15,0.15
2023-09-16,39.82,30.03,34.64,24.61,58.41,3.52,4.1,19.14,0.0,0.06,0.15,0.15
2023-09-17,38.54,31.44,34.38,25.89,62.57,2.26,2.56,19.05,0.0,0.06,0.15,0.15
2023-09-18,38.23,32.25,34.64,26.75,64.81,2.12,2.39,19.24,0.0,0.06,0.15,0.15
2023-09-19,40.27,32.68,35.81,25.49,57.21,1.68,1.95,18.81,0.0,0.06,0.15,0.15
2023-09-20,40.93,33.07,35.94,22.57,49.2,2.52,2.99,18.8,0.0,0.06,0.15,0.15
2023-09-21,40.52,32.54,35.9,23.57,52.19,1.36,1.57,19.26,0.0,0.06,0.15,0.15
2023-09-22,40.24,32.04,35.81,23.07,51.22,1.77,2.1,18.96,0.0,0.06,0.15,0.15
2023-09-23,41.36,31.18,36.04,19.25,42.55,3.26,3.94,19.24,0.0,0.05,0.15,0.15
2023-09-24,40.42,30.57,35.27,17.58,41.02,4.01,4.82,19.39,0.0,0.05,0.15,0.15
2023-09-25,39.78,30.31,34.61,19.93,45.28,3.11,3.7,19.17,0.0,0.05,0.15,0.15
2023-09-26,40.29,30.04,34.86,18.79,42.66,3.14,3.76,19.39,0.0,0.05,0.15,0.15
2023-09-27,39.62,29.17,33.79,19.93,47.81,3.37,3.96,20.05,0.0,0.05,0.15,0.15
2023-09-28,38.52,29.8,33.52,19.49,48.02,3.06,3.62,18.83,0.0,0.05,0.14,0.15
2023-09-29,37.17,29.3,32.75,22.89,59.74,2.18,2.51,19.63,0.0,0.05,0.14,0.15
2023-09-30,39.18,28.09,33.52,21.08,53.64,1.83,2.16,20.04,0.0,0.05,0.14,0.15
2023-10-01,35.92,30.4,32.74,22.43,56.8,2.76,3.21,20.3,0.0,0.05,0.14,0.15
2023-10-02,37.02,29.43,32.81,21.65,54.85,2.43,2.86,20.27,0.0,0.05,0.14,0.15
2023-10-03,38.84,30.47,33.99,20.72,48.54,1.88,2.17,20.07,0.0,0.05,0.14,0.15
2023-10-04,39.27,30.76,34.08,21.92,52.59,2.15,2.52,19.47,0.0,0.05,0.14,0.15
2023-10-05,38.81,30.01,33.5,24.42,63.07,2.58,3.07,19.75,0.0,0.05,0.14,0.15
2023-10-06,37.93,29.98,33.48,25.28,65.93,2.76,3.29,19.78,0.0,0.05,0.14,0.15
2023-10-07,40.05,30.1,34.67,21.53,51.77,3.65,4.38,18.73,0.0,0.05,0.14,0.15
2023-10-08,39.75,28.91,33.87,22.63,55.95,2.54,3.01,19.13,0.0,0.05,0.14,0.15
2023-10-09,38.74,29.79,33.5,21.16,52.35,2.75,3.26,19.0,0.0,0.05,0.14,0.15
2023-10-10,37.2,28.36,32.33,23.36,62.83,2.42,2.81,18.76,0.0,0.05,0.14,0.15
2023-10-11,37.08,29.52,32.72,22.04,56.57,2.29,2.67,19.74,0.0,0.05,0.14,0.15
2023-10-12,37.9,30.14,33.23,21.91,55.43,3.05,3.61,19.64,0.0,0.05,0.14,0.15
2023-10-13,37.12,29.71,32.88,21.32,54.56,2.24,2.61,18.57,0.0,0.05,0.14,0.15
2023-10-14,38.41,28.83,32.95,21.35,53.57,1.93,2.29,17.25,0.0,0.05,0.14,0.15
2023-10-15,36.21,29.25,32.0,21.29,55.84,1.89,2.16,17.95,0.0,0.05,0.14,0.15
2023-10-16,37.25,28.31,32.38,21.12,55.0,2.07,2.41,17.64,0.0,0.05,0.14,0.15
2023-10-17,36.9,28.55,32.34,19.22,48.84,3.31,3.91,18.14,0.0,0.05,0.14,0.15
2023-10-18,36.81,28.36,32.02,19.34,50.45,2.14,2.45,17.91,0.04,0.05,0.14,0.15
2023-10-19,35.92,28.37,31.44,21.29,57.3,2.6,3.02,17.41,0.1,0.06,0.14,0.15
2023-10-20,35.14,27.74,31.11,21.79,59.43,1.76,2.01,16.49,0.13,0.06,0.15,0.15
2023-10-21,36.88,28.07,32.15,20.96,54.74,1.81,2.19,16.68,0.08,0.07,0.15,0.15
2023-10-22,36.27,27.97,31.53,21.57,58.06,2.84,3.29,16.98,0.11,0.07,0.15,0.15
2023-10-23,36.05,28.19,31.73,20.33,53.42,1.91,2.25,16.87,0.3,0.08,0.15,0.15
2023-10-24,35.83,27.88,31.62,19.77,51.72,1.86,2.22,16.85,0.21,0.09,0.15,0.15
2023-10-25,35.04,29.46,31.61,20.92,54.17,2.2,2.59,16.0,1.05,0.11,0.15,0.15
2023-10-26,32.86,28.05,30.14,19.98,55.7,3.14,3.72,4.1,3.55,0.19,0.15,0.15
2023-10-27,31.42,26.7,28.92,18.36,53.55,1.83,2.17,17.13,1.75,0.2,0.16,0.16
2023-10-28,32.65,27.3,29.67,19.42,54.97,1.53,1.82,17.1,0.03,0.16,0.16,0.16
2023-10-29,33.64,27.85,30.47,19.59,53.38,1.72,2.01,16.84,0.0,0.14,0.16,0.16
2023-10-30,34.95,27.86,30.99,19.3,51.67,1.53,1.83,16.25,0.0,0.12,0.16,0.16
2023-10-31,35.62,27.08,31.01,16.92,46.26,1.62,1.94,16.56,0.0,0.11,0.15,0.16
2023-11-01,35.63,26.4,30.9,16.98,45.69,2.44,3.0,16.62,0.0,0.1,0.15,0.16
2023-11-02,34.83,26.1,30.37,16.45,46.39,2.44,2.97,16.76,0.02,0.1,0.15,0.16
2023-11-03,32.24,27.1,29.6,17.74,50.88,2.66,3.25,15.98,0.42,0.1,0.15,0.16
2023-11-04,31.77,27.31,29.35,21.13,61.87,3.84,4.64,15.45,0.56,0.14,0.16,0.16
2023-11-05,31.82,27.35,29.23,19.52,56.44,3.59,4.34,14.94,0.82,0.15,0.16,0.16
2023-11-06,32.09,27.57,29.3,18.44,52.71,3.37,4.07,15.74,0.4,0.16,0.16,0.16
2023-11-07,31.82,25.79,28.72,17.63,52.23,2.2,2.61,14.81,0.12,0.15,0.16,0.16
2023-11-08,31.36,26.63,28.79,17.92,52.5,1.43,1.65,15.03,1.03,0.15,0.16,0.16
2023-11-09,32.98,25.62,29.11,17.9,52.91,2.69,3.29,15.81,1.49,0.18,0.16,0.16
2023-11-10,33.28,25.41,29.07,15.89,46.71,1.84,2.28,16.74,0.01,0.15,0.16,0.16
2023-11-11,32.99,25.64,29.1,16.83,49.83,1.66,1.94,15.71,0.09,0.14,0.16,0.16
2023-11-12,33.06,25.03,28.81,16.13,48.64,2.59,3.12,15.31,0.0,0.13,0.16,0.16
2023-11-13,32.66,23.47,27.83,14.39,47.1,1.78,2.28,16.56,0.0,0.12,0.16,0.16
2023-11-14,33.13,23.27,27.84,10.72,36.89,1.89,2.38,16.86,0.0,0.11,0.16,0.16
2023-11-15,32.08,24.01,27.91,16.75,52.75,3.45,4.2,14.28,0.01,0.11,0.16,0.16
2023-11-16,29.89,25.62,27.33,18.58,59.98,3.47,4.15,8.21,16.33,0.22,0.17,0.17
2023-11-17,28.43,24.48,25.94,20.04,70.6,3.4,4.02,14.59,11.61,0.34,0.21,0.2
2023-11-18,28.47,24.2,25.99,18.93,65.61,1.99,2.35,14.34,2.19,0.29,0.21,0.21
2023-11-19,29.72,24.75,26.63,17.37,57.72,1.54,1.85,15.79,0.0,0.24,0.21,0.21
2023-11-20,30.12,23.56,26.81,18.75,63.07,2.82,3.42,13.52,0.13,0.22,0.21,0.21
2023-11-21,30.92,24.08,27.48,19.53,63.32,2.83,3.41,13.31,2.41,0.25,0.21,0.21
2023-11-22,30.15,24.97,27.01,19.33,63.73,2.38,2.86,14.78,0.02,0.23,0.21,0.21
2023-11-23,30.14,24.49,26.97,16.04,52.67,1.59,1.89,15.6,0.0,0.21,0.2,0.21
2023-11-24,28.54,22.86,25.79,17.1,59.2,1.8,2.16,12.76,0.07,0.21,0.2,0.21
2023-11-25,28.47,24.39,26.08,18.2,62.22,1.55,1.85,13.46,0.8,0.22,0.2,0.21
2023-11-26,29.54,22.89,26.2,17.61,60.27,1.73,2.04,14.16,0.01,0.21,0.2,0.21
2023-11-27,28.99,23.18,25.84,17.58,61.43,1.92,2.29,13.82,0.0,0.2,0.2,0.21
2023-11-28,29.45,22.67,26.0,19.37,67.73,2.32,2.79,13.87,0.0,0.19,0.2,0.21
2023-11-29,29.29,23.7,26.22,20.27,70.64,2.86,3.44,14.51,0.0,0.19,0.2,0.21
2023-11-30,28.24,23.17,25.26,18.03,65.07,2.73,3.35,13.9,0.0,0.19,0.2,0.21
2023-12-01,28.84,21.76,25.08,16.92,61.98,1.51,1.81,14.32,0.0,0.18,0.2,0.2
2023-12-02,29.07,23.7,25.81,17.36,60.61,1.56,1.81,14.16,0.0,0.18,0.2,0.2
2023-12-03,29.72,24.32,26.37,17.81,60.31,1.72,2.03,14.54,0.0,0.18,0.2,0.2
2023-12-04,30.4,23.34,26.37,16.65,57.23,1.94,2.27,14.43,0.0,0.17,0.19,0.2
2023-12-05,29.77,24.58,26.82,15.73,51.59,1.73,2.08,14.27,0.0,0.17,0.19,0.2
2023-12-06,29.76,23.35,26.11,15.02,52.83,1.46,1.71,14.67,0.0,0.16,0.19,0.2
2023-12-07,28.49,23.43,25.25,17.07,61.55,2.43,2.87,14.47,0.0,0.16,0.19,0.2
2023-12-08,27.65,22.69,24.85,16.31,60.2,1.84,2.26,14.64,0.0,0.16,0.19,0.2
2023-12-09,29.38,21.22,25.21,14.22,52.54,1.73,2.09,14.68,0.0,0.16,0.19,0.2
2023-12-10,28.31,22.9,25.09,15.32,55.54,2.28,2.71,14.82,0.0,0.16,0.19,0.2
2023-12-11,28.36,22.31,24.74,13.35,51.39,1.42,1.74,14.56,0.0,0.16,0.19,0.2
2023-12-12,28.31,22.38,24.84,14.39,53.71,1.7,2.01,14.62,0.0,0.15,0.19,0.2
2023-12-13,27.51,22.34,24.41,14.71,55.7,2.1,2.48,13.73,0.0,0.15,0.19,0.2
2023-12-14,27.4,20.58,23.86,13.12,52.54,4.21,5.0,12.16,0.11,0.15,0.19,0.2
2023-12-15,25.55,21.32,23.04,13.64,56.08,4.83,5.88,13.72,0.01,0.15,0.19,0.2
2023-12-16,26.69,21.18,23.44,12.97,52.74,2.55,3.1,13.67,0.0,0.15,0.19,0.2
2023-12-17,27.44,20.13,23.18,8.86,43.56,3.15,3.97,14.85,0.0,0.15,0.19,0.19
2023-12-18,27.67,19.75,23.1,9.94,45.42,1.83,2.31,14.96,0.0,0.14,0.19,0.19
2023-12-19,26.92,18.96,23.01,12.68,54.28,1.75,2.17,14.03,0.0,0.14,0.19,0.19
2023-12-20,26.25,20.23,23.16,13.25,54.86,1.45,1.77,13.56,0.02,0.14,0.19,0.19
2023-12-21,25.88,20.69,23.11,13.95,56.83,2.52,3.02,9.48,0.5,0.16,0.19,0.19
2023-12-22,25.5,20.93,22.85,14.13,58.58,3.06,3.8,11.28,0.01,0.16,0.19,0.19
2023-12-23,25.46,19.77,22.4,13.87,59.9,2.05,2.46,13.04,0.0,0.16,0.19,0.19
2023-12-24,27.18,20.3,23.45,12.66,52.22,1.45,1.81,12.58,0.0,0.16,0.19,0.19
2023-12-25,27.8,21.01,23.81,17.83,71.04,2.22,2.74,12.92,0.0,0.15,0.19,0.19
2023-12-26,28.04,22.51,24.59,18.45,70.32,2.97,3.68,13.46,0.0,0.15,0.19,0.19
2023-12-27,27.79,22.08,24.44,17.15,66.11,1.64,2.11,14.05,0.0,0.15,0.19,0.19
2023-12-28,27.08,19.67,23.28,15.96,65.87,1.92,2.35,13.1,0.0,0.15,0.19,0.19
2023-12-29,27.49,21.24,24.11,15.26,59.3,1.4,1.63,12.42,0.0,0.15,0.18,0.19
2023-12-30,28.74,20.96,24.46,16.51,63.68,1.57,1.88,13.65,0.0,0.15,0.18,0.19
2023-12-31,27.52,21.64,24.12,17.65,68.84,1.85,2.18,11.25,0.0,0.14,0.18,0.19
2024-01-01,27.4,21.96,24.12,17.93,69.76,3.64,4.41,13.49,0.01,0.14,0.18,0.19
2024-01-02,26.01,21.32,23.4,16.57,66.4,4.57,5.57,13.76,0.0,0.14,0.18,0.19
2024-01-03,24.98,20.7,22.72,15.98,66.14,3.74,4.53,12.88,0.01,0.14,0.18,0.19
2024-01-04,24.48,20.51,22.38,15.65,66.49,6.57,7.89,13.3,0.03,0.14,0.18,0.19
2024-01-05,24.96,20.26,22.17,15.26,65.68,2.71,3.32,14.3,0.0,0.14,0.18,0.19
2024-01-06,25.13,19.66,21.96,15.27,66.81,3.63,4.43,14.31,0.0,0.14,0.18,0.19
2024-01-07,24.52,19.08,21.62,13.47,60.75,2.72,3.39,14.6,0.0,0.14,0.18,0.19
2024-01-08,26.15,18.74,22.41,10.12,47.74,2.21,2.69,14.31,0.0,0.14,0.18,0.19
2024-01-09,25.24,18.3,21.42,9.64,48.32,1.46,1.79,15.29,0.0,0.13,0.18,0.19
2024-01-10,24.58,18.6,21.19,11.53,55.95,1.73,2.11,15.25,0.0,0.13,0.18,0.19
2024-01-11,24.89,19.04,20.93,13.03,62.72,2.25,2.64,14.61,0.0,0.13,0.18,0.19
2024-01-12,24.43,17.1,20.57,11.32,57.47,2.7,3.19,15.01,0.0,0.13,0.18,0.19
2024-01-13,25.82,18.37,21.93,10.38,49.34,1.69,2.0,14.38,0.0,0.13,0.18,0.18
2024-01-14,27.14,18.35,22.49,11.86,53.32,1.84,2.17,14.88,0.0,0.13,0.18,0.18
2024-01-15,27.81,20.36,23.35,13.14,55.52,2.52,3.07,15.41,0.0,0.13,0.18,0.18
2024-01-16,27.37,20.04,23.39,18.09,75.0,4.23,5.22,14.5,0.0,0.13,0.18,0.18
2024-01-17,26.02,20.2,23.13,16.04,66.48,5.82,7.08,14.62,0.0,0.13,0.18,0.18
2024-01-18,25.38,18.86,21.66,14.0,62.86,2.92,3.62,14.37,0.0,0.13,0.18,0.18
2024-01-19,24.9,19.81,21.73,14.47,64.16,3.27,4.04,13.84,0.0,0.13,0.18,0.18
2024-01-20,26.13,19.41,22.17,14.49,63.1,2.13,2.62,15.14,0.0,0.13,0.18,0.18
2024-01-21,24.84,19.63,21.67,14.98,67.43,3.18,3.86,14.94,0.0,0.13,0.18,0.18
2024-01-22,26.1,19.56,22.15,14.45,63.44,2.23,2.74,15.78,0.0,0.13,0.18,0.18
2024-01-23,26.82,20.28,22.49,14.17,61.65,1.93,2.34,15.58,0.0,0.13,0.18,0.18
2024-01-24,25.95,18.24,21.37,13.99,65.96,2.59,3.07,15.89,0.0,0.12,0.18,0.18
2024-01-25,27.21,17.6,21.79,12.11,57.95,2.34,2.77,15.14,0.0,0.12,0.18,0.18
2024-01-26,29.01,19.35,23.55,8.68,42.68,2.37,2.91,13.14,0.0,0.12,0.18,0.18
2024-01-27,27.31,19.38,23.61,14.62,58.12,3.43,4.25,13.52,0.01,0.12,0.17,0.18
2024-01-28,25.64,20.28,22.87,15.72,64.84,4.51,5.42,13.62,0.07,0.12,0.17,0.18
2024-01-29,23.99,19.36,21.54,11.91,55.37,5.04,6.09,13.84,0.0,0.12,0.17,0.18
2024-01-30,25.75,20.26,22.82,14.44,60.13,2.25,2.74,15.13,0.0,0.12,0.17,0.18
2024-01-31,27.41,22.22,24.09,14.88,57.85,1.79,2.11,14.24,0.17,0.12,0.17,0.18
2024-02-01,27.94,22.48,24.25,16.09,60.99,5.27,6.29,13.35,0.72,0.15,0.18,0.18
2024-02-02,26.7,20.09,23.3,15.86,63.53,6.73,8.06,8.6,0.53,0.16,0.18,0.18
2024-02-03,21.48,18.61,20.02,9.97,53.18,7.23,8.66,11.88,0.0,0.16,0.18,0.18
2024-02-04,21.9,17.89,19.65,9.05,51.12,6.21,7.49,17.62,0.0,0.15,0.18,0.18
2024-02-05,23.0,18.02,20.37,10.26,53.12,6.11,7.43,16.25,0.0,0.14,0.17,0.18
2024-02-06,23.24,18.63,20.62,11.18,55.53,6.42,7.86,16.72,0.0,0.14,0.17,0.18
2024-02-07,22.91,18.07,20.06,10.96,56.38,4.29,5.26,17.36,0.0,0.13,0.17,0.18
2024-02-08,22.48,17.79,19.78,11.93,61.24,4.21,5.16,17.3,0.0,0.13,0.17,0.18
2024-02-09,22.9,17.2,19.62,11.96,62.15,3.06,3.76,18.24,0.0,0.13,0.17,0.18
2024-02-10,25.0,17.7,20.66,10.44,54.51,1.43,1.76,18.05,0.0,0.13,0.17,0.18
2024-02-11,21.64,18.61,20.19,14.62,70.58,2.9,3.53,3.73,3.4,0.19,0.18,0.18
2024-02-12,20.75,18.91,19.78,17.0,84.0,6.36,7.7,10.39,71.02,0.49,0.27,0.25
2024-02-13,24.38,18.72,21.05,16.67,76.99,5.28,6.41,17.44,1.06,0.43,0.31,0.3
2024-02-14,26.37,19.47,22.53,18.32,78.27,4.62,5.63,15.93,0.55,0.39,0.3,0.3
2024-02-15,27.8,20.25,23.65,18.22,73.9,2.71,3.42,18.87,0.01,0.36,0.29,0.3
2024-02-16,28.86,20.5,24.2,18.61,73.38,3.35,4.14,16.84,0.0,0.35,0.29,0.29
2024-02-17,28.57,20.86,24.48,17.39,66.8,2.91,3.58,16.66,0.0,0.34,0.28,0.29
2024-02-18,25.23,19.88,22.44,15.13,64.12,6.3,7.66,18.3,0.0,0.33,0.28,0.29
2024-02-19,23.22,18.34,20.59,12.4,59.9,5.59,6.75,19.74,0.0,0.32,0.27,0.29
2024-02-20,23.85,18.19,20.97,13.25,62.16,4.75,5.85,17.91,0.0,0.32,0.27,0.28
2024-02-21,23.57,18.8,21.01,12.88,60.57,5.35,6.57,20.78,0.0,0.31,0.27,0.28
2024-02-22,25.16,18.52,21.19,13.35,62.6,2.34,2.99,20.03,0.0,0.31,0.27,0.28
2024-02-23,25.9,18.02,21.08,15.14,70.88,2.08,2.53,20.2,0.01,0.3,0.26,0.28
2024-02-24,26.27,18.1,21.76,17.79,80.36,2.59,3.21,17.37,0.02,0.3,0.26,0.27
2024-02-25,28.93,20.36,23.92,14.3,58.11,2.17,2.74,7.71,0.04,0.3,0.26,0.27
2024-02-26,23.6,19.32,21.77,15.95,69.91,4.95,5.96,18.43,0.03,0.29,0.26,0.27
2024-02-27,23.8,18.72,20.79,13.33,63.09,3.35,4.05,20.47,0.02,0.29,0.26,0.27
2024-02-28,25.59,16.99,20.96,12.61,60.29,2.21,2.63,16.39,0.0,0.28,0.25,0.27
2024-02-29,24.21,18.36,21.19,12.72,59.09,5.35,6.4,17.04,0.09,0.28,0.25,0.26
2024-03-01,20.87,16.43,18.78,8.58,52.08,4.16,5.02,20.05,0.0,0.27,0.25,0.26
2024-03-02,22.61,15.6,19.14,8.22,50.38,2.84,3.47,20.15,0.0,0.27,0.25,0.26
2024-03-03,24.17,15.89,19.95,9.09,50.82,1.38,1.68,21.94,0.0,0.27,0.25,0.26
2024-03-04,25.41,16.93,21.22,12.48,60.56,3.98,4.84,14.19,0.92,0.27,0.24,0.26
2024-03-05,25.66,19.17,22.26,18.25,78.48,5.31,6.42,10.47,3.75,0.34,0.25,0.26
2024-03-06,24.54,18.83,21.07,13.72,63.91,3.15,3.85,21.28,0.2,0.3,0.25,0.26
2024-03-07,26.3,18.55,21.97,12.32,56.31,1.88,2.24,19.92,0.0,0.28,0.25,0.26
2024-03-08,30.39,19.57,24.29,15.34,60.97,2.88,3.63,18.49,0.17,0.27,0.25,0.26
2024-03-09,22.88,19.56,21.67,18.62,82.89,3.57,4.34,3.04,40.88,0.48,0.28,0.28
2024-03-10,26.22,18.78,21.83,16.16,72.41,2.1,2.6,21.79,0.35,0.43,0.32,0.32
2024-03-11,27.72,17.32,22.42,13.52,62.77,2.19,2.74,21.27,0.25,0.39,0.31,0.31
2024-03-12,25.37,19.54,22.37,14.93,64.25,5.43,6.67,21.7,0.06,0.38,0.3,0.31
2024-03-13,28.47,18.86,22.94,14.69,62.68,1.86,2.25,21.49,0.0,0.37,0.29,0.31
2024-03-14,29.17,18.44,23.57,15.45,65.2,2.01,2.54,22.06,0.01,0.35,0.29,0.3
2024-03-15,29.87,20.53,24.88,16.81,64.43,1.7,2.25,14.62,0.0,0.34,0.29,0.3
2024-03-16,30.94,20.72,25.59,14.97,55.21,2.19,2.9,19.69,0.0,0.33,0.28,0.3
2024-03-17,30.9,23.62,26.56,16.4,55.89,2.44,3.19,20.38,0.0,0.32,0.28,0.29
2024-03-18,31.77,22.58,25.93,18.24,66.83,1.5,1.91,21.54,0.02,0.32,0.27,0.29
2024-03-19,30.12,22.04,26.23,18.07,63.88,1.54,2.01,14.55,0.03,0.33,0.27,0.29
2024-03-20,30.96,23.21,26.47,18.81,64.77,3.78,4.66,17.45,0.01,0.32,0.27,0.29
2024-03-21,27.99,21.0,24.45,19.16,74.69,3.44,4.17,21.92,0.01,0.31,0.27,0.28
2024-03-22,26.46,19.92,23.52,16.99,68.12,2.07,2.45,17.73,0.0,0.31,0.27,0.28
2024-03-23,29.81,23.48,26.13,18.14,64.09,1.58,2.09,13.11,0.81,0.33,0.27,0.28
2024-03-24,31.63,23.67,27.33,18.1,58.71,2.44,3.28,11.16,0.07,0.32,0.26,0.28
2024-03-25,30.17,24.43,26.97,18.12,59.6,3.7,4.8,11.3,0.0,0.3,0.26,0.27
2024-03-26,25.44,21.47,23.67,16.59,65.86,5.96,7.12,19.6,0.0,0.3,0.26,0.27
2024-03-27,24.34,20.07,21.86,14.14,62.16,6.7,8.03,20.0,0.0,0.29,0.26,0.27
2024-03-28,25.55,19.61,22.34,16.15,68.96,6.05,7.32,22.81,0.0,0.29,0.25,0.27
2024-03-29,25.91,20.27,22.8,16.29,67.84,5.58,6.74,23.85,0.0,0.28,0.25,0.27
2024-03-30,29.49,18.81,24.01,15.23,63.14,1.83,2.24,20.91,0.0,0.28,0.25,0.26
2024-03-31,26.45,21.43,23.68,17.27,69.55,2.09,2.55,12.22,0.0,0.28,0.25,0.26
2024-04-01,26.19,20.41,23.07,18.03,75.58,3.43,4.14,16.02,0.0,0.28,0.25,0.26
2024-04-02,26.78,20.54,23.42,17.04,70.61,3.16,3.85,20.39,0.02,0.28,0.25,0.26
2024-04-03,28.49,20.79,24.3,17.34,68.47,2.81,3.39,23.52,0.0,0.27,0.24,0.26
2024-04-04,28.6,20.19,24.04,15.76,64.4,3.75,4.6,23.74,0.0,0.26,0.24,0.25
2024-04-05,29.19,19.64,24.01,16.51,67.25,3.12,3.84,23.86,0.01,0.25,0.24,0.25
2024-04-06,30.2,19.53,24.44,15.21,61.03,2.62,3.2,23.62,0.0,0.25,0.24,0.25
2024-04-07,32.69,20.27,26.0,13.34,53.28,1.8,2.17,24.47,0.0,0.24,0.23,0.24
2024-04-08,32.54,23.16,27.7,12.24,41.22,1.86,2.37,17.1,0.0,0.23,0.23,0.24
2024-04-09,31.59,24.48,27.5,17.44,56.51,3.09,3.72,9.43,0.0,0.23,0.23,0.24
2024-04-10,30.89,23.5,26.59,19.61,68.12,4.21,5.1,20.26,0.0,0.24,0.23,0.24
2024-04-11,30.91,24.39,27.15,18.88,63.2,3.35,4.15,19.42,3.17,0.27,0.23,0.24
2024-04-12,30.17,24.98,27.37,19.3,62.28,2.23,2.77,18.07,0.1,0.29,0.23,0.24
2024-04-13,30.24,23.6,26.55,16.65,57.98,4.55,5.47,19.25,0.02,0.25,0.23,0.24
2024-04-14,29.35,23.09,25.93,14.7,53.12,4.62,5.58,23.04,0.06,0.23,0.23,0.24
2024-04-15,33.64,22.6,27.65,13.76,46.2,2.76,3.38,21.66,0.37,0.22,0.22,0.23
2024-04-16,26.72,21.73,24.52,21.05,81.1,6.86,8.28,2.5,57.36,0.5,0.28,0.28
2024-04-17,26.71,22.7,24.39,20.0,77.23,6.78,8.09,22.29,11.83,0.49,0.35,0.34
2024-04-18,28.4,21.39,24.88,17.69,66.41,4.03,4.87,25.55,0.08,0.42,0.33,0.33
2024-04-19,29.6,21.63,25.35,16.82,61.78,2.22,2.64,25.57,0.15,0.41,0.32,0.33
2024-04-20,30.61,21.57,25.77,16.84,60.94,2.04,2.46,25.34,0.09,0.39,0.31,0.32
2024-04-21,31.4,22.47,26.75,18.04,62.38,1.26,1.49,25.47,0.16,0.38,0.3,0.32
2024-04-22,34.22,24.76,29.26,15.73,46.32,1.74,2.34,21.88,0.03,0.36,0.3,0.31
2024-04-23,35.93,24.65,28.91,18.82,58.55,3.95,4.87,22.03,0.11,0.35,0.29,0.31
2024-04-24,29.81,23.11,26.39,19.45,69.17,4.24,5.13,25.58,0.09,0.35,0.29,0.3
2024-04-25,31.36,22.8,27.06,14.57,49.56,2.24,2.85,24.32,0.09,0.34,0.28,0.3
2024-04-26,32.23,23.24,27.81,16.48,52.42,1.96,2.5,24.51,0.01,0.33,0.28,0.3
2024-04-27,33.83,24.44,29.05,16.77,50.22,1.35,1.76,23.71,0.28,0.33,0.28,0.29
2024-04-28,33.51,24.56,29.04,18.61,55.85,3.76,4.79,21.92,0.04,0.32,0.27,0.29
2024-04-29,35.36,25.79,30.25,18.64,51.98,3.28,4.17,22.73,0.24,0.31,0.27,0.28
2024-04-30,34.69,26.36,30.37,20.04,55.59,3.28,4.15,23.57,0.04,0.3,0.26,0.28
2024-05-01,34.49,27.43,30.35,21.15,59.27,3.63,4.54,22.93,0.1,0.3,0.26,0.28
2024-05-02,27.99,23.92,25.91,21.88,78.9,3.52,4.2,8.94,21.53,0.44,0.28,0.29
2024-05-03,29.72,23.19,26.38,20.63,72.12,3.09,3.65,25.58,0.63,0.39,0.3,0.31
2024-05-04,34.21,23.8,29.15,17.42,51.84,1.98,2.56,24.1,0.0,0.35,0.29,0.3
2024-05-05,33.92,26.53,29.99,18.01,50.39,2.14,2.7,24.65,0.0,0.33,0.28,0.3
2024-05-06,34.8,25.68,29.96,17.37,51.18,1.78,2.15,26.51,0.0,0.32,0.27,0.29
2024-05-07,36.46,28.15,31.9,13.99,35.72,1.62,2.04,24.0,0.0,0.31,0.27,0.29
2024-05-08,35.86,27.86,31.79,18.83,48.52,2.08,2.59,22.85,0.0,0.3,0.26,0.28
2024-05-09,35.02,26.13,30.16,21.12,64.31,3.93,4.79,26.57,0.12,0.3,0.26,0.28
2024-05-10,31.97,24.44,27.66,19.66,64.06,4.49,5.36,28.51,0.0,0.29,0.26,0.27
2024-05-11,35.53,23.0,28.8,19.68,63.62,1.84,2.22,26.05,0.0,0.28,0.25,0.27
2024-05-12,38.47,26.0,31.59,18.21,49.3,1.66,2.19,24.85,0.0,0.27,0.25,0.27
2024-05-13,37.4,27.13,31.96,17.52,46.62,2.57,3.34,25.25,0.0,0.26,0.25,0.26
2024-05-14,38.06,28.09,33.02,18.07,43.28,2.69,3.48,24.09,0.0,0.24,0.24,0.26
2024-05-15,37.27,29.19,32.97,18.9,45.31,2.81,3.54,24.75,0.0,0.23,0.24,0.26
2024-05-16,37.68,28.97,32.92,19.53,47.96,2.73,3.39,25.06,0.0,0.22,0.24,0.25
2024-05-17,36.81,29.05,32.55,19.13,47.58,2.67,3.3,24.08,0.0,0.22,0.23,0.25
2024-05-18,36.3,28.64,32.5,18.99,47.94,3.12,3.68,24.56,0.0,0.21,0.23,0.25
2024-05-19,34.73,26.52,30.45,21.83,64.99,4.58,5.42,25.69,0.0,0.21,0.23,0.24
2024-05-20,34.42,24.81,29.31,22.48,70.83,3.64,4.28,27.35,0.01,0.2,0.23,0.24
2024-05-21,35.06,25.08,30.04,21.2,63.82,2.67,3.18,25.91,0.01,0.2,0.23,0.24
2024-05-22,36.47,26.86,31.57,17.38,46.81,2.69,3.28,25.14,0.0,0.19,0.22,0.24
2024-05-23,37.46,27.75,32.02,18.48,49.33,3.91,4.71,26.42,0.0,0.18,0.22,0.23
2024-05-24,35.92,26.97,31.27,22.85,65.66,4.85,5.81,27.9,0.0,0.18,0.22,0.23
2024-05-25,36.71,26.74,31.5,23.92,69.55,2.76,3.29,27.46,0.01,0.18,0.22,0.23
2024-05-26,40.74,27.56,34.15,20.38,53.04,1.44,1.69,27.1,0.03,0.17,0.22,0.23
2024-05-27,40.25,29.4,33.87,22.66,58.26,2.66,3.12,26.92,0.0,0.17,0.21,0.23
2024-05-28,38.67,27.8,32.74,22.32,60.17,3.46,4.11,27.53,0.01,0.16,0.21,0.23
2024-05-29,40.65,26.82,33.28,20.91,54.59,3.03,3.65,25.87,0.0,0.16,0.21,0.22
2024-05-30,41.46,28.99,34.47,19.78,48.52,2.7,3.25,26.17,0.0,0.15,0.21,0.22
2024-05-31,41.65,30.72,35.37,18.91,43.29,1.78,2.12,26.79,0.0,0.15,0.21,0.22
2024-06-01,41.53,30.05,35.22,22.0,53.06,2.19,2.62,26.88,0.0,0.15,0.21,0.22
2024-06-02,37.95,30.83,33.91,23.61,58.88,2.91,3.43,26.38,0.01,0.15,0.21,0.22
2024-06-03,40.49,29.61,34.31,23.81,61.34,2.64,3.11,25.83,0.05,0.15,0.2,0.22
2024-06-04,38.82,29.34,33.96,22.23,53.31,2.82,3.27,25.79,0.0,0.14,0.2,0.21
2024-06-05,38.38,29.29,33.37,20.62,50.99,3.54,4.15,26.38,0.0,0.14,0.2,0.21
2024-06-06,39.55,28.68,33.81,16.62,39.75,2.24,2.62,26.2,0.0,0.13,0.2,0.21
2024-06-07,40.72,30.29,34.97,16.68,35.71,2.64,3.15,26.41,0.0,0.13,0.2,0.21
2024-06-08,41.12,30.84,36.09,20.52,42.86,2.21,2.79,24.39,0.06,0.12,0.2,0.21
2024-06-09,40.29,31.63,36.11,22.8,48.88,3.09,3.75,23.4,0.01,0.12,0.2,0.21
2024-06-10,40.4,32.19,35.88,21.31,44.79,2.8,3.37,24.47,0.07,0.12,0.2,0.2
2024-06-11,39.14,31.9,35.34,21.08,45.82,3.44,4.08,24.43,0.0,0.12,0.19,0.2
2024-06-12,38.8,30.86,34.61,20.91,48.65,3.76,4.52,23.54,0.02,0.12,0.19,0.2
2024-06-13,40.35,29.7,34.5,23.8,59.7,3.71,4.44,24.47,0.21,0.12,0.19,0.2
2024-06-14,36.3,29.27,32.75,24.64,65.11,4.19,4.93,25.89,0.14,0.13,0.19,0.2
2024-06-15,39.79,28.82,34.6,20.21,47.83,1.86,2.28,26.62,0.07,0.12,0.19,0.2
2024-06-16,42.68,30.37,36.25,20.17,45.15,2.4,3.05,26.25,0.0,0.11,0.19,0.2
2024-06-17,41.73,32.15,36.67,19.8,41.2,1.97,2.31,25.97,0.0,0.11,0.19,0.2
2024-06-18,41.8,32.88,36.51,22.38,49.44,2.52,2.93,24.4,0.0,0.1,0.19,0.19
2024-06-19,41.21,32.68,36.03,24.82,56.56,3.11,3.69,23.44,0.0,0.11,0.19,0.19
2024-06-20,43.95,32.04,37.3,23.93,53.5,2.0,2.41,23.0,0.61,0.12,0.19,0.19
2024-06-21,45.3,32.58,37.55,20.98,44.52,1.93,2.32,25.56,0.16,0.11,0.19,0.19
2024-06-22,45.31,32.71,38.59,18.66,36.03,1.36,1.72,25.56,0.14,0.11,0.18,0.19
2024-06-23,44.89,34.73,38.89,19.19,34.97,1.78,2.18,22.78,0.01,0.1,0.18,0.19
2024-06-24,43.45,34.05,38.28,19.12,37.35,1.67,1.93,24.35,0.09,0.1,0.18,0.19
2024-06-25,41.51,32.15,36.59,23.17,52.0,3.02,3.53,23.95,0.11,0.1,0.18,0.19
2024-06-26,41.2,31.34,35.61,25.23,61.46,3.3,3.84,25.68,0.0,0.1,0.18,0.19
2024-06-27,40.64,30.97,36.02,19.29,41.63,2.21,2.66,26.1,0.0,0.1,0.18,0.19
2024-06-28,41.18,31.74,36.17,22.84,48.63,2.17,2.52,23.86,0.0,0.1,0.18,0.19
2024-06-29,41.25,32.7,36.01,25.02,55.5,3.84,4.47,22.21,0.0,0.09,0.18,0.18
2024-06-30,40.54,31.54,35.76,20.54,47.48,3.22,3.76,21.4,0.0,0.09,0.18,0.18
2024-07-01,38.96,30.92,34.88,22.21,52.0,4.32,5.07,23.05,0.0,0.1,0.18,0.18
2024-07-02,41.51,31.85,36.39,19.37,42.37,3.34,3.98,24.23,0.0,0.09,0.18,0.18
2024-07-03,41.85,30.9,35.9,24.95,59.85,3.17,3.67,22.8,0.01,0.09,0.18,0.18
2024-07-04,38.22,32.11,34.85,26.48,63.93,5.15,6.01,24.05,0.01,0.09,0.17,0.18
2024-07-05,38.95,30.68,34.74,24.66,58.73,4.31,4.98,21.46,0.0,0.09,0.17,0.18
2024-07-06,41.6,30.83,35.8,22.48,51.51,3.18,3.68,22.29,0.0,0.09,0.17,0.18
2024-07-07,43.52,32.78,37.5,19.64,40.85,2.17,2.58,22.69,0.0,0.09,0.17,0.18
2024-07-08,43.01,32.96,37.75,22.25,45.18,1.57,1.84,22.38,0.0,0.08,0.17,0.18
2024-07-09,40.86,32.31,36.47,25.1,54.44,5.26,6.25,22.25,0.02,0.08,0.17,0.18
2024-07-10,39.31,32.21,35.93,24.94,55.17,3.46,4.14,22.23,0.0,0.08,0.17,0.18
2024-07-11,40.31,32.85,36.11,25.49,56.04,3.0,3.52,20.19,0.0,0.09,0.17,0.18
2024-07-12,39.76,32.4,35.95,24.35,53.93,3.01,3.53,22.25,0.0,0.09,0.17,0.17
2024-07-13,40.93,31.57,36.7,22.8,49.34,2.34,2.81,24.25,0.0,0.09,0.17,0.17
2024-07-14,42.45,32.42,36.99,24.76,54.31,2.26,2.67,24.93,0.0,0.09,0.17,0.17
2024-07-15,43.21,31.58,37.18,25.26,56.42,1.82,2.09,23.66,0.0,0.08,0.17,0.17
2024-07-16,42.38,33.87,37.88,25.14,50.72,3.44,4.09,21.21,0.0,0.08,0.17,0.17
2024-07-17,42.77,33.48,37.43,24.89,51.42,2.66,3.09,20.72,0.0,0.08,0.17,0.17
2024-07-18,41.32,34.19,37.14,25.52,54.28,2.5,2.92,20.24,0.0,0.08,0.17,0.17
2024-07-19,40.78,34.72,36.98,25.46,53.68,3.09,3.61,22.33,0.0,0.08,0.17,0.17
2024-07-20,39.2,34.25,36.23,27.31,61.05,2.51,2.95,22.93,0.01,0.09,0.17,0.17
2024-07-21,41.0,32.83,36.43,26.91,60.3,2.65,3.06,21.88,0.0,0.09,0.17,0.17
2024-07-22,40.68,33.59,36.64,26.35,57.76,2.42,2.74,21.97,0.0,0.09,0.17,0.17
2024-07-23,39.72,33.58,36.34,26.4,58.67,2.79,3.19,23.33,0.02,0.09,0.16,0.17
2024-07-24,40.36,32.85,36.33,25.04,57.12,4.18,4.85,24.61,0.0,0.09,0.16,0.17
2024-07-25,41.0,32.04,36.57,23.17,51.72,3.29,3.93,23.82,0.42,0.09,0.16,0.17
2024-07-26,41.27,32.04,36.66,24.92,56.12,3.32,3.92,22.83,0.98,0.12,0.17,0.17
2024-07-27,40.89,31.82,36.25,24.07,54.2,4.51,5.37,22.36,0.74,0.13,0.17,0.17
2024-07-28,38.96,32.77,35.51,26.99,64.63,5.47,6.4,21.25,1.72,0.15,0.17,0.17
2024-07-29,39.88,31.78,35.69,25.65,59.05,2.82,3.29,22.21,1.87,0.17,0.17,0.17
2024-07-30,40.72,32.92,36.49,26.21,57.29,4.77,5.69,20.91,0.42,0.17,0.17,0.17
2024-07-31,42.81,32.98,37.76,23.48,47.75,4.18,4.98,17.92,0.0,0.13,0.17,0.17
2024-08-01,41.06,33.9,37.21,24.09,49.57,3.13,3.65,18.46,0.0,0.11,0.17,0.17
2024-08-02,37.6,33.12,35.28,27.63,66.11,2.91,3.31,18.8,0.0,0.11,0.17,0.17
2024-08-03,39.42,33.31,35.98,25.82,57.03,2.65,3.12,18.37,0.0,0.11,0.17,0.17
2024-08-04,39.31,32.29,35.2,26.41,62.49,2.49,2.86,20.96,0.03,0.11,0.17,0.17
2024-08-05,38.75,31.76,35.41,26.12,60.49,4.11,4.81,18.73,0.09,0.11,0.17,0.17
2024-08-06,37.55,32.86,34.28,23.98,56.04,3.72,4.25,17.57,2.97,0.13,0.17,0.17
2024-08-07,37.43,32.65,35.15,24.17,53.63,2.18,2.5,19.73,0.16,0.19,0.17,0.17
2024-08-08,39.85,31.15,35.08,25.78,60.84,5.13,6.01,21.34,0.02,0.15,0.17,0.17
2024-08-09,38.66,31.1,34.45,26.01,63.06,6.24,7.33,22.29,0.61,0.15,0.17,0.17
2024-08-10,36.79,30.64,33.46,25.99,66.18,4.87,5.69,20.73,1.09,0.16,0.17,0.17
2024-08-11,39.27,29.98,34.62,24.8,59.44,3.03,3.54,20.9,0.47,0.15,0.17,0.17
2024-08-12,41.56,31.3,35.83,24.86,55.42,3.81,4.51,20.74,0.57,0.16,0.17,0.17
2024-08-13,40.14,31.97,35.75,25.59,57.7,3.01,3.55,21.61,0.33,0.16,0.17,0.17
2024-08-14,41.14,30.93,35.8,26.01,59.93,3.43,4.06,21.95,0.18,0.15,0.17,0.17
2024-08-15,40.73,32.36,36.24,25.62,56.57,2.78,3.3,22.27,0.01,0.14,0.17,0.17
2024-08-16,39.54,31.71,35.75,25.17,56.71,2.7,3.18,22.0,0.06,0.13,0.17,0.17
2024-08-17,39.16,31.42,34.12,25.85,63.51,6.43,7.6,19.99,0.16,0.13,0.17,0.17
2024-08-18,37.95,30.83,33.58,26.04,66.25,5.76,6.8,19.67,0.64,0.15,0.17,0.17
2024-08-19,36.82,31.48,33.73,26.53,67.0,3.41,3.97,18.64,0.26,0.15,0.17,0.17
2024-08-20,36.65,30.82,33.52,25.91,65.31,4.05,4.75,20.89,0.54,0.16,0.17,0.17
2024-08-21,35.93,30.12,32.22,25.22,67.57,4.54,5.3,20.93,0.11,0.16,0.17,0.17
2024-08-22,37.65,28.81,33.35,23.65,59.18,2.54,2.93,19.25,0.03,0.15,0.17,0.17
2024-08-23,39.48,30.8,34.82,24.49,57.02,2.33,2.68,21.29,0.08,0.13,0.17,0.17
2024-08-24,39.24,31.35,35.22,24.6,56.03,2.62,3.07,22.51,2.37,0.16,0.17,0.17
2024-08-25,39.78,31.92,35.26,24.78,56.85,2.39,2.77,23.39,1.29,0.18,0.17,0.17
2024-08-26,38.37,31.28,34.52,25.61,62.01,2.24,2.6,22.22,3.68,0.21,0.17,0.17
2024-08-27,39.39,32.01,34.62,26.79,66.21,1.81,2.16,22.4,7.81,0.29,0.19,0.19
2024-08-28,40.99,30.86,35.16,24.64,59.18,1.26,1.54,22.45,6.42,0.27,0.2,0.2
2024-08-29,40.71,30.48,35.02,25.4,62.87,2.32,2.79,22.43,0.18,0.2,0.19,0.2
2024-08-30,41.2,31.64,35.56,23.89,55.03,1.41,1.72,21.66,0.0,0.18,0.19,0.19
2024-08-31,39.58,31.12,34.66,22.72,53.02,5.28,6.28,20.85,0.0,0.16,0.19,0.19
2024-09-01,38.04,29.46,33.51,24.39,61.55,4.46,5.28,20.15,0.0,0.15,0.19,0.19
2024-09-02,39.49,30.04,34.38,23.78,57.01,2.67,3.17,21.33,0.0,0.14,0.18,0.19
2024-09-03,39.62,29.98,34.33,23.64,56.29,3.61,4.29,21.39,0.01,0.14,0.18,0.19
2024-09-04,39.0,29.11,33.85,23.72,58.22,3.27,3.86,22.5,0.01,0.13,0.18,0.19
2024-09-05,38.59,29.85,33.88,23.68,57.66,3.17,3.65,22.9,0.0,0.12,0.18,0.19
2024-09-06,37.36,30.16,33.61,23.11,56.59,1.94,2.2,22.7,0.01,0.12,0.18,0.19
2024-09-07,40.16,29.97,34.64,23.45,55.36,1.26,1.46,22.09,0.03,0.12,0.18,0.18
2024-09-08,40.18,30.61,34.91,24.05,56.55,2.64,3.11,21.51,0.0,0.11,0.18,0.18
2024-09-09,39.25,30.81,34.41,23.61,56.83,2.29,2.68,22.23,0.0,0.11,0.18,0.18
2024-09-10,37.7,29.74,33.32,25.64,68.16,2.48,2.9,21.4,0.0,0.11,0.18,0.18
2024-09-11,40.55,29.98,34.7,21.15,50.43,3.51,4.27,21.98,0.0,0.11,0.18,0.18
2024-09-12,40.86,28.57,34.37,22.14,54.57,3.35,4.02,22.31,0.0,0.1,0.17,0.18
2024-09-13,39.83,29.21,34.05,22.78,54.9,3.22,3.77,22.08,0.0,0.1,0.17,0.18
2024-09-14,38.37,30.37,33.78,23.05,55.64,2.55,3.01,21.76,0.01,0.1,0.17,0.18
2024-09-15,38.15,29.37,33.42,23.7,60.84,2.96,3.5,21.93,0.02,0.1,0.17,0.18
2024-09-16,37.86,29.04,33.15,19.4,49.71,2.17,2.55,21.61,0.01,0.1,0.17,0.18
2024-09-17,38.15,29.33,33.45,17.9,41.83,1.76,2.07,22.18,0.0,0.1,0.17,0.18
2024-09-18,38.2,29.36,33.49,21.93,53.3,2.47,2.88,21.84,0.0,0.09,0.17,0.18
2024-09-19,37.47,29.79,33.38,23.66,59.18,2.4,2.77,21.24,0.0,0.09,0.17,0.18
2024-09-20,37.38,29.86,33.0,24.46,63.18,2.58,2.98,21.72,0.0,0.09,0.17,0.17
2024-09-21,38.72,30.83,34.34,23.23,54.5,2.49,2.91,21.77,0.0,0.09,0.17,0.17
2024-09-22,39.26,31.7,35.0,22.11,50.65,2.09,2.49,21.73,0.0,0.09,0.17,0.17
2024-09-23,39.24,29.7,34.2,23.81,60.52,2.04,2.37,21.18,1.6,0.11,0.17,0.17
2024-09-24,37.51,29.54,33.35,24.4,61.54,2.42,2.87,20.41,2.15,0.19,0.17,0.18
2024-09-25,37.94,29.07,33.29,25.61,67.17,2.63,3.07,21.34,1.61,0.18,0.18,0.18
2024-09-26,37.67,29.75,33.31,25.25,65.24,1.83,2.11,20.75,3.49,0.22,0.18,0.18
2024-09-27,37.39,29.67,33.11,24.86,63.91,1.77,2.03,20.55,2.19,0.21,0.18,0.19
2024-09-28,37.59,30.29,33.54,24.88,62.39,1.98,2.28,20.0,0.56,0.19,0.18,0.19
2024-09-29,37.84,30.88,34.17,23.74,56.09,2.63,3.07,18.95,0.02,0.15,0.18,0.19
2024-09-30,36.58,30.32,33.19,23.57,58.62,3.45,3.99,19.11,0.0,0.14,0.18,0.18
2024-10-01,36.62,29.78,33.06,22.61,55.61,2.56,2.94,20.32,0.0,0.13,0.18,0.18
2024-10-02,38.18,30.5,33.92,22.31,52.71,2.06,2.41,20.67,0.0,0.12,0.18,0.18
2024-10-03,37.56,30.4,33.4,24.31,61.49,2.95,3.45,20.61,0.0,0.12,0.18,0.18
2024-10-04,36.18,29.94,32.59,25.88,69.56,4.72,5.63,19.57,0.0,0.11,0.18,0.18
2024-10-05,34.59,29.43,31.91,22.13,57.25,3.64,4.33,19.59,0.0,0.11,0.18,0.18
2024-10-06,36.57,28.44,32.05,21.55,56.73,2.7,3.17,20.1,0.0,0.11,0.17,0.18
2024-10-07,37.25,31.06,33.7,21.82,51.61,2.08,2.46,18.74,0.0,0.11,0.17,0.18
2024-10-08,37.24,28.54,32.74,20.43,51.25,2.55,3.04,18.99,0.01,0.11,0.17,0.18
2024-10-09,36.02,27.84,31.73,20.07,52.27,2.33,2.7,19.06,0.01,0.1,0.17,0.18
2024-10-10,35.77,28.98,32.07,21.47,55.41,2.06,2.32,18.81,0.02,0.1,0.17,0.18
2024-10-11,35.91,29.34,32.3,19.8,49.69,1.64,1.93,19.28,0.01,0.1,0.17,0.18
2024-10-12,36.75,29.17,32.38,21.21,54.95,2.17,2.58,19.28,0.01,0.1,0.17,0.18
2024-10-13,35.24,29.01,31.76,20.3,53.01,2.5,2.94,19.11,0.02,0.1,0.17,0.18
2024-10-14,37.18,28.86,32.74,19.36,47.36,3.05,3.71,19.19,0.02,0.1,0.17,0.18
2024-10-15,36.0,28.08,31.58,21.44,57.56,4.86,5.75,18.39,0.0,0.1,0.17,0.17
2024-10-16,35.49,28.0,31.37,21.86,58.93,4.07,4.75,18.53,0.01,0.1,0.17,0.17
2024-10-17,36.12,27.68,31.44,20.93,56.11,2.04,2.44,19.1,0.0,0.1,0.17,0.17
2024-10-18,36.34,27.72,31.77,20.43,52.87,1.69,2.05,18.79,0.0,0.1,0.17,0.17
2024-10-19,37.12,28.44,32.32,19.86,49.93,1.97,2.35,17.86,0.0,0.1,0.17,0.17
2024-10-20,36.01,29.24,32.17,22.37,58.38,1.46,1.69,18.11,0.0,0.1,0.17,0.17
2024-10-21,36.78,29.1,32.1,22.79,60.69,2.12,2.46,17.89,0.0,0.1,0.17,0.17
2024-10-22,35.53,27.77,31.19,23.81,67.83,2.7,3.18,17.78,0.0,0.1,0.17,0.17
2024-10-23,36.65,27.93,32.05,21.85,57.71,2.26,2.67,17.4,0.13,0.1,0.17,0.17
2024-10-24,37.13,28.71,32.4,20.83,53.32,3.3,3.93,17.78,0.21,0.1,0.17,0.17
2024-10-25,35.45,28.9,31.44,21.27,56.44,3.83,4.55,15.72,0.61,0.12,0.17,0.17
2024-10-26,34.81,29.17,31.49,22.75,60.72,2.78,3.28,16.49,0.05,0.13,0.17,0.17
2024-10-27,34.29,27.99,30.93,22.58,62.15,4.06,4.83,17.68,0.02,0.12,0.17,0.17
2024-10-28,32.88,28.14,30.31,20.34,56.18,4.8,5.73,17.37,0.0,0.12,0.17,0.17
2024-10-29,32.98,27.3,29.7,18.89,53.11,4.07,4.9,18.07,0.0,0.11,0.17,0.17
2024-10-30,32.67,27.0,29.46,16.88,47.6,2.72,3.32,18.05,0.0,0.11,0.17,0.17
2024-10-31,34.37,25.95,30.02,18.15,51.13,1.67,1.98,17.35,0.0,0.11,0.17,0.17
2024-11-01,34.69,26.28,30.18,20.16,57.46,1.92,2.32,16.75,0.0,0.1,0.17,0.17
2024-11-02,34.13,26.83,30.02,20.49,58.85,1.74,2.07,17.49,0.0,0.1,0.17,0.17
2024-11-03,34.86,26.25,29.82,19.68,58.6,1.67,1.95,17.54,0.0,0.1,0.16,0.17
2024-11-04,34.16,25.54,29.27,21.18,65.19,2.1,2.45,17.25,0.0,0.1,0.16,0.17
2024-11-05,34.44,26.37,29.83,20.12,59.15,1.92,2.25,17.08,0.0,0.1,0.16,0.17
2024-11-06,34.96,27.38,30.51,19.99,56.19,1.58,1.88,16.62,0.0,0.1,0.16,0.17
2024-11-07,33.95,27.2,29.84,20.59,60.65,1.9,2.23,17.09,0.0,0.1,0.16,0.17
2024-11-08,33.29,26.84,29.12,19.1,57.21,2.18,2.58,17.04,0.0,0.1,0.16,0.17
2024-11-09,32.93,25.34,28.62,18.25,56.19,2.11,2.51,16.68,0.0,0.1,0.16,0.17
2024-11-10,33.61,26.72,29.6,17.68,50.3,1.98,2.35,16.45,0.0,0.1,0.16,0.17
2024-11-11,33.5,27.41,29.81,19.6,55.96,2.52,2.99,16.07,0.0,0.1,0.16,0.17
2024-11-12,32.9,27.25,29.46,19.34,56.59,2.32,2.78,16.15,0.0,0.1,0.16,0.17
2024-11-13,32.73,26.48,28.82,19.52,60.02,2.67,3.2,16.07,0.0,0.1,0.16,0.17
2024-11-14,32.16,25.2,28.45,21.4,67.52,3.07,3.69,15.26,0.0,0.1,0.16,0.17
2024-11-15,31.37,26.2,28.29,19.36,59.34,3.57,4.3,15.52,0.0,0.1,0.16,0.17
2024-11-16,29.6,24.67,26.9,16.94,55.49,3.69,4.52,16.13,0.0,0.1,0.16,0.16
2024-11-17,30.63,25.1,27.43,16.67,52.59,1.97,2.41,15.69,0.0,0.1,0.16,0.16
2024-11-18,31.68,22.99,27.46,15.79,50.88,1.77,2.15,15.62,0.0,0.1,0.16,0.16
2024-11-19,31.14,23.16,27.13,16.72,55.26,1.92,2.34,15.12,0.0,0.1,0.16,0.16
2024-11-20,30.98,25.18,27.55,16.22,51.9,1.64,1.93,15.06,0.0,0.1,0.16,0.16
2024-11-21,31.24,23.52,27.05,17.12,57.61,1.84,2.2,14.56,0.0,0.1,0.16,0.16
2024-11-22,31.73,25.35,27.72,19.87,64.65,1.74,2.09,14.31,0.0,0.1,0.16,0.16
2024-11-23,32.62,23.44,27.69,19.14,63.71,1.76,2.16,13.67,0.02,0.1,0.16,0.16
2024-11-24,30.55,24.64,27.1,20.62,69.58,2.29,2.75,14.5,0.01,0.1,0.16,0.16
2024-11-25,31.65,22.87,27.12,18.93,64.18,1.9,2.31,14.17,0.01,0.1,0.16,0.16
2024-11-26,31.08,24.36,27.41,18.44,60.77,2.34,2.79,14.17,0.0,0.1,0.16,0.16
2024-11-27,31.68,24.12,27.45,17.78,57.7,2.1,2.53,14.44,0.0,0.1,0.16,0.16
2024-11-28,30.59,24.09,27.16,20.58,68.23,4.01,4.73,13.27,0.25,0.1,0.16,0.16
2024-11-29,27.87,23.33,25.72,16.55,57.52,6.84,8.16,15.1,0.03,0.11,0.16,0.16
2024-11-30,26.76,22.1,24.28,14.35,54.69,6.51,7.81,14.96,0.0,0.11,0.16,0.16
2024-12-01,26.36,21.6,23.66,12.41,50.19,4.21,5.1,14.23,0.0,0.1,0.16,0.16
2024-12-02,26.84,21.47,24.17,13.48,51.75,1.37,1.72,12.89,0.0,0.1,0.16,0.16
2024-12-03,27.34,22.0,24.57,12.63,48.15,1.82,2.15,14.85,0.0,0.1,0.16,0.16
2024-12-04,27.13,21.39,23.65,10.65,44.62,2.12,2.51,15.44,0.0,0.1,0.16,0.16
2024-12-05,27.83,22.13,24.24,10.21,42.18,1.94,2.3,14.69,0.0,0.1,0.16,0.16
2024-12-06,28.18,22.62,24.76,14.44,53.99,2.31,2.81,14.26,0.0,0.1,0.16,0.16
2024-12-07,29.75,23.67,26.25,17.58,60.46,2.12,2.76,13.95,0.0,0.1,0.16,0.16
2024-12-08,28.89,21.33,24.56,10.12,43.27,3.05,3.81,14.51,0.0,0.1,0.16,0.16
2024-12-09,28.28,21.03,24.2,9.96,42.39,1.69,2.12,14.17,0.0,0.1,0.16,0.16
2024-12-10,27.61,22.94,24.71,14.93,55.0,1.04,1.21,13.59,0.0,0.09,0.16,0.16
2024-12-11,27.25,21.5,23.81,11.46,48.72,3.97,4.83,13.46,0.0,0.1,0.16,0.16
2024-12-12,27.06,20.02,23.13,9.56,43.53,2.87,3.56,13.58,0.0,0.09,0.16,0.16
2024-12-13,27.34,19.58,23.27,13.06,54.41,1.61,1.99,13.63,0.0,0.09,0.16,0.16
2024-12-14,26.54,20.09,23.06,14.73,60.7,2.98,3.6,13.34,0.02,0.1,0.16,0.16
2024-12-15,25.54,20.2,22.44,14.41,60.93,4.11,5.04,12.28,0.01,0.1,0.16,0.16
2024-12-16,25.31,20.06,22.77,12.02,51.33,1.51,1.85,11.23,0.0,0.1,0.16,0.16
2024-12-17,24.2,18.74,21.2,11.87,56.12,1.99,2.45,11.48,0.0,0.1,0.16,0.16
2024-12-18,24.63,20.0,21.97,12.37,55.18,2.76,3.43,8.71,0.0,0.1,0.16,0.16
2024-12-19,24.8,20.56,22.11,11.82,52.94,1.87,2.29,12.18,0.0,0.1,0.16,0.16
2024-12-20,26.08,19.56,22.47,9.91,47.74,1.48,1.78,14.31,0.0,0.1,0.16,0.16
2024-12-21,24.83,18.05,21.24,14.2,65.42,3.44,4.15,13.0,0.0,0.1,0.16,0.16
2024-12-22,24.65,18.89,21.42,13.37,60.93,3.87,4.72,11.27,0.0,0.1,0.16,0.16
2024-12-23,25.11,20.01,22.02,11.89,53.8,1.57,1.93,13.31,0.0,0.1,0.16,0.16
2024-12-24,26.33,20.03,23.24,13.07,53.88,1.4,1.63,13.39,0.03,0.1,0.16,0.16
2024-12-25,25.84,20.97,22.84,14.47,60.31,2.12,2.56,12.8,0.03,0.1,0.16,0.16
2024-12-26,26.29,19.58,22.57,14.02,60.34,1.62,1.97,12.83,0.21,0.11,0.16,0.16
2024-12-27,27.17,19.11,22.67,11.25,51.45,2.07,2.63,14.33,0.0,0.11,0.16,0.16
2024-12-28,26.94,18.66,22.55,9.77,45.8,2.33,2.93,13.93,0.0,0.1,0.16,0.16
2024-12-29,26.25,20.92,23.14,14.04,57.45,2.39,2.88,12.7,0.0,0.1,0.16,0.16
2024-12-30,27.58,19.89,23.48,15.71,63.73,1.45,1.7,10.74,0.0,0.1,0.16,0.16
2024-12-31,26.52,20.43,22.93,13.38,56.98,2.2,2.7,10.99,0.0,0.1,0.16,0.16
